file_name,genre,tau_hat,cyclic_bin_0,cyclic_bin_1,cyclic_bin_2,cyclic_bin_3,cyclic_bin_4,cyclic_bin_5,cyclic_bin_6,cyclic_bin_7,cyclic_bin_8,cyclic_bin_9,cyclic_bin_10,cyclic_bin_11,cyclic_bin_12,cyclic_bin_13,cyclic_bin_14,R_2_4,R_3_4,R_4_4,plp_confidence,plp_peak_ratio
Media-105901.wav,Waltz,168.2281494140625,0.14918658193525397,0.2208680456343718,0.1418366781604618,0.14275874744248418,0.1449957217528476,0.18109997362229685,0.32348838672727137,0.6253173507907062,0.4098118212117641,0.22565817012624115,0.15393665738198428,0.15829618512650603,0.1897569146142938,0.13332907328787105,0.13255051088672812,1.0521929426955003,0.8784966065946115,0.8687747768853505,0.22312866151332855,4.481719017028809
Albums-Step_By_Step-04.wav,Waltz,174.957275390625,0.25785449066356425,0.25756542264730936,0.26853358052203136,0.2669163028417164,0.24898190838375434,0.24029931108893393,0.24312936006768887,0.26922358454015677,0.3722096065154733,0.2629886484839644,0.23349493705149105,0.24342730770182794,0.2252483139245876,0.2191303023817206,0.22858891437124998,0.9579870252655249,0.8859511463034689,0.8105381604996149,0.19618010520935059,5.097356796264648
Media-104202.wav,Waltz,174.957275390625,0.26322666559266394,0.25771583248847374,0.2799066252328085,0.2665053596939042,0.27109054006806554,0.29368340706031354,0.29508269337165377,0.2918494867909167,0.34588977222244477,0.25868414970748554,0.21344822920974552,0.21796022284741295,0.20657318515715276,0.17445867211784605,0.17377906953618039,0.9466963711403957,0.8635605066550182,0.7991901202308651,0.13445812463760376,7.437259674072266
Media-104203.wav,Waltz,174.957275390625,0.26124491142100115,0.23717154930172105,0.24758280506610383,0.19962908225946108,0.21933681071242356,0.20391197335510128,0.22757944466527077,0.2747774690659188,0.4819782819299038,0.26133561309156106,0.21177699970293493,0.20429309814623733,0.19035266561613018,0.2630339203982208,0.25448463803572224,0.9881789793189083,0.902621285776976,0.8605186883979385,0.22636842727661133,4.417577266693115
Media-105902.wav,Waltz,87.4786376953125,0.2564086454811181,0.2593174386889479,0.24517909047978984,0.2474051423678375,0.25471863589277727,0.25787157430261065,0.25197329746887326,0.2923903457309774,0.2987264661541054,0.27247491176862215,0.27482618232981215,0.23117253186989245,0.2528157974184671,0.22990553449575402,0.23685936986305978,0.8571045039557421,0.6764238887894277,0.4759564007999688,0.14777453243732452,6.76706600189209
Media-104201.wav,Waltz,174.957275390625,0.23883803256591077,0.22919635891403156,0.2630469401100078,0.1719628418949194,0.22538633680330838,0.21120419197133133,0.23259448209722944,0.29053852315477935,0.4797296543295083,0.2680670827473535,0.2070450614971399,0.21265218342405343,0.19676476575994856,0.24774054741814852,0.259924240737749,1.034318590387299,0.8945008998292945,0.9180157319218569,0.19220837950706482,5.202686786651611
Media-104604.wav,Waltz,174.957275390625,0.25415230388547905,0.26307912762757973,0.2855706648807379,0.2518562199043241,0.26531076623916383,0.2580444328470018,0.25362260431913375,0.2753191785412532,0.37133575310214495,0.2776033335330682,0.23231354382375488,0.20824946077762038,0.1988820454741198,0.21582876265040665,0.21373959790734473,0.9604136417107526,0.8351040643452646,0.8018465441888243,0.19119541347026825,5.230250835418701
Albums-Step_By_Step-02.wav,Waltz,174.957275390625,0.22040619128281386,0.20606507629723753,0.19057465161375928,0.1888036802245415,0.21872372065754986,0.23473949354714765,0.24285600597732165,0.3258550099984574,0.47646843128219285,0.30163213246458037,0.2512970645604747,0.21920221161849796,0.20820944520048748,0.20630119666313285,0.23189276462892144,0.919746288775013,0.8326009020477608,0.7462424442132113,0.16262657940387726,6.149056434631348
Media-104402.wav,Waltz,174.957275390625,0.21329538623988223,0.2224816705481476,0.22443906356419563,0.20219934995093555,0.20823746193679807,0.2376732866804693,0.2685440102777837,0.35591148061171796,0.46155154012539,0.2854384060884414,0.2260659893479735,0.22451417605523363,0.20218897007367287,0.20156086912858293,0.19386772971968566,0.9990769512152753,0.8842587792294216,0.8500440266524155,0.1462366133928299,6.83823299407959
Media-104204.wav,Waltz,87.4786376953125,0.20126194928956412,0.2050385819202443,0.29159444590829586,0.18449776662837974,0.18127984899024044,0.17037391344866745,0.19970117156006412,0.2979219807119602,0.514199617873145,0.3398772549088193,0.2310638001822434,0.20044030669079294,0.1953114654165625,0.24548708234359798,0.18963985478373638,0.8494873555936973,0.6934525351162248,0.4759672245370114,0.2015358805656433,4.96189546585083
Media-104205.wav,Waltz,174.957275390625,0.2084201478615897,0.20971898388501203,0.2266721202640192,0.18772418975371719,0.2031462169224938,0.18598985356807896,0.20779675637718342,0.3046733202486562,0.5731684111017554,0.2987078693778222,0.19937487926697392,0.21256885622809787,0.17808984518768742,0.21295191041836242,0.18532038253712005,0.9692403034274824,0.8688814910965782,0.8391731981040205,0.23425543308258057,4.2688446044921875
Albums-Step_By_Step-03.wav,Waltz,174.957275390625,0.14901354901841296,0.1817192050675003,0.26130448473188495,0.14945028453790737,0.17303271117245175,0.1772943938636898,0.20730301381636168,0.3521762089515252,0.5909954936657897,0.34385534325400247,0.22581706237256832,0.1712226186293229,0.14227746751000198,0.18941653500185324,0.1477742386530642,1.0681480151167666,0.8767797991742396,0.9040575617461356,0.22832846641540527,4.379655361175537
Media-104403.wav,Waltz,87.4786376953125,0.24224638874892196,0.2688812402129146,0.26398492614559993,0.22488319189657904,0.23397902289668687,0.2740943832269108,0.2752297225338233,0.3001720341184776,0.350952645051156,0.2966892275228315,0.23557363070058404,0.21705967023400832,0.23386050783649515,0.21038807358049802,0.20068517362868543,0.8428351209865885,0.6793723259692357,0.48713424636590275,0.17919136583805084,5.580626010894775
Media-104601.wav,Waltz,174.957275390625,0.27642083377223475,0.2543892385553148,0.2376136630204413,0.2559279507566487,0.25590774116974113,0.24238331619783213,0.2266978731960066,0.2808699467221659,0.353901524971306,0.29642506374768446,0.23415262751487623,0.2088959617857808,0.23819135455586488,0.22742991484925928,0.24972264878380016,0.9496799182674759,0.8700992839060914,0.8062764541114995,0.20567867159843445,4.861952781677246
Media-104603.wav,Waltz,174.957275390625,0.26367890341874695,0.2690378940942315,0.24400197215612324,0.2257579529956861,0.22633419428148369,0.22939660542913912,0.2755919801317729,0.32612062650965223,0.4247859218917912,0.2568860011504242,0.2061390162937516,0.2097698718070748,0.1839427863545944,0.20395249679176441,0.23037165464608414,0.9674870722821888,0.8996852904986675,0.8381249229533903,0.13256041705608368,7.54373025894165
Media-104401.wav,Waltz,174.957275390625,0.19657170375795363,0.24376315324607384,0.3378625514500722,0.1890991767472605,0.20561369323587175,0.20469923584714028,0.23388012700504687,0.3269293995174292,0.47039714884955103,0.31168819968552797,0.2178905395248253,0.1608117176041607,0.16659468218719323,0.2303756751074451,0.18352527615204708,1.416081090341172,0.907653073351117,1.1842998804666238,0.20503811538219452,4.877141952514648
Albums-Step_By_Step-01.wav,Waltz,174.957275390625,0.27061992161396076,0.2576342332588532,0.2859345804146625,0.24143207418508686,0.2574808467916562,0.25340801216559156,0.21771600491971632,0.2712217217674764,0.40330291240366223,0.24417454922381582,0.1790289320304545,0.20330236827534715,0.21068621186026174,0.2345669473849504,0.27166145685354814,0.9434242698450136,0.9477876560153056,0.7925236631654251,0.22454914450645447,4.453368186950684
Albums-Commitments-11.wav,Waltz,174.957275390625,0.2595977340380956,0.2338423892992348,0.34751713626201497,0.2432170934130406,0.20515617519666715,0.21103526637376083,0.2119861073924773,0.26327251637388205,0.3848074470107566,0.3316908233747196,0.22428085093722502,0.1876997475977338,0.21947997221026666,0.24393193768560528,0.21406927404292045,1.6934966397927076,0.8710116771943952,1.3810345652580667,0.18581265211105347,5.381764888763428
Media-104602.wav,Waltz,168.2281494140625,0.23525196281433913,0.2671085400828228,0.25126392366566636,0.22728353319937492,0.20921334665561653,0.2228134968555836,0.2739899289810993,0.3426272304165485,0.38520807140322283,0.29220714242375695,0.23133136210563954,0.2140256262648184,0.22180476062904994,0.21147989320255306,0.21360164275002147,1.0142472454688303,0.8913762870176282,0.8540467706463716,0.16992376744747162,5.8849921226501465
Media-100601.wav,Waltz,174.957275390625,0.22277944673021824,0.23396389897107023,0.24887072924151263,0.2205699065939563,0.22828130683765585,0.24595626497465997,0.2540543220827597,0.2982067347278395,0.44615755677683006,0.2825616434659208,0.23250653781849515,0.23025375082944718,0.20293005256229152,0.2151159105951938,0.2133907332483328,0.9665519468756042,0.8925605310179453,0.8465303975001974,0.1348254531621933,7.416996955871582
Media-104301.wav,Waltz,168.2281494140625,0.2625025262748749,0.3021777085013938,0.24524733469826027,0.24646621825655265,0.24478761222658793,0.24726065244297518,0.26948371654705555,0.35849311081517865,0.2850519079121272,0.23822083647126768,0.2075652027818518,0.22288033033348337,0.2519792903099875,0.2134387746958103,0.23849366753892687,0.9858057948764684,0.8792483326185072,0.8278680051114646,0.20602282881736755,4.853830814361572
Media-105802.wav,Waltz,174.957275390625,0.18761879234929857,0.17028293602256073,0.21677722843956226,0.161219588934168,0.192820241830023,0.1500200787263526,0.19841354065959896,0.29628580211623423,0.6610669060296999,0.2941796549882537,0.15511529591033,0.15088087209189785,0.12937754898271328,0.20454356133448698,0.2168556515018241,1.0118659156389498,0.8964834389654297,0.8777510198598247,0.20245540142059326,4.939359664916992
Media-104705.wav,Waltz,154.7698974609375,0.2331293267082449,0.24016621463091795,0.2633292047534929,0.2664695269972436,0.2791808215746869,0.3040041257492361,0.356659374574532,0.292875971377674,0.2570758431636097,0.2564843082844441,0.2357613107261607,0.22323298285086024,0.20499132987240548,0.21000672360549816,0.20215618889753018,0.9333381930241077,0.8300466305811993,0.7653964437822148,0.1869068294763565,5.350259304046631
Media-104704.wav,Waltz,161.4990234375,0.2560084758050021,0.23232205484779467,0.2458087889488569,0.24607905122700613,0.25985385858306953,0.2924614159938256,0.3839718749741304,0.31048383179390865,0.2592790835626258,0.22474984956391267,0.20796888210230058,0.2036133932444428,0.23336290314363872,0.24020228855665085,0.2191208635727251,0.9458967309878368,0.846492180334815,0.7962240625298384,0.13701221346855164,7.298619270324707
Media-105803.wav,Waltz,174.957275390625,0.23535112235152958,0.22921921269522819,0.24288922174279126,0.24568420951339925,0.23911331257464227,0.21953841449677583,0.231714021908235,0.28791436321408687,0.4434009136399348,0.30538798887363,0.23729217307521214,0.21422789377178833,0.19868699092386893,0.21106903831576038,0.23379503325902565,0.9546751788186133,0.8860061804659272,0.812766311129831,0.1611882746219635,6.203925132751465
Media-104302.wav,Waltz,174.957275390625,0.2497042086941025,0.25673668029566515,0.2719019768683349,0.24291374145062455,0.24669696056541873,0.2362210934596821,0.25308653470432585,0.29010291374129415,0.35297125873147206,0.28424301318182404,0.23543150717177078,0.22100821366259485,0.2423650329377793,0.2500180218718066,0.2074096883540902,1.0230580688065298,0.9013865063443063,0.8616141627931762,0.1417555809020996,7.054396152496338
Media-100602.wav,Waltz,174.957275390625,0.2822564494486451,0.2834115518285693,0.29890170927225523,0.2503201169185595,0.2597250319014043,0.2139264065245663,0.24574399485483472,0.24304510648421948,0.3564336351522915,0.24321550344525453,0.2056684718509027,0.2249108083080305,0.20921001299874897,0.24775937113800717,0.26662242400074154,0.9695657754362551,0.8949035821975446,0.8433522894227555,0.19917987287044525,5.02058744430542
Media-105801.wav,Waltz,174.957275390625,0.2783143281963391,0.25988128037313774,0.26999039705762257,0.26137470452103023,0.25447789323635434,0.24263319835921904,0.244466200766865,0.24300877389949482,0.3026998874999138,0.2617362882192645,0.24205805238518732,0.23214174077875396,0.22572775607466528,0.25708332552935337,0.28580517566446934,0.9574032888677151,0.8874728477649639,0.8145661889627522,0.1881120502948761,5.315980434417725
Media-104504.wav,Waltz,174.957275390625,0.21851371146920937,0.2332974810537852,0.25800662142992575,0.24905730441149362,0.25013035826267854,0.2381819336636266,0.22035041578460068,0.2649774676713311,0.4322634373338491,0.3081878408972212,0.2304199594800581,0.23910758026209836,0.221513533667178,0.2301236173340678,0.19246181398500378,1.0171199958699833,0.8939189730263588,0.8435739583803342,0.2197711169719696,4.5501885414123535
Media-104303.wav,Waltz,174.957275390625,0.2219676283793289,0.26804789076161717,0.36998993234310196,0.21568694762316243,0.19514204360741855,0.19310487020521705,0.20340350541069757,0.28356230894041234,0.4456405231824962,0.2735754587014975,0.19181814969352448,0.1747308380404107,0.2055573202819832,0.25467822295626336,0.22458390116946927,1.3347977483593052,0.9204611546835751,1.1124946624900065,0.17807535827159882,5.615600109100342
Media-100603.wav,Waltz,87.4786376953125,0.2404485339947652,0.24158732886042947,0.26941167518388076,0.24161137481769165,0.23869150020094518,0.22882603133766916,0.23723654756571447,0.2877572670263239,0.3948053210268849,0.32688381253176924,0.25835083840495965,0.2211338538804151,0.19762610417867396,0.21227512463623668,0.20482806867887943,0.884993858424511,0.7187883966342389,0.5130300787933415,0.16055423021316528,6.228425025939941
Albums-Chrisanne2-01.wav,Waltz,174.957275390625,0.21097892394275336,0.22276857330814126,0.22832845442591232,0.22216013461511844,0.253098540802955,0.23571289635981515,0.25677171364951223,0.313593238617847,0.3866292967941154,0.34408602770352065,0.2614326425672704,0.2116804285560438,0.239099011949826,0.20333643376746321,0.20232175843170028,0.9467960258135215,0.860867995538144,0.7820718983425516,0.13355429470539093,7.48759126663208
Albums-Ballroom_Magic-18.wav,Waltz,181.6864013671875,0.22820111834582193,0.2078513535465206,0.24482864690914266,0.24965014424388282,0.24766221721352794,0.24448500446284108,0.197790386237885,0.2591596479586738,0.35029363763736104,0.47977005246984566,0.2613561825890915,0.2002041390431229,0.20085011895440272,0.1609055316609477,0.16600151986944872,0.9170803106134534,0.7825932770007408,0.8134144820825155,0.13392353057861328,7.466947555541992
Media-105804.wav,Waltz,174.957275390625,0.19688725494715065,0.21298918303272535,0.21959758858382725,0.23341495736856518,0.23582453400491957,0.2553443501283959,0.2653936188240516,0.3175988710537849,0.5008660756239628,0.26911651974626566,0.20713464522375186,0.22360870498080432,0.20306906845034425,0.19642838460239817,0.15821286857168285,0.9297139269314614,0.8377042758855213,0.8127460105360353,0.24775786697864532,4.036198616027832
Media-104501.wav,Waltz,87.4786376953125,0.2309497142414157,0.27474774198292695,0.24114185246348988,0.23379325741657478,0.22848897038256755,0.2355322310265135,0.30278249734642015,0.36967243346962225,0.3834530097846698,0.2755040357782892,0.22451137282143124,0.20555922933833562,0.2120132079169601,0.17270520238698917,0.17881362459405303,0.8213725348448752,0.6457342067718831,0.45364593251689656,0.2344861924648285,4.26464319229126
Media-104703.wav,Waltz,80.74951171875,0.2316026465132481,0.2500432697855167,0.2722691740051855,0.24096946110888845,0.24959041292304798,0.2753978354434575,0.3200065716374643,0.33169274403068255,0.3057919800809321,0.2363984810991498,0.20821074884510563,0.2197328073095491,0.22307173185669485,0.23416219702587232,0.2354953018184014,0.7858362564973044,0.6158488002740317,0.4066006569124604,0.11346949636936188,8.812941551208496
Media-104702.wav,Waltz,174.957275390625,0.23871238365647263,0.2388442542171191,0.23704474387582197,0.22137202664578856,0.21170927918721918,0.22901457597670388,0.2106283596288077,0.2675024125621359,0.4435520193609445,0.3457181122801221,0.235646777527289,0.25427653232032454,0.21790143353159233,0.2076074935985307,0.2013862507891595,0.9752576055797948,0.900640915092141,0.8390176850534264,0.20163385570049286,4.959484577178955
Media-105805.wav,Waltz,174.957275390625,0.1812311213099524,0.16900974301831426,0.15408343761638238,0.15699353829076773,0.19859525773134595,0.17980216007502103,0.18839940141685263,0.29234086971050316,0.7034328475640217,0.2897264717965722,0.1733247237563788,0.1643080164910964,0.12820862197132837,0.13178448648105354,0.16695362720676651,0.926956727986073,0.8610658497350772,0.7918268523642236,0.14522631466388702,6.885804653167725
Albums-Chrisanne2-02.wav,Waltz,168.2281494140625,0.18703954792959787,0.2325864834472945,0.23385133517879433,0.23163161452167133,0.2095877020526388,0.24714407222807563,0.2731574055258446,0.38622167365891735,0.45505975095632634,0.2675972076750614,0.2145574871020282,0.20187877146410899,0.1877580975177512,0.20601178816940366,0.17498337220103227,0.9886117042699183,0.873546147558041,0.8533382579655703,0.18293657898902893,5.466375350952148
Media-100604.wav,Waltz,174.957275390625,0.2812290017817507,0.2440030543019243,0.22376218409480814,0.1925115089733014,0.18179207578568277,0.17827480847991345,0.18967134790542745,0.3021250994882383,0.5609703103064895,0.25866308986583525,0.1611358191981842,0.18131265906202199,0.1921927270256494,0.20830805763627236,0.24777791053521167,0.9540862013048511,0.8929880647774695,0.8314844944652692,0.16453933715820312,6.077574253082275
Media-104502.wav,Waltz,87.4786376953125,0.2774585169530897,0.28816381942081987,0.300645445495905,0.2840988172323959,0.27183056163906727,0.24753087607431132,0.25314307678175535,0.2768732886558625,0.3065540497731942,0.24516157540384767,0.22228803577289247,0.2277004384916501,0.22240483441434933,0.21723924633703598,0.20243293706332974,0.8764186811083351,0.7188237801204638,0.5147423057996732,0.17567144334316254,5.692444801330566
Media-104701.wav,Waltz,168.2281494140625,0.21625358091103325,0.20983610035500455,0.19632650061261372,0.21209698130238866,0.2094887148578276,0.20958683783300824,0.27955393408748813,0.5154838952283638,0.363529893379587,0.21809001679266687,0.19111740163266758,0.1919696681461341,0.20826886450666704,0.2227546293503465,0.21885329456348485,0.9969168089782958,0.8848080977557028,0.804872823176655,0.2622317373752594,3.8134210109710693
Albums-Fire-13.wav,Waltz,174.957275390625,0.3207920542453614,0.24149531423423773,0.3757920427350324,0.23658665017893826,0.21978388093160747,0.219045775540691,0.17118543409899906,0.21698086814327705,0.35889706626215956,0.32491933658025635,0.2080534906558596,0.1834013272467771,0.22831410925028292,0.2386682780687448,0.22026473144440878,1.258142253787101,0.9123727220117752,1.0102321530726008,0.17216834425926208,5.8082685470581055
Media-104503.wav,Waltz,174.957275390625,0.23398816942714176,0.25748156906653996,0.31924600205623505,0.1831120392651103,0.1755772052774557,0.18854783502625233,0.23079507292105564,0.32301732494798213,0.49509609885254496,0.31169093239705087,0.2003316872353229,0.1726978204363676,0.17049439434903477,0.21329684669573667,0.18090870778592383,1.0176068972888757,0.9034110092541165,0.8780094878713661,0.19666382670402527,5.084819316864014
Albums-Chrisanne2-03.wav,Waltz,168.2281494140625,0.2709960014187089,0.2679291680067984,0.2472456315609664,0.234952171520348,0.2652835326540208,0.23949626991637224,0.2600675315113561,0.32087907836477325,0.2674887658979384,0.2569923842640356,0.2374435080527671,0.24824386118073238,0.2615200085043306,0.24425900391235453,0.23760249917931967,0.9223029553710613,0.8473067079139555,0.7874440702128727,0.12416286766529083,8.053937911987305
Media-105214.wav,Waltz,168.2281494140625,0.24673703030559527,0.2447807693188378,0.2417158522864073,0.24662531085281864,0.2410493173467236,0.24483528463317247,0.2786131613873377,0.35277083168500123,0.337848706004428,0.2404887295768881,0.20520458146341392,0.24453725696958747,0.2545135402946994,0.21866328486431535,0.23098967601173562,0.94560820397942,0.8467750074753813,0.7650506643322263,0.16915671527385712,5.911677837371826
Albums-Ballroom_Magic-03.wav,Waltz,181.6864013671875,0.22158669740359102,0.20828416566032293,0.2207877627153537,0.2248937316124784,0.2244162584320076,0.22817719809496964,0.2363861674581191,0.3014105712726563,0.36410218939966676,0.46255227934503584,0.25895951435061354,0.202946407729379,0.22032233371626964,0.17016546051031592,0.16360888467690607,0.8840752986635017,0.6332434788001449,0.6763655420794202,0.18013007938861847,5.551543712615967
Media-105002.wav,Waltz,174.957275390625,0.2638537953319279,0.24500271412897429,0.26149263402288087,0.2698998359077781,0.27645234278765346,0.2617877534490476,0.2750862412587067,0.3044838424367923,0.3140712900839084,0.2405353685738617,0.23769426669782717,0.22178341393148507,0.21905470334612764,0.2322507723324739,0.22733033090715893,0.9483290491884763,0.879144195267588,0.8088356062931594,0.18108564615249634,5.5222487449646
Media-103301.wav,Waltz,168.2281494140625,0.18741931819877428,0.1839537061312152,0.1684758450958757,0.1988811907112419,0.18315437226180858,0.2000683965756408,0.32437938591379417,0.5061539263640052,0.3592898740459099,0.2487310420001309,0.18499996565017787,0.1958828117005508,0.21848906971422613,0.25134785943503746,0.231615837361549,0.9506554500785492,0.8689846753013338,0.7953574656973769,0.20085632801055908,4.978682994842529
Media-104903.wav,Waltz,53.8330078125,0.30990247314143665,0.3119897301785393,0.2768122144969828,0.2600622670587589,0.24462064375460618,0.2441872742770996,0.24629594172658376,0.2731026710910411,0.2536191664230545,0.23870128757778572,0.234126560098797,0.2381047541951276,0.23639768438331651,0.23218779912046264,0.25504291952336383,0.7251785208474076,0.3810907319185258,0.16033521449824453,0.22209128737449646,4.502653121948242
Media-104902.wav,Waltz,168.2281494140625,0.25652991958763194,0.25478632491765624,0.23736618268574677,0.2282035854261516,0.23274064554447987,0.21209249716148218,0.24370155816148165,0.3072362202580424,0.34507726848767833,0.2760044456199282,0.23835702971020087,0.2398232707263733,0.26198048125832246,0.2712906708050117,0.23685927748033245,0.9606794566292759,0.894476993220647,0.8184500439074771,0.1857030689716339,5.3849406242370605
Media-105003.wav,Waltz,174.957275390625,0.2637605656436976,0.2722319954900956,0.2655389939529144,0.2590959104302895,0.2706216198859879,0.26097569983775243,0.2694054249964679,0.29076260450283836,0.3078083133319734,0.24381850571966968,0.2253589420041636,0.24605923972028884,0.24707507131717188,0.2194474531564586,0.2132683873371702,0.9536233268426999,0.8933723045180242,0.8320439407365167,0.16303202509880066,6.133764266967773
Albums-Ballroom_Magic-02.wav,Waltz,174.957275390625,0.26755404296080454,0.26998219418424374,0.27100820286736527,0.2820301174644928,0.25362120551000805,0.22666450410027272,0.2176375630003707,0.2788883778833901,0.38036847262597795,0.27111949617149733,0.23622615190667512,0.2131904275999331,0.21573183119705405,0.22299657239363435,0.21444361161360295,0.9665240659405919,0.9135686446703818,0.8472997695210908,0.17389516532421112,5.750591278076172
Media-105215.wav,Waltz,107.666015625,0.2283004586359754,0.23220218836222511,0.24401399781419944,0.24936997050897236,0.25794376763941185,0.24620589804171453,0.2717101018505885,0.3272903274894323,0.23342262315041837,0.21097555190784847,0.17700606844594635,0.2177872222977938,0.2757425144206297,0.3674122235543811,0.2745000151818489,0.8886052149745054,0.7725388258580841,0.5764827077825214,0.18845045566558838,5.306434631347656
Media-103302.wav,Waltz,168.2281494140625,0.17945109668656223,0.1705415449135525,0.1567366303449905,0.15322419333418796,0.1533527029866467,0.20074020208827953,0.30413762760287943,0.6385142153241985,0.36521098909480854,0.2001923078343451,0.1763240505612513,0.18398391486103077,0.18075623900622956,0.16096678145187374,0.17226630437411594,0.9747971361902881,0.881820252274881,0.8019265008969169,0.26368141174316406,3.7924554347991943
Media-105001.wav,Waltz,168.2281494140625,0.20359068319285792,0.25454425811651954,0.19066366372485563,0.1925044694618234,0.2007036658150347,0.23770765010625808,0.33221598334829155,0.47637406825220047,0.36899911832707927,0.24784359274185,0.19310078516761536,0.2059939166272259,0.23318537478858656,0.17296240378846742,0.15703896081754323,0.9834867024493141,0.8904639160747021,0.8279409930283713,0.1514660120010376,6.602141380310059
Albums-Ballroom_Classics4-05.wav,Waltz,174.957275390625,0.2763108377007031,0.2594502626574169,0.2625459387630097,0.26806629117018177,0.2743290174208804,0.2620994724357779,0.26365936448084665,0.28566551104116683,0.3399150718439363,0.22239593943465766,0.22120584972466986,0.2323454578103217,0.22621318398605472,0.21737660373161405,0.2326601506622468,0.9486329429333548,0.8912756371954843,0.8208488629415776,0.18985629081726074,5.267141819000244
Media-104901.wav,Waltz,161.4990234375,0.24599703332498174,0.2219980756604322,0.19915758452684218,0.21328993032034502,0.20920431933485112,0.24684259656817398,0.388126966206268,0.4096272380089233,0.282651057667372,0.24564612838363517,0.2293382312977818,0.2113756633317941,0.2294829002011389,0.23076929526825815,0.19617604371108355,0.9720354326683835,0.8747736807685865,0.797124957525373,0.2196737825870514,4.552204608917236
Albums-Ballroom_Classics4-04.wav,Waltz,174.957275390625,0.20882740000878264,0.2151761686227247,0.2244844870481658,0.23436080454928623,0.24763381097923937,0.24363651440784542,0.26429810019195726,0.3047416758434464,0.5024901765641239,0.29168660253363204,0.22336039645838754,0.1973306533613339,0.1891552630050599,0.16480114525028366,0.17895249501713822,0.969708985378655,0.8591590896627287,0.8231624759315272,0.22819636762142181,4.382190704345703
Media-103303.wav,Waltz,168.2281494140625,0.18840224778072442,0.2131279281689661,0.20038848322774255,0.16974392584274062,0.17454549459707655,0.2000251348297109,0.2640518911990144,0.42825999586143154,0.5670500842644306,0.25014118377971944,0.17411008085421145,0.17816977255815752,0.15177868222551175,0.16292817829770545,0.17535326483683436,0.9787750267111445,0.8717884493200542,0.7978953522336477,0.23438408970832825,4.266501426696777
Albums-Ballroom_Magic-01.wav,Waltz,168.2281494140625,0.2753344166244889,0.2741556171201941,0.25481035744182035,0.25885945703038904,0.25102854468452995,0.22995360406565532,0.2735558253664118,0.31879855690471387,0.29162456476290655,0.23894522672491694,0.214600244834578,0.22966204993349904,0.23026367780444795,0.2598921428701297,0.25145755600499436,0.9534089915660655,0.8973728175817002,0.8188885528133099,0.14256490767002106,7.014348983764648
Media-105212.wav,Waltz,94.207763671875,0.28463491011319814,0.28373392458657076,0.2688400401191092,0.24450106436394298,0.25081378521563624,0.25005821414575674,0.23842765549453562,0.24039202114153332,0.27964002340993954,0.2909964337259072,0.28805015468500306,0.2444788956834813,0.21063475724870717,0.231645241016293,0.25040516460093415,0.8804508810448484,0.7269606652199356,0.5550557519109273,0.18596148490905762,5.377457618713379
Albums-Ballroom_Magic-05.wav,Waltz,168.2281494140625,0.2574604179943711,0.24263768319303444,0.24055068557135587,0.25282578396117966,0.24988126718741752,0.2550966592765161,0.26214957268906175,0.3099137366476081,0.25414936474544425,0.24187178572925785,0.2658947780782242,0.2668802622325154,0.2641316274348208,0.24374369241313065,0.25802370180622186,0.9763845711726565,0.903230631479024,0.8266140381090462,0.1716514229774475,5.8257598876953125
Media-105004.wav,Waltz,161.4990234375,0.2713662452971713,0.2581546687147923,0.2453449562661114,0.25206750463912403,0.24417481201450286,0.2683876701124689,0.33013392034627276,0.3754908052321993,0.2632466092262638,0.24447408957288674,0.2064949658235927,0.22971981983181758,0.2115656784204477,0.19120814758802626,0.22034292986342732,0.9801241298786048,0.8581498837890604,0.7925408324719149,0.1088884249329567,9.18371295928955
Media-104905.wav,Waltz,80.74951171875,0.24900017380140002,0.26296422561094607,0.2576218185055794,0.24571076837277883,0.25098886305350687,0.2573083337052646,0.28646106569082364,0.3100400315917874,0.2869403812941967,0.26130137895535416,0.2521872899606343,0.2602339551160373,0.21708360179429023,0.2334785701533657,0.22615775147210576,0.8450552925830314,0.6419218432870964,0.4448657735934291,0.20048265159130096,4.98796272277832
Media-104904.wav,Waltz,168.2281494140625,0.13654270425463902,0.12832692077885957,0.12667490492919192,0.14939903248693032,0.13797715888392761,0.15345999132648472,0.24731826146896518,0.5704898223902924,0.5779425608462961,0.22943287726556966,0.15062363018608763,0.14213301364505926,0.13767745057445857,0.15714658419655536,0.15528236855911676,0.9302594998470273,0.8532578917903901,0.7514144746671907,0.18685805797576904,5.351655960083008
Albums-Ballroom_Classics4-01.wav,Waltz,60.5621337890625,0.3307157844846803,0.30125900178200155,0.2939407324990363,0.26944332371103386,0.2655230014314034,0.2462270405683718,0.23731269813059983,0.24333863748201862,0.2883803849999787,0.2122025081518382,0.2056259069731869,0.20023912496157642,0.2164708799544461,0.2639993074110468,0.2590016369780125,0.7525431588083072,0.46608940561893447,0.23653585528129692,0.18473975360393524,5.413020133972168
Media-105005.wav,Waltz,168.2281494140625,0.22507988737386062,0.21826433772622517,0.20031724858724506,0.1858583258794735,0.20433507612072382,0.21261239996811024,0.25931236646348776,0.42026872595390646,0.4700370799187693,0.2405395151714944,0.18055999298001818,0.21367898175839212,0.20994062177823483,0.1925386639943441,0.2408379319252575,0.9871508237688966,0.850814062175696,0.7881667471814952,0.22747327387332916,4.396121025085449
Albums-Ballroom_Magic-04.wav,Waltz,174.957275390625,0.2664097142524249,0.25902209988258706,0.24206831366039294,0.21531137129858272,0.22744686622875063,0.21411430149447855,0.248280607801016,0.2794769167655727,0.33480364275460395,0.31996012287533754,0.26996188241314684,0.24166464433597104,0.22804173138204728,0.2530411365410297,0.24055709678781248,0.9687985887608391,0.9001325871607258,0.8388479767225271,0.16285832226276398,6.14030647277832
Media-105213.wav,Waltz,181.6864013671875,0.2840731255098357,0.2683748186737291,0.2448583882496487,0.2762496269478206,0.2422450611595014,0.2522454162146416,0.2428740032355689,0.24232996627600126,0.2703084625613965,0.32512826535809125,0.26260951301422475,0.22394517751034407,0.23724037265166759,0.2361614385554994,0.2470636426513277,0.9864922814121684,0.9199003544030747,0.8545229358913653,0.16810081899166107,5.948811054229736
Media-105211.wav,Waltz,53.8330078125,0.277417881488418,0.27774822871394866,0.2597476779057856,0.2545450455497889,0.24588087481051887,0.2581924503805738,0.26367577877124687,0.24965923095528483,0.2351877479210862,0.2529054027339639,0.25048632615817296,0.2659831846608713,0.2897997594760215,0.25325405541429474,0.2318866519390587,0.7002544372949572,0.3851240784169678,0.16161700340176405,0.11043570935726166,9.055042266845703
Media-105007.wav,Waltz,87.4786376953125,0.25875840522820526,0.25877306280385776,0.268494667652033,0.2524064299332259,0.24949048378014801,0.2447597471691027,0.2589021711757614,0.30976023573934397,0.3074046011724044,0.24426624857978244,0.24256307719281553,0.23007680855130852,0.22671793596908235,0.24891477895821468,0.25661695404667983,0.8581026212265999,0.6812923682848311,0.4965672440123728,0.15272250771522522,6.547823429107666
Albums-Ballroom_Classics4-03.wav,Waltz,174.957275390625,0.24464240295988024,0.24163914359815397,0.2595315930169043,0.27037243151495044,0.22933005863470413,0.24906680501713005,0.24335130783610426,0.2892734172781473,0.3701291235126192,0.2708932655498794,0.24408048199099153,0.24560525477534567,0.2378174067580654,0.22521220543254972,0.21499672705920833,0.9625094699587813,0.9003126214846396,0.8246418095019076,0.1804603487253189,5.541383743286133
Albums-Ballroom_Classics4-02.wav,Waltz,174.957275390625,0.2286960837939334,0.22947934993680683,0.24488931754800372,0.2304002408596874,0.2324809604840548,0.222213918103362,0.2363163809385591,0.29106669371391564,0.48001799035500403,0.3034949501607069,0.21582086173178736,0.22681060081988752,0.1720308643166998,0.21271798392599264,0.20639500501019634,0.9523412601957262,0.8777725699770806,0.8229305755382945,0.20782119035720825,4.811829090118408
Media-105006.wav,Waltz,168.2281494140625,0.21089574198917865,0.22979619493037384,0.21486530595229333,0.2336971540467989,0.24934004174548835,0.2795909350070167,0.35422155046388004,0.44772067940749394,0.3490034125818622,0.2412564941551965,0.2127779580636229,0.18801180635989523,0.14917752944562623,0.15378570028045854,0.1706810496815555,0.9316254666762575,0.8459497364618088,0.7737449595119394,0.11694243550300598,8.551216125488281
Media-105210.wav,Waltz,174.957275390625,0.24793185464592213,0.24381567192828818,0.2451188255157551,0.20967604155395286,0.22820228379763027,0.24937522628870828,0.22821276303803628,0.2721167271258154,0.3961390306832385,0.4113609854123671,0.21789166786264802,0.21973274997215808,0.19926488145308976,0.20034045268639578,0.18137675179147597,0.9479517896613021,0.8778894154122346,0.815364216681057,0.12313774973154068,8.120986938476562
Media-105101.wav,Waltz,87.4786376953125,0.2690221469500146,0.2665737535982384,0.26188103964936327,0.2523368475363364,0.25191272920845165,0.27401424393525453,0.2597885517457354,0.2772851473313042,0.27116263755504716,0.24373004572913648,0.24257110628752246,0.22715716819592222,0.2550966372244467,0.2613157571497702,0.25427176426401493,0.886576436882537,0.7086334230339757,0.5073957678318962,0.15608564019203186,6.406739234924316
Media-105303.wav,Waltz,174.957275390625,0.29752665685656987,0.26354170413518446,0.2731886811433338,0.22461401270327042,0.22247012178028688,0.19512096624277298,0.18412204857079378,0.26567860890635936,0.4329032546312761,0.27762003543302666,0.24060666949984758,0.22143577716663143,0.23158729751116486,0.22985307091947554,0.21684177305118207,0.975925451653682,0.8822405319419828,0.8206736244856305,0.22926875948905945,4.361693382263184
Media-105302.wav,Waltz,121.124267578125,0.2854771389515763,0.27725177262751327,0.2862303765436303,0.2436550592448782,0.2742500619280013,0.28719583371725455,0.27111202947126745,0.2749548861512487,0.261703763495307,0.23069921278833003,0.25798802595777554,0.2260809443675576,0.21679827647496505,0.21902571313260882,0.24328382353993702,0.9105574396828778,0.8063812217673157,0.6780497235169908,0.19790059328079224,5.053041934967041
Media-105316.wav,Waltz,168.2281494140625,0.21081246005025292,0.21511224707207854,0.18032668597353096,0.16832102835119747,0.19662533808428811,0.21146122646486215,0.3297276041848821,0.49958322835752655,0.45112198881049037,0.20303389986271447,0.1580672414067466,0.18036908459986517,0.17760601538504384,0.1910363701169244,0.1909534302384109,0.9264644744635978,0.8322803509079674,0.7356032444063447,0.19428902864456177,5.146971225738525
Albums-Chrisanne1-01.wav,Waltz,168.2281494140625,0.2575859364577805,0.26810522145169224,0.2593169439946859,0.2619245499735157,0.2703122721961091,0.2512079765309559,0.274219789562396,0.3409862123386315,0.3016518148577911,0.24193238065306763,0.20799259557182617,0.21887975840388074,0.24828059009798906,0.21017491747574604,0.2275213314399229,1.0137008496723268,0.8783864884964463,0.8631868261520572,0.1678166389465332,5.9588847160339355
Media-105504.wav,Waltz,168.2281494140625,0.23148507169884158,0.20423194368031122,0.20110804142463906,0.20934904117209427,0.19514877682086548,0.21065326616824853,0.25424877233259524,0.429592154391247,0.3583914726563428,0.28728631260178444,0.2253637913553822,0.24093637560591946,0.22760511386234333,0.23213992106413506,0.25154071036988174,0.9531727471612232,0.8901163766397494,0.798709795760901,0.14348642528057098,6.969300270080566
Albums-Secret_Garden-01.wav,Waltz,154.7698974609375,0.2448910879763186,0.2496060615495358,0.26161382978892495,0.2579931858101815,0.2589520740846985,0.29336670071760856,0.3657842722088924,0.29547121472700655,0.24921507563022408,0.24698530974648805,0.243789057344003,0.22540912218369455,0.2247679361734467,0.21602126566892155,0.19484155759673857,0.9378762770312378,0.8268593380194115,0.7766214290366084,0.15275980532169342,6.546224594116211
Media-104801.wav,Waltz,174.957275390625,0.20525009331977154,0.1799736454902982,0.18510954328624968,0.17485449324881586,0.1920939071981774,0.19401482886439317,0.23377631115792266,0.31095616780715307,0.56560102917668,0.35784129821018734,0.21607421614332836,0.1939720819228562,0.16628288970221647,0.18745878071061292,0.19923949434590893,0.9611228361463552,0.881769258163624,0.8181929331937311,0.1065615862607956,9.384244918823242
Media-104803.wav,Waltz,174.957275390625,0.16119217922225781,0.16074239723207787,0.1558732880027782,0.15886577969610047,0.19073527097474677,0.15485227140687016,0.191649717735656,0.3664501724624895,0.6913945743386029,0.24895238996490987,0.14004895369334572,0.14824527703930082,0.1324347156443145,0.1641057017476115,0.20299230457278608,0.9406952187236202,0.8705198916489211,0.7999034173520597,0.19557514786720276,5.113123893737793
Albums-Chrisanne1-03.wav,Waltz,168.2281494140625,0.21552280922817776,0.19950326506158517,0.1938605007345536,0.22201516890567055,0.2579224548485703,0.25235227773126734,0.30456784289863914,0.35342531806488914,0.30715342948313323,0.2629001703893528,0.25084300535355414,0.24459633441228026,0.25924089626793567,0.24692652919077165,0.254187300433548,0.893379315703268,0.882762691745053,0.7598203084679562,0.1922658234834671,5.201132297515869
Media-105704.wav,Waltz,168.2281494140625,0.15757966518080227,0.2212548054137668,0.15740532486950606,0.17224021325150277,0.1757071470408126,0.20281313062531045,0.29086862664084046,0.515686309729595,0.413280415856137,0.24942596626480265,0.21380286719223512,0.1815378510243276,0.2581838195070431,0.1857493487346317,0.1907494692019305,1.1120237474172094,0.836466183385229,0.9818610871735911,0.25141289830207825,3.977520704269409
Media-105102.wav,Waltz,53.8330078125,0.31494398999318074,0.3081418282371435,0.28434773094779436,0.27876646104079006,0.2727860649297234,0.24872991326696497,0.24542046530980233,0.2817156624277687,0.24750639451049872,0.2327849059863517,0.22516659253480592,0.2487937613935993,0.23996639734732245,0.2066249609332222,0.20759695209845602,0.7056547476073158,0.38331671908559706,0.1622362604905817,0.1577010601758957,6.341111660003662
Media-105301.wav,Waltz,174.957275390625,0.16698889690254973,0.1759797612163891,0.17644003907812575,0.16722457242637623,0.18927636912840207,0.19769011366292374,0.2478342726871317,0.44877457803784776,0.5642461742330479,0.3086378894565727,0.19382211232150937,0.16097715989590491,0.14957690457050152,0.14433040857555093,0.15494207621004155,0.8740576454120945,0.7559131567414805,0.6627845440788325,0.24081026017665863,4.152647018432617
Media-105103.wav,Waltz,168.2281494140625,0.22562916740324843,0.2329859730752141,0.22489325139441022,0.24388564962107523,0.254488515798255,0.29037247500213775,0.32153796025752024,0.4337831318804217,0.307648850469056,0.2185656231010726,0.19116662408426024,0.21667104970748804,0.2020397690828695,0.20331266566291484,0.1898707697330494,0.9356462038935115,0.8504279468115341,0.7916622555090894,0.17591558396816254,5.684544563293457
Albums-Chrisanne1-02.wav,Waltz,168.2281494140625,0.21933245901439624,0.22060673808728534,0.24050311887987677,0.2700565314579748,0.28406502259959754,0.2701032313551918,0.2864423782046045,0.3237082048522094,0.34811511908738113,0.3219030200466002,0.23212856185661018,0.19158963452243463,0.1846499758544943,0.19480653507153198,0.21101559458463498,0.8682508341585161,0.7685538935430192,0.7178693643778983,0.14407283067703247,6.940933704376221
Media-104802.wav,Waltz,174.957275390625,0.21595201160345648,0.22211856280751072,0.22139654567412995,0.18915431113498785,0.19649028593745113,0.20097608270564604,0.21502685982861827,0.3333593603138871,0.5486241948738804,0.2761713316457052,0.22366559235032313,0.18799170643106336,0.1897819063994107,0.21364101036731553,0.19642177379203118,0.9771505404295734,0.8840445875423919,0.8324388999066735,0.19547249376773834,5.115809440612793
Albums-Secret_Garden-02.wav,Waltz,87.4786376953125,0.2618116979445676,0.25348524143173623,0.24988351134170847,0.23539833942750826,0.24767278935097325,0.23244264513662125,0.2516472123566089,0.2913543952917146,0.29553522895237455,0.27713720850141094,0.26873863355799,0.22575572234942862,0.25720907117027403,0.25598098999954877,0.2583517872647563,0.8602977365115638,0.704060216589744,0.5156254391054885,0.12408766895532608,8.058818817138672
Albums-Secret_Garden-06.wav,Waltz,94.207763671875,0.2542916843613667,0.24825224357052558,0.23341727993899186,0.2466975160350902,0.2591583876392267,0.29275258365139234,0.2638937784025817,0.26514742656201834,0.2771532117240495,0.2864353425742692,0.26213878102427646,0.24381531361555855,0.26049032550309176,0.25300365582261003,0.21602135813206852,0.8913982008588243,0.7322381229353532,0.5604592473958866,0.11261960119009018,8.879448890686035
Media-105503.wav,Waltz,174.957275390625,0.3063157531384982,0.30694554224562254,0.3591147192828198,0.2643828210409709,0.2651485619514253,0.2307432771035645,0.2286346732975711,0.25229645051337857,0.3107614902111151,0.242106473142611,0.21804267117734624,0.2012787325145775,0.17323003900760914,0.2204112184802761,0.22756574610315458,1.1394521244525178,0.8539232834120436,0.944620319572271,0.14868979156017303,6.725411415100098
Media-105701.wav,Waltz,87.4786376953125,0.3046017611208247,0.2543073740127459,0.22058195474612233,0.2102811012656299,0.2398331441169492,0.2056602340416501,0.22796890783031187,0.2630061252890309,0.4427418606273041,0.26639240654874474,0.23179636091420014,0.21265671484193818,0.20625638593582016,0.2429171218383108,0.2474363494623205,0.8619210630071953,0.7526977230071684,0.48544167126630194,0.17261390388011932,5.793276309967041
Albums-Chrisanne3-03.wav,Waltz,174.957275390625,0.21985216707842292,0.2358495183748899,0.2280558275910217,0.24198604301276147,0.2361603453947218,0.2297605711527713,0.23691910450348488,0.30781258464116457,0.44487256638459277,0.3538029843607867,0.2116487976061565,0.20347912952001587,0.2102738952100356,0.19634056345821657,0.1843382653113163,0.9413192641088386,0.8356032118664108,0.7303865587971957,0.2648399770259857,3.775865077972412
Media-105304.wav,Waltz,168.2281494140625,0.2431798023018464,0.31016668249153845,0.24495799946275407,0.25775641062175153,0.2589701519841323,0.25395435519319826,0.2898670916047356,0.3612567372006053,0.3137467102590085,0.24681666728133195,0.2215755548891855,0.21052515157126248,0.23050272961358678,0.18900813730220165,0.17464848484370477,1.1351853010060067,0.8621093442819068,0.9633036028345905,0.19422884285449982,5.148565769195557
Media-105106.wav,Waltz,168.2281494140625,0.21866004496682184,0.20214498393051947,0.19711712341360818,0.22710040623802305,0.24144236928206508,0.21714209757211184,0.27626258638209805,0.4057752713297217,0.4462864682676354,0.22023830009695217,0.17565590253197608,0.19915159492285683,0.1918823958517372,0.2262015616552951,0.26133668876486793,0.9491892659834207,0.8808484080587741,0.7822333549211785,0.12870247662067413,7.769858360290527
Albums-Chrisanne3-02.wav,Waltz,174.957275390625,0.16190606730867935,0.16478895971508165,0.17984478549253527,0.1926452951943273,0.20936031111012876,0.2245667415271781,0.3104311342490231,0.4169785550633795,0.4930199072334746,0.3178104365757693,0.23164754063166396,0.17729900730298015,0.15689727413134347,0.1698514943838701,0.17332107016333786,0.845521867380363,0.6590467948655446,0.5730576711363701,0.22245904803276062,4.495209217071533
Media-105502.wav,Waltz,174.957275390625,0.20361565774180274,0.20495013925732616,0.2503172708261847,0.23077353847065155,0.2535558950810517,0.24854655885427854,0.2822088173288897,0.3262065034416947,0.5162000373509257,0.26622933320892483,0.16095083468431848,0.16673581028009649,0.17638378618470701,0.17849448457274045,0.18569975714876785,0.9151120278196836,0.8229841495649538,0.7825348013644524,0.2563314139842987,3.9011995792388916
Media-104805.wav,Waltz,174.957275390625,0.23850571939071574,0.2115549049595887,0.20826098546903585,0.21683490091780458,0.2428101953533845,0.22126650028615738,0.23529003712745256,0.3106061656540616,0.46920243386697913,0.3082871468542195,0.2251232044590072,0.19106348081143232,0.19745522407431634,0.2120829079886409,0.24873873789110088,0.9504406759730663,0.9090694606250364,0.8175493182128148,0.21742898225784302,4.599203109741211
Albums-Secret_Garden-05.wav,Waltz,148.040771484375,0.2635861668002838,0.27445338493351945,0.2804820681119736,0.28492059154014027,0.33059337635893793,0.37340210865621604,0.28525174128037534,0.22703273844185434,0.2180780085908747,0.22243624468707304,0.1930091413598859,0.18322684210990237,0.18902653480195156,0.23650377185700525,0.23278451972497682,0.8178345264825861,0.6539734374824917,0.5929679602865223,0.19688986241817474,5.078981876373291
Media-105702.wav,Waltz,174.957275390625,0.2617727831091667,0.2807699415796238,0.27090674624286665,0.285688966604148,0.30189277443066515,0.2616201999995021,0.26379131737063144,0.24735477213300586,0.2956073237821571,0.2582491964911299,0.24854231591313433,0.21088966528843422,0.19316971941179262,0.24345653078870164,0.22443325609830703,0.967183558624826,0.8934547534181813,0.8348324549878281,0.15687350928783417,6.374562740325928
Media-105104.wav,Waltz,174.957275390625,0.274098684135864,0.23934815903951479,0.23579966038812217,0.21540639796657338,0.22820407347741084,0.22504572822838562,0.24042610969695324,0.272085386739676,0.42224343914600976,0.26681212480549743,0.2550838637698357,0.24856971031717365,0.24098059759311324,0.21411414761028572,0.22533019379851826,0.9360628023743547,0.8390341528795945,0.780750807907003,0.18598130345344543,5.376884460449219
Media-105105.wav,Waltz,168.2281494140625,0.22337144277410165,0.25708414046876243,0.16320279113854078,0.23186139860950103,0.17948974462287873,0.20188973275897135,0.2511076758916607,0.3828752077535325,0.27812455812145737,0.22658540235540997,0.20019310527716885,0.24365108992475115,0.2857578799345615,0.3402876851841701,0.30887366317645626,1.0175865346265534,0.9233580264812561,0.8481402965613593,0.158773735165596,6.2982707023620605
Albums-Chrisanne3-01.wav,Waltz,168.2281494140625,0.27883962787478783,0.31040490466499443,0.2409605977289114,0.23279565855831463,0.22382541840837708,0.24276186042073722,0.2948504838205887,0.36425291662945086,0.3006388848495037,0.21953407609900724,0.2010791109195837,0.20152189530583392,0.23920064367721272,0.23198810567653214,0.23309876233719068,1.1691082861358113,0.9229051286069451,1.0056615786613163,0.14499954879283905,6.896573066711426
Media-105703.wav,Waltz,174.957275390625,0.20271123734756533,0.2037174160084041,0.2448377975394854,0.17351521015863736,0.20846705807926957,0.17076082208532833,0.200148063638274,0.2892297635508704,0.5922397568643499,0.2869400874599899,0.18864755466014832,0.18438325203392458,0.16985364963018867,0.227089827223419,0.21894231753811866,1.1359854643989866,0.9143164672736885,0.9719263436155663,0.18292979896068573,5.466578006744385
Media-105501.wav,Waltz,174.957275390625,0.18964380095507222,0.19863028792719958,0.22002361002125617,0.20240105854024668,0.20605921414136052,0.19821258483019732,0.22412696711050586,0.35493825401813384,0.5047567815328456,0.3421499015787117,0.2372301175789303,0.1848886651571076,0.19709203407390005,0.19565763947852147,0.1944399067001181,1.0942344879924228,0.8604148703754804,0.854352070388279,0.1618983894586563,6.176713466644287
Media-104804.wav,Waltz,174.957275390625,0.2343432836130688,0.24606071590574272,0.2862827661675367,0.22071065352834343,0.24016439697710068,0.24165918169073408,0.2376029549449727,0.2879075896386512,0.42077860194207506,0.295637557271237,0.24185136205948313,0.1988692026203468,0.1988481249524913,0.22359497745443532,0.21542925461631415,0.9740965794463452,0.9000302909814141,0.8426484588356988,0.14254796504974365,7.0151824951171875
Media-104809.wav,VienneseWaltz,181.6864013671875,0.27861820428437223,0.2789291201153219,0.25752791201652675,0.24775651925759729,0.21986559111497472,0.2293010018637839,0.20386083959897902,0.23256122032607593,0.32536142493694936,0.4302253996826721,0.2295857622818393,0.1956437904634948,0.20696767547572908,0.22049664119790904,0.21658319262404732,0.9605506098398248,0.9220867137535166,0.8336120770035633,0.16324429214000702,6.125788688659668
Albums-Step_By_Step-10.wav,VienneseWaltz,181.6864013671875,0.2200428173077754,0.1919581448913931,0.21020415788478528,0.20136070100430759,0.1809122960220066,0.1764583543223497,0.18730911434986433,0.18367699407106933,0.35663314474272917,0.6028767824455521,0.27131484440157744,0.16812124753424215,0.17238685569101017,0.17799803621035937,0.20829765916256587,0.9415394603910252,0.88404995052406,0.7921222196421167,0.20118144154548645,4.970637321472168
Albums-Step_By_Step-11.wav,VienneseWaltz,181.6864013671875,0.23780271992405874,0.1970494418547787,0.18022472452875166,0.19419817350773919,0.17574192669290054,0.1827662645953612,0.17106824598850415,0.19250001538303774,0.34845483522154697,0.5928437495737463,0.27336355472888263,0.17907549275231846,0.2131682862430854,0.1907933021746724,0.2056580117217545,0.9564027090764581,0.9101338410910588,0.8254136029377778,0.17340660095214844,5.766793251037598
Albums-Chrisanne1-08.wav,VienneseWaltz,181.6864013671875,0.28976799276397375,0.25295954356034006,0.21967897669730865,0.19755268069128193,0.23166563223427059,0.256350387789731,0.20304328740072494,0.22071863294764493,0.2905162892739775,0.3810977809940294,0.25076628488696306,0.20672144199223336,0.23749478740192687,0.25433405325846664,0.31478561808880995,0.9638296843871499,0.9572646551263716,0.8485071894408093,0.19674740731716156,5.0826592445373535
Media-104607.wav,VienneseWaltz,181.6864013671875,0.26386693635240716,0.21795522396868475,0.19819756736038946,0.1838040919669108,0.18241830040851967,0.2068758204524159,0.18850876860438495,0.1881452428634531,0.3083626535870087,0.569079010053534,0.2686160456384516,0.18974762560674427,0.19676134158777528,0.2056404331857811,0.2338698572623056,0.9823054178115052,0.9698186055471871,0.8471313846758678,0.24553944170475006,4.072665214538574
Media-104407.wav,VienneseWaltz,181.6864013671875,0.2450628981494796,0.2346668116120653,0.2194646109172555,0.21649723446680091,0.2106676336497632,0.23464675194256363,0.21677845567642315,0.23241248301099876,0.3204292384829316,0.48671782247881057,0.2527117664718012,0.2012358896751382,0.21731687467590666,0.22216535220944,0.22108631977314747,0.9318505355097638,0.8849254544875821,0.8063164084847937,0.2356138974428177,4.244231700897217
Media-105309.wav,VienneseWaltz,174.957275390625,0.22329708174158217,0.20667197709560134,0.21103929838275584,0.21729070728025973,0.21016461713228635,0.2280190982065638,0.21443523673758458,0.2558099270588613,0.45483486720932714,0.3783358307708886,0.27285110831434356,0.24024481331633646,0.18578964413519589,0.19211903350568957,0.233417298947086,0.941042424944857,0.8776787359558385,0.8040060615208927,0.23739947378635406,4.21230936050415
Media-105308.wav,VienneseWaltz,174.957275390625,0.325555945176126,0.23965706999876832,0.1957502998888399,0.17549432402603218,0.199485223867333,0.20384255694171424,0.1891372551054755,0.22826751226528466,0.44722282651333994,0.3762800491568978,0.21640558785991265,0.21319833467762916,0.22069509886995672,0.20012996525003057,0.2749510987994104,0.9384012475580332,0.9325084732824288,0.8165030232262244,0.18665160238742828,5.357575416564941
Media-104406.wav,VienneseWaltz,181.6864013671875,0.2227684840177402,0.2192798384593804,0.19945514882138937,0.18164658012713536,0.16337780175639094,0.16567759122867665,0.16242669627923143,0.17921039417332882,0.24698379490056463,0.6191127825254971,0.4085576155476549,0.18921089785231118,0.14623833753757726,0.14531832251655252,0.16537159182156094,0.8959721516587149,0.8264047502436297,0.7295505801313216,0.1783681958913803,5.606380462646484
Media-105907.wav,VienneseWaltz,174.957275390625,0.300669318356556,0.20476687195592544,0.1576449200825827,0.14167038010775562,0.16105701441590456,0.1826182710508712,0.1815088223223851,0.24591682864365852,0.5118050042317419,0.4348527204205444,0.20579381556275284,0.15614827224153005,0.21512405518798014,0.18645948995956038,0.2668644017797959,0.9270922833224016,0.9476752822186442,0.7627778642521286,0.22904041409492493,4.366041660308838
Media-105708.wav,VienneseWaltz,174.957275390625,0.3522962895989294,0.27568233705546524,0.2342652663444738,0.20382220528259642,0.21735156217431983,0.20098337041624867,0.18145004824575536,0.21399823194983345,0.40932221453353124,0.3250699712047365,0.2131375798400042,0.187548792798367,0.19457811091282537,0.22298314083689133,0.3093671370483169,0.948561112075623,0.9382848133653934,0.8084345213450489,0.23623916506767273,4.232998371124268
Media-104210.wav,VienneseWaltz,181.6864013671875,0.23585238584774046,0.22553509045554757,0.20243483350720703,0.20717380452973383,0.20823962590718906,0.2242934627348265,0.20901240773318328,0.22710991617320028,0.34942577582067896,0.533535409826977,0.2774764158450735,0.19465302528343587,0.19172068809759674,0.17155732638993612,0.1812187123244487,0.9451319515581603,0.884388913282392,0.8190369468546678,0.15009714663028717,6.662351608276367
Media-105318.wav,VienneseWaltz,174.957275390625,0.21815820711135603,0.19318141251523596,0.1977485482950701,0.21431869457645064,0.19622378305100185,0.2041757222753824,0.18208474915590106,0.23954898176503325,0.5221851656299875,0.44918338309380096,0.2192395548796945,0.19300605077351887,0.17712679428666414,0.18548323920493645,0.18380034820040614,0.9426054270423608,0.8785005942340424,0.8026272651688224,0.2326551377773285,4.2982072830200195
Media-104211.wav,VienneseWaltz,174.957275390625,0.26824409828490686,0.2239503223025102,0.20076655402101454,0.1923047129539334,0.22220419163284427,0.22691704993346845,0.21016877978250376,0.241860242049336,0.47920263985135025,0.3864935386305677,0.19482250292799957,0.1812271354209125,0.22391652463964903,0.2020670790011112,0.23725193340115547,0.9260049636442884,0.9072907443976069,0.7982046801984032,0.22502636909484863,4.443923473358154
Media-105709.wav,VienneseWaltz,174.957275390625,0.28172011013492537,0.24919745500003396,0.23134263891192594,0.22201174010322947,0.2243296080569726,0.2156696360448739,0.22110130287733215,0.24476770131671322,0.4324147860721581,0.3346328468537093,0.22277156546799126,0.2064094327400805,0.225528450938846,0.22842165863338734,0.23634371138648097,0.9313383715442263,0.906327779221589,0.8106174540837271,0.17876796424388885,5.593843460083008
Media-105509.wav,VienneseWaltz,174.957275390625,0.35967880311112466,0.24819826791926686,0.20163342254435876,0.15691455220784753,0.16492468478605002,0.1507825761477045,0.1449804050525152,0.1955414384692747,0.4581818455470429,0.3750327798381351,0.17748061496043036,0.18166427836082572,0.24342656574466195,0.23456608497376993,0.32434556616712845,0.9408788695793068,0.9918626411326988,0.7939737951818057,0.1671435385942459,5.982881546020508
Albums-Chrisanne3-09.wav,VienneseWaltz,121.124267578125,0.3906871186166994,0.26959631336469586,0.19945464017666245,0.1821978074645442,0.20058674034447618,0.19827161128445628,0.18581363269941886,0.2031017218803169,0.2985032553158438,0.32881823510868374,0.21373823680246692,0.18800582872706145,0.27124718534066056,0.26548064338282257,0.3522338181039487,1.0741812421753771,0.7936106206457711,0.7289443651569113,0.21526464819908142,4.645444393157959
Media-104212.wav,VienneseWaltz,181.6864013671875,0.3092282068552456,0.2239153420080057,0.15578204057805323,0.12416920843154436,0.12466361496235184,0.18223072491938586,0.11613352026205916,0.11800503027447977,0.341804750413369,0.6806852224390738,0.1825028269843427,0.11551204398995728,0.1842780000426812,0.17426427017012955,0.21737748902987564,0.9274983824746872,1.022958062051509,0.8111150956979246,0.28121888637542725,3.5559489727020264
Albums-Chrisanne3-08.wav,VienneseWaltz,181.6864013671875,0.2768000252807391,0.253157136311818,0.21294050078694693,0.20915649928476304,0.2081653765951969,0.2046501634552816,0.19731790963839038,0.23034438051611186,0.40379681584113675,0.42784111816381515,0.22623404310293016,0.21174603994868818,0.22426113881341064,0.22289032964752614,0.2256201049458913,0.9343083486508126,0.8825798782663846,0.7785819280067712,0.19638384878635406,5.092068672180176
Albums-Chrisanne2-07.wav,VienneseWaltz,174.957275390625,0.2142056929861119,0.17956438925283594,0.17836784463560124,0.16429900719003154,0.16273263059405188,0.18561326733974104,0.19284603101203665,0.307181043421266,0.6038451480899256,0.26369919675554876,0.19277689309191515,0.19807637053229166,0.2039718281271468,0.2225447421339221,0.2624599836513764,0.9212298536271941,0.884315121728034,0.7928059775516585,0.22701041400432587,4.405084133148193
Media-103308.wav,VienneseWaltz,174.957275390625,0.29134596518312356,0.23237697686676514,0.19465157683359655,0.16088006745930625,0.16384015612907157,0.1653476659017498,0.17061191683187035,0.27436961338190513,0.5093160955179308,0.30151739520320664,0.19361457615002067,0.1965995877478254,0.1951200906405798,0.2472555494627022,0.3363264710909764,0.9239977256593188,0.9202404800610946,0.7631332474438354,0.22919517755508423,4.363093376159668
Media-104507.wav,VienneseWaltz,181.6864013671875,0.28653971549702284,0.28144445536990703,0.2512847571145471,0.23418904797726686,0.23366169725406724,0.23077325962048525,0.2217213314160496,0.23080142213589103,0.3221733213542355,0.36506492564970056,0.23010614685669167,0.2268422969157279,0.23557345595521945,0.22892793897258815,0.24705175456417058,0.9471327441881909,0.9356596792668129,0.837303488774304,0.2078569382429123,4.811001300811768
Media-104711.wav,VienneseWaltz,174.957275390625,0.27529842121658693,0.2868693651592303,0.2811159369858709,0.2681462818447615,0.28138002232638554,0.27052273397722365,0.23297858121806728,0.27361441582534723,0.3583283256901311,0.2536291296035444,0.1886457013932636,0.22012007187678398,0.20984757130428258,0.21081938787470686,0.21033122720777514,0.9536614374812092,0.8916389581982918,0.8206467212965545,0.1840670108795166,5.432804107666016
Albums-Ballroom_Magic-09.wav,VienneseWaltz,174.957275390625,0.2459035228162057,0.2179307371627891,0.19736568759394107,0.2062633181563665,0.21309840653582968,0.2139417068555674,0.22645355840157858,0.2722117602871959,0.47866819000320077,0.33591922467525637,0.21768879801891886,0.21887136957215203,0.22664968269016125,0.21901748896424292,0.23954258263147188,0.9500946755957557,0.9084690308114662,0.8256539497261635,0.23092961311340332,4.330323696136475
Media-104909.wav,VienneseWaltz,181.6864013671875,0.2536752356959961,0.2380711278515755,0.24020605781066914,0.2194957170564115,0.22357445025451156,0.21006472575292695,0.2205792964772238,0.24017357272061066,0.3989041499438595,0.42673432460673,0.24469772039109022,0.19648922571670535,0.20426639428633728,0.20133856262343117,0.22509714907485517,0.9388693980376343,0.9035342721302975,0.7849682048048985,0.17065250873565674,5.859860897064209
Media-104712.wav,VienneseWaltz,181.6864013671875,0.351093878275466,0.25676135478968004,0.1726346021955064,0.1514879021388896,0.2083552043729297,0.33089162559113705,0.1579130630240297,0.20640204121452532,0.3413210296844296,0.42712895793471073,0.19346582040415014,0.17138752003219235,0.22953304462051452,0.19785226965857597,0.2829188415555834,0.9901609313927211,1.2218164250046768,0.8139905491224703,0.24308402836322784,4.113803863525391
Media-104908.wav,VienneseWaltz,174.957275390625,0.2811908166224045,0.2093888464224309,0.17174420504514837,0.17285537044133978,0.23836770090838189,0.15911714971946533,0.1709653213455018,0.2676237448802712,0.512906388636035,0.28482233186918665,0.1782012005029409,0.2010658214034871,0.20289245222945426,0.2336087101161024,0.3501509863476059,0.9568490894063723,0.9533616644416741,0.8164678692244176,0.18470916152000427,5.41391658782959
Media-104307.wav,VienneseWaltz,181.6864013671875,0.34715884103067096,0.2730582225076343,0.21122401999443788,0.19207005757006362,0.18568626654498702,0.23331650809895502,0.17758397438424367,0.18107324747251258,0.3099385528515165,0.5192060770932575,0.21522296097805577,0.16805980451037453,0.16765341628229588,0.20468658833416473,0.2448831064832559,0.9554338593647761,0.9556930832490521,0.8197465610861004,0.2713244557380676,3.685624361038208
Media-105810.wav,VienneseWaltz,174.957275390625,0.23426518704624552,0.22847593316547923,0.2091091321976765,0.20942234147255234,0.2261777629422099,0.19011102861578172,0.20289510592980003,0.28134795633940585,0.5256174483147343,0.2902158623841279,0.2401707220048552,0.23306613541993798,0.21616082282473428,0.2127188682887661,0.18231011337286812,0.9468964035830005,0.8692245987126191,0.7849600404449861,0.2511148154735565,3.9822421073913574
Media-105811.wav,VienneseWaltz,174.957275390625,0.3076925528751001,0.2353618388430624,0.198116012649038,0.1630659002740145,0.23500833137154858,0.2106343968725135,0.15936715051140957,0.21431480164528985,0.4927799990105062,0.3949137719534735,0.17206042132589275,0.1698029526190321,0.20032275251647907,0.21222471472436766,0.2660259139093349,0.9465430396547121,0.9701349414463933,0.8177608402752127,0.2087983787059784,4.789309024810791
Media-100610.wav,VienneseWaltz,174.957275390625,0.25549830110930527,0.2412486484221337,0.23190749992620602,0.22681969039270444,0.21723685159928063,0.21332136555370054,0.2375523363099236,0.25600640144049597,0.44860826863760556,0.3478630182753986,0.205002984399133,0.21413008786731735,0.1961398183196718,0.2164616217364126,0.24730702416643982,0.9625649960732805,0.907132956491021,0.8396418841561095,0.20242682099342346,4.940056800842285
Media-105812.wav,VienneseWaltz,174.957275390625,0.31945722332734566,0.2758923422834642,0.23724235372061384,0.21674358672396557,0.24564829574506236,0.20421421006389823,0.21034838270928294,0.26994160849526366,0.41604757237388723,0.24932057641434696,0.16801258863963098,0.19350351624968787,0.21411112865621565,0.24447580757628568,0.30474115130693696,0.9474350197900484,0.9065978661790096,0.8112380823018335,0.17292571067810059,5.782830238342285
Media-103315.wav,VienneseWaltz,181.6864013671875,0.30441077478687256,0.26081818686654107,0.21106620959750533,0.21740636210889228,0.22606996485415548,0.23685326994891515,0.22796236043348111,0.23649076126700366,0.2939797947014551,0.36974068450182995,0.23361095507845575,0.21434217146963286,0.2300185065181116,0.2682525997435747,0.2896113864452414,0.9247723015589262,0.9284368283427293,0.7943958544851735,0.24084441363811493,4.152058124542236
Media-104308.wav,VienneseWaltz,181.6864013671875,0.2333015761379143,0.20001457329024425,0.18775992023287386,0.17096423011560521,0.17726427833907657,0.20964626851482598,0.17593648274249882,0.19657388053209693,0.36881968621150785,0.5928712249333615,0.2500990498516081,0.18397962516983657,0.17179837533818473,0.18442805464920603,0.2205950907380221,0.9485062136655098,0.9253372620119811,0.8207986266041397,0.23027579486370087,4.342618942260742
Media-100608.wav,VienneseWaltz,181.6864013671875,0.26099180735868793,0.22010086510642857,0.18748691790886804,0.1889000621974117,0.16600116594662362,0.2093011674610717,0.16666143150741458,0.181084947724075,0.3286009584677187,0.5848176224065921,0.2498797889594852,0.2001880043072216,0.2309801880810057,0.17949118757635976,0.20639483971189904,0.9363196992591228,0.9687445115785642,0.8209182894433065,0.23856650292873383,4.1917033195495605
Albums-Ballroom_Classics4-12.wav,VienneseWaltz,174.957275390625,0.22215676734540266,0.2031140563058893,0.1862642219948431,0.179711761334594,0.1767475061034582,0.17011596173515145,0.2108219627320663,0.3527885548936767,0.5803025850834743,0.28029860346236085,0.17949641665965096,0.17476508486084424,0.17218665630788782,0.21281812415132198,0.24555160984176225,0.9405266557320155,0.8919615524579776,0.7818323558281557,0.20287905633449554,4.9290452003479
Albums-Ballroom_Classics4-13.wav,VienneseWaltz,53.8330078125,0.27621549949128826,0.2446151501065444,0.24339502270604246,0.2286370507555687,0.24270497464904564,0.22889342403378726,0.22519359871144048,0.26623721116362453,0.3574175969529252,0.3165323528153244,0.24743175711890691,0.2249933460516462,0.23626708616637587,0.2300432701855726,0.2663334056716442,0.7038456288807566,0.3872121837736861,0.1656285114988439,0.1391036957502365,7.1888813972473145
Media-104309.wav,VienneseWaltz,181.6864013671875,0.23492123306478557,0.20988269069967955,0.18128346850531987,0.17274610880113786,0.17667672692714398,0.1608394278995964,0.16940214759033284,0.1904512419095612,0.40815066150030926,0.5952366649208253,0.2377000950838526,0.18762275702732234,0.20958510112665824,0.16814041245494324,0.17666128314222437,0.93401332353194,0.8833421068856021,0.7746737664483566,0.23229199647903442,4.30492639541626
Media-100609.wav,VienneseWaltz,174.957275390625,0.27590529531429037,0.203597017068075,0.1741918197882138,0.15085663952048206,0.17896711239293236,0.147291698836547,0.1525303982767903,0.28268528208705634,0.5690980740106678,0.2529165153091609,0.15937962727348048,0.1971297430375925,0.20007118560988124,0.24350694510985504,0.34784759529380055,0.960019956234414,0.9985455177331211,0.8455604620725279,0.14552882313728333,6.871490955352783
Albums-Ballroom_Classics4-11.wav,VienneseWaltz,174.957275390625,0.2639610862451204,0.2284809006008504,0.2189364309325156,0.22392415240475938,0.2473274870840863,0.1995822489616805,0.20461057627721158,0.2737145859408838,0.479943433941737,0.24927438609673788,0.21846592420871122,0.22167208918907802,0.22406213422089738,0.22988832736818085,0.2643008440674696,0.9493041182299036,0.902916741138798,0.8102069871330502,0.2385316789150238,4.192315101623535
Media-105809.wav,VienneseWaltz,174.957275390625,0.3615549351639905,0.24152407395603093,0.19553410927380088,0.15347768352568322,0.1677667930140542,0.15596689792051494,0.11782136985944133,0.19979088436320233,0.5048584396640383,0.3877422302476713,0.14913917464199164,0.15637586990510935,0.20165055284071054,0.22883870709253998,0.31294318003323235,0.9411761017682617,0.9444150936542199,0.7973397685786185,0.1981484740972519,5.046720504760742
Albums-Ballroom_Magic-11.wav,VienneseWaltz,181.6864013671875,0.2966807775652056,0.24081517813789563,0.2045030885432625,0.19092432489653954,0.2013821982728156,0.23531228768186083,0.1654083845126521,0.17289793451049285,0.33805276679825835,0.5270186908518739,0.22461000073732504,0.1718153982061857,0.21238197901163422,0.2113126366954159,0.24652985747212094,0.9646298012227469,0.9379759849079435,0.8380153320010102,0.24442851543426514,4.091175556182861
Media-105010.wav,VienneseWaltz,181.6864013671875,0.2655436168056857,0.19264919829865407,0.17964524132530757,0.17957002954864637,0.1882516464839863,0.21071859831372886,0.1854862485418246,0.19526637878443592,0.357288771302195,0.5741449876947522,0.2401636863959114,0.19158828067739248,0.224252800322633,0.18037839936867014,0.20241507998069705,0.9465080547027728,0.9306089422846611,0.840559602291192,0.24965982139110565,4.005450248718262
Media-103307.wav,VienneseWaltz,181.6864013671875,0.2332647317713246,0.217924865171299,0.20751271400662985,0.2185036659545469,0.22384938131754595,0.20207863634740444,0.23349585089862693,0.2207861827103357,0.3553358129070911,0.48165410541236764,0.2525593498891791,0.20978891399092087,0.2388715625592805,0.2158262397902368,0.20829629825906162,0.9281355246233283,0.8767580535705861,0.8093335199137467,0.1647060066461563,6.0714240074157715
Albums-Ballroom_Classics4-14.wav,VienneseWaltz,174.957275390625,0.23509853654351667,0.1845764184744738,0.14987719441026956,0.1460713511990451,0.20417428337854238,0.16090116027561582,0.16503768329007143,0.28535331226928085,0.6259682579139776,0.3138421373661215,0.1633061745018919,0.16743608611794716,0.18137797841274203,0.19381181117665103,0.274084026971362,0.948616770787807,0.9409001012373496,0.7986400874395915,0.21496069431304932,4.652013301849365
Media-104508.wav,VienneseWaltz,174.957275390625,0.23477355907046665,0.19549930431720988,0.1836964001286112,0.18399054313878374,0.2188282972262854,0.24161734998615975,0.2220918313260427,0.2533087602592495,0.4795395344288505,0.44211968930765794,0.21994193179679,0.17368053708552034,0.162871353920608,0.19507217708045507,0.22530431479143195,0.930252483552123,0.8772032318000588,0.7702184387949806,0.17978133261203766,5.562312602996826
Media-105011.wav,VienneseWaltz,181.6864013671875,0.28516790156988564,0.22153652158703405,0.17593662902918825,0.16147714671280203,0.17655358111865888,0.24051196973439792,0.166392118168998,0.19265964310352474,0.35699411551344723,0.5399479724244346,0.21745825473299243,0.17021632559402214,0.26652535422701523,0.21493031699812454,0.21510442676595823,0.9605916166960757,0.996382643082497,0.827855221177264,0.1999228596687317,5.00192928314209
Albums-Ballroom_Magic-10.wav,VienneseWaltz,181.6864013671875,0.36101519834407,0.2910274851407047,0.24032481524427912,0.1993788559700934,0.18254048295105577,0.19396151929985433,0.16192311022405695,0.17959560880019176,0.2967324438366524,0.4635212213835499,0.21208189825931786,0.19334046094361426,0.23155257819098715,0.21493406944492416,0.27013464649446384,0.9382752531626959,1.0137549750551627,0.8623450328280581,0.22045202553272247,4.536134243011475
Media-105511.wav,VienneseWaltz,174.957275390625,0.26513260882600154,0.2213852944456127,0.17866426050966383,0.14985657581917575,0.1678552827329164,0.14868186219916196,0.16315286947502947,0.19684812805987004,0.5688932124758695,0.4290937913270904,0.18010920283340506,0.17975823097371216,0.17958015343637126,0.19634837563385749,0.2595198870736615,0.9156686063640939,0.8908237847845479,0.7845159414850275,0.21074575185775757,4.745054244995117
Media-105510.wav,VienneseWaltz,174.957275390625,0.21731949215799187,0.20001870675745909,0.17951220825971415,0.19537634245699245,0.19787197365982295,0.18446347837204513,0.1816567409986373,0.28970955005691007,0.5860021033905455,0.30418050250457124,0.2115805188651726,0.21754536406184494,0.1994845397495849,0.19687143725934242,0.21374828732354298,0.9550270706533734,0.9053480932579824,0.8195055329344734,0.2636708617210388,3.792607069015503
Media-105710.wav,VienneseWaltz,174.957275390625,0.33555211156831305,0.2625703906699977,0.21755154834749404,0.2041185739341727,0.1992632401236528,0.19432337335076338,0.18304382677992437,0.21490774990479555,0.43259811890706357,0.3482377892560624,0.19052171203832208,0.19759516243312883,0.21596183660575113,0.2347994585921871,0.2945969182078797,0.9502613826128384,0.927705173877203,0.8352797392635493,0.1727122962474823,5.789975643157959
Media-104209.wav,VienneseWaltz,181.6864013671875,0.32485614105779814,0.2638730336116534,0.21957367476786607,0.2356639059788709,0.21193477264577265,0.2255990441352285,0.19429219055915176,0.19888619176023078,0.26791433661282,0.4782372953763396,0.2216684479628803,0.19890896968792587,0.2286876752872192,0.20507498055115,0.2538277041391583,0.953042742735982,0.9207879907288882,0.827666695240192,0.21841071546077728,4.5785298347473145
Albums-Chrisanne3-07.wav,VienneseWaltz,114.3951416015625,0.3210619515504313,0.23120444450315317,0.19790320503344896,0.1712748983504407,0.19947745838042866,0.15817801094673417,0.17341358149169134,0.20799060878720096,0.4825516905745928,0.2104185285488924,0.19989452788880588,0.17705246013395662,0.2080288348394614,0.2507101489005813,0.4269074765846295,0.9554501786807941,0.7625385530526262,0.6305604577818715,0.13773687183856964,7.260220050811768
Media-104609.wav,VienneseWaltz,181.6864013671875,0.17372540323853633,0.17802544508791035,0.17885290810179671,0.16930373669597165,0.16152401960799845,0.1875122242547582,0.18857144216661897,0.18794071603485177,0.3388829255867886,0.6979311576187897,0.2370979044935003,0.16017309874935792,0.1501474792464978,0.12734435690172244,0.1508686044511963,0.9280175232298361,0.894437523279775,0.8232369433510692,0.27264294028282166,3.6678009033203125
Media-105112.wav,VienneseWaltz,174.957275390625,0.3190188426209963,0.2934367576934898,0.25917546660612734,0.2395932666362047,0.2385407915633955,0.23004770954767026,0.22862218487030297,0.23687265503370297,0.3267788136438176,0.3254784981806905,0.23230219148388326,0.2075819564411395,0.2294320779695168,0.2195889602511744,0.24230345200926637,0.9548910390814996,0.8991372319552988,0.8081653593805511,0.20390726625919342,4.9041900634765625
Albums-Chrisanne1-07.wav,VienneseWaltz,181.6864013671875,0.33800764745018996,0.27321089176013647,0.21677997115951259,0.22050011275506312,0.22607775937545174,0.28156513936209254,0.2173406054712946,0.2197038039705171,0.28059567356645304,0.38379708176502203,0.22901693367585194,0.1955524710438075,0.23696987658715069,0.2201447081648071,0.26125453150913186,0.9968142228895824,1.0026826649360747,0.8507060445222419,0.12536166608333588,7.976920127868652
Media-104608.wav,VienneseWaltz,174.957275390625,0.2867122542190654,0.23954982428435187,0.21058505676954511,0.20965875126183253,0.24166558701562824,0.22345346733123184,0.21247920367356848,0.28698487488081226,0.445015876030956,0.26330049534112804,0.16595416661967857,0.21132651360570226,0.2262550278646369,0.23714463500368743,0.2987855273500905,0.9357348036210476,0.9128295780022855,0.8020753016121884,0.21430163085460663,4.666319847106934
Media-104811.wav,VienneseWaltz,181.6864013671875,0.29052143724586893,0.23681999285120314,0.21023043605134387,0.18542727027301323,0.17818694814250965,0.19254829291291672,0.17270696002778257,0.19272990586300784,0.31173497092268454,0.5209196177218335,0.2588904980754403,0.23044601601893272,0.2481810244321631,0.20612074151832468,0.2288893945700675,0.9509640785450694,0.9067015570498621,0.8373503553119489,0.24793735146522522,4.0332770347595215
Media-104408.wav,VienneseWaltz,181.6864013671875,0.3345869880862936,0.2416139325898478,0.2056776360341369,0.18866424254791347,0.1751544478990627,0.2008765145644245,0.1620588337366067,0.2249191443259546,0.3036014427359158,0.5266060618849728,0.2071522668633311,0.17249104308705113,0.2701447942070622,0.179627769218144,0.23769156365678704,0.9359371001423066,0.917905771468243,0.809901640686898,0.2434956133365631,4.1068501472473145
Media-105110.wav,VienneseWaltz,168.2281494140625,0.23526075345477232,0.21126155913457262,0.20139994586211338,0.20180991918988325,0.21676388949440697,0.22978072333788802,0.24752790248762546,0.3807066708604307,0.38610059298441796,0.24566615695728372,0.22561197243279507,0.24030994231681085,0.2515253460217593,0.2655626155256257,0.2467279716016576,0.9366151659348203,0.8885447769283643,0.7764686392108784,0.1447293758392334,6.909447193145752
Media-105307.wav,VienneseWaltz,174.957275390625,0.30354136283993804,0.2830952741213702,0.24769715264118922,0.22393933786537895,0.2444806259055156,0.2269672953064602,0.23922548132686214,0.23223813393267428,0.31333879152371596,0.3024758836318652,0.22736904332137678,0.23829925635813431,0.2571044756411087,0.23443235932736853,0.2730409687321222,0.9511159218578932,0.9402777002374699,0.8106781778380342,0.190363347530365,5.253111839294434
Media-105111.wav,VienneseWaltz,174.957275390625,0.3199017563196588,0.2640030518366653,0.228229152098615,0.2101121001735156,0.20591769852903374,0.1911888705359592,0.19144467171734056,0.25184662696206145,0.4064254217844446,0.33073342452113885,0.22737683921197688,0.21776668457637005,0.21841018867235512,0.2275515577481148,0.2820018552298272,0.9452992630991138,0.905619405575269,0.8101423532739002,0.21115908026695251,4.7357659339904785
Albums-Step_By_Step-09.wav,VienneseWaltz,181.6864013671875,0.28356629379403003,0.24998050972694597,0.23175763898813967,0.2279011589374358,0.21458935079945227,0.2359882762076442,0.20422782067800824,0.20482521059801667,0.31434018338566666,0.460398639055133,0.2808006407223114,0.2043587884901981,0.22939287408961642,0.19527822342813614,0.2095354086078426,0.9378693974657007,0.891461003814818,0.8155935821328036,0.17316779494285583,5.774745941162109
Media-104409.wav,VienneseWaltz,181.6864013671875,0.3682695069110534,0.27658317675784566,0.20207185879232892,0.167877625478709,0.17766215246907327,0.19806101944455107,0.17049039172336286,0.17611686048382555,0.2695208492409594,0.4968772533569049,0.23956283068263087,0.18683966725731693,0.21233411716380876,0.22872712509913318,0.2806376205169737,0.9409699484765423,0.9628037314104327,0.7947816092880975,0.22610262036323547,4.4227705001831055
Media-104810.wav,VienneseWaltz,181.6864013671875,0.23197743924806677,0.2023782510628124,0.18523627998179598,0.19826079856414072,0.1935260938208757,0.21375616357538366,0.21261516742387213,0.22698323479559654,0.3693641981439534,0.5719681815435308,0.23146318314264813,0.19595191252173658,0.20197098293762897,0.17560056610330615,0.15672057060293373,0.9438414260741603,0.8999650887951158,0.8239165919666326,0.19750501215457916,5.063162803649902
Media-106005.wav,ChaChaCha,235.5194091796875,0.42806038179497596,0.5906577622326583,0.22862142209501402,0.1943550743682889,0.18215350259726198,0.15812337279850466,0.17150306762475895,0.17484445293146658,0.15312489055110293,0.18707302064504308,0.20270438835370252,0.17909787328537832,0.17972644618560696,0.20574001095835207,0.23117108690053242,0.9069385251834805,0.7244160446229387,0.5576799857645857,0.15138302743434906,6.60576057434082
Media-103801.wav,ChaChaCha,181.6864013671875,0.3766335785830284,0.4241746832124953,0.2571544074412241,0.2552483310888771,0.21537807510861498,0.21276761828888147,0.2153344309489108,0.2177399700162177,0.20240541016370114,0.2393468559104487,0.22022797709704767,0.20606556089666303,0.21994705228642514,0.249583308076944,0.24823118504503275,0.954870453958362,1.4303269846221804,0.8552793702940659,0.16450953483581543,6.078674793243408
Media-103803.wav,ChaChaCha,188.41552734375,0.40502261431188835,0.6053059176477075,0.1957194510514185,0.17709832381837126,0.16049878855407418,0.17142761211893595,0.16897255705487108,0.16464423903894781,0.16861512617071042,0.21035063304286478,0.2256547082344584,0.1920197494216269,0.17818766487555682,0.23090977464430038,0.20867324043939225,0.9466176519371309,2.227088247918307,0.8337562072136913,0.13776583969593048,7.258693695068359
Media-106006.wav,ChaChaCha,121.124267578125,0.45974496076307164,0.6263322836705452,0.23019280679411597,0.1794733690123852,0.17004275992937987,0.15150871220219367,0.15099736884639195,0.12651898655635524,0.13901526336332423,0.18976930758526722,0.19664064726091265,0.14502065147993365,0.1612088631879233,0.19275771900683125,0.20563640411649867,0.7854246902720645,0.5118241248850984,0.3603164717917894,0.157648503780365,6.343225479125977
Albums-Cafe_Paradiso-08.wav,ChaChaCha,141.3116455078125,0.3656188149113861,0.4814862011690901,0.25195105537318246,0.27590825950101183,0.23146722453233462,0.18226981002053802,0.16340344035855345,0.16916404290621917,0.18074449078555596,0.19909381431157572,0.24321916196972518,0.21717918763797003,0.22772653565958914,0.27253372871831516,0.21911050732351423,0.6917864002808248,0.8188993002044879,2.3111800298817244,0.17308327555656433,5.777565956115723
Albums-Latin_Jam4-01.wav,ChaChaCha,121.124267578125,0.505861888296072,0.6329717572417102,0.21652989296174502,0.1673410904930638,0.13937299807698544,0.1542493777976882,0.14113542738398022,0.1342088449927997,0.13450458473663338,0.19266520633387352,0.14715892357176655,0.13996491509861467,0.1347331293693363,0.17064215427104035,0.20900787318474923,0.7452000341876054,0.48618916348637237,0.3235625553781016,0.22559328377246857,4.432755947113037
Media-106007.wav,ChaChaCha,121.124267578125,0.42865025471957363,0.5872485949062203,0.21581376881969203,0.193993706823009,0.2002777152772191,0.16710743977416156,0.18179822701767046,0.17761437707000977,0.1730755601720535,0.20080594905046956,0.1912564486913122,0.15563964163981622,0.19409087595773974,0.2089514556964642,0.20528638281854655,0.8087782142279606,0.5947640784676311,0.44005939989786874,0.14761075377464294,6.774574279785156
Media-103816.wav,ChaChaCha,215.33203125,0.15491138085703762,0.14301104147140276,0.1461332741456161,0.14155513724308996,0.12588018081800073,0.1312746408109355,0.1557616184578437,0.1602620950357507,0.1568298544364226,0.15374123958985444,0.176345406131649,0.18915100673585328,0.3919135724832253,0.7148428780299018,0.22677891678989984,1.006587436669076,0.8957172815952629,0.9116129170300646,0.183792844414711,5.440908432006836
Media-103802.wav,ChaChaCha,188.41552734375,0.4280099263499886,0.5423264786784874,0.20957496349619384,0.1892307244935964,0.17978855289174206,0.20092263655517073,0.19660964958697633,0.16319542141905827,0.16730264797890046,0.27086681023882875,0.25338387272090096,0.18263497791254416,0.15848128151093918,0.18483266899138753,0.216287476293764,1.0027139210356284,1.884756472797882,0.8137031027301853,0.1467984914779663,6.812058925628662
Albums-Latin_Jam4-11.wav,ChaChaCha,114.3951416015625,0.2733327527441869,0.5100431916755399,0.3874609823252508,0.22189741120010215,0.211767312918097,0.19925865424744968,0.21144182081970447,0.1683654178169649,0.14967373101068773,0.2045888220545521,0.21819554734118243,0.21750813609792372,0.23200050998636584,0.19537855188775602,0.238750493560408,0.7483869553547149,0.7132648522020749,1.2725740867452393,0.20539166033267975,4.868746757507324
Albums-Pais_Tropical-05.wav,ChaChaCha,121.124267578125,0.48007239743055813,0.611281371148555,0.2235005296962832,0.1669241988203129,0.14420412609217273,0.17055118006912476,0.15754412830450293,0.12903738651070176,0.13960222871093242,0.2171365820246193,0.2070951987954328,0.1598438473018354,0.136648417232506,0.18790524244401308,0.1940086199917974,0.7875009748055025,0.5146794392441871,0.353662266072695,0.21553045511245728,4.639715671539307
Media-104012.wav,ChaChaCha,121.124267578125,0.43120026077355894,0.5891903739750791,0.23911679178547512,0.22938609199287102,0.19682274813316614,0.16540525701912034,0.15571279737265636,0.14498295352341786,0.14677020242736233,0.1948179942655122,0.20595207559676826,0.1641423624461144,0.18442919188741044,0.20228054921894895,0.20487930711850644,0.7470364277534141,0.5288134892776879,0.3938301640227671,0.20356668531894684,4.912395000457764
Media-103408.wav,ChaChaCha,121.124267578125,0.44727208179869393,0.5859053841513777,0.22710065826086281,0.19001003640452743,0.17007992979972503,0.15290403257552254,0.15565857302189962,0.1452874285623516,0.1545757272644347,0.20344834218599145,0.21935453824921203,0.18667761246413725,0.16808074805222464,0.2157683645455313,0.2197321914264501,0.7779443357706087,0.5450483791055583,0.3900870880386762,0.13383418321609497,7.471932411193848
Albums-Latin_Jam4-06.wav,ChaChaCha,114.3951416015625,0.22446433575449348,0.5256506234619843,0.3841060453655611,0.22966816256365294,0.2272009804522622,0.19246441889239924,0.18415658285818465,0.16538990954963856,0.15739402910426067,0.20434630687634017,0.19997691886077754,0.2351528542857207,0.22022228119031972,0.24225170372517904,0.23257319325284115,0.8694961459727542,0.6511808053132525,1.952198185162086,0.14106015861034393,7.089173793792725
Albums-Pais_Tropical-06.wav,ChaChaCha,235.5194091796875,0.4781279612798536,0.6398447558495926,0.19185342408254505,0.16418850973605945,0.15453869862248593,0.13240119709529827,0.1298128373017251,0.124911721285337,0.1390911014797411,0.20231387618911809,0.20707407164926853,0.15704331820808892,0.15467060766666887,0.19461407619306925,0.18639471908942734,0.6858680172882032,0.40354374441994084,0.23528214896348143,0.1612808108329773,6.2003655433654785
Media-104011.wav,ChaChaCha,127.8533935546875,0.2538508086953979,0.6184037777540251,0.4216037121987028,0.19126423966352887,0.15077316900600898,0.16825995903760685,0.19069214890714262,0.1599629577695139,0.14141127425220026,0.16813585188996455,0.2684257080851056,0.15221371609177448,0.17030509888963793,0.16576065247161992,0.16075017676606884,0.9143223950866323,0.7915716073316245,0.6763591841231278,0.19295036792755127,5.182680130004883
Media-104010.wav,ChaChaCha,188.41552734375,0.293527392801495,0.6225668536716756,0.26609943521899226,0.21605785879194594,0.1817254401314812,0.16660211896796023,0.24489504467978346,0.15732931043689863,0.15397091095614987,0.20217538911336913,0.2367797993120049,0.1794900562949222,0.1727512217998737,0.21267435081793057,0.1879338473081636,0.9567778302558597,2.4723173456334537,0.8578184083316686,0.19801093637943268,5.050226211547852
Albums-Pais_Tropical-07.wav,ChaChaCha,235.5194091796875,0.4401963964422612,0.5685686167112582,0.22548320580070072,0.16608665268268694,0.18067584658776306,0.19909205081612627,0.17916770809310117,0.1799272164055574,0.17928734888784167,0.1859670252363894,0.20193392302027205,0.1986074992059645,0.18413781138358085,0.2035382483999731,0.21328066764491155,0.7485928499383395,0.507657035321911,0.3382954097435305,0.15229767560958862,6.5660881996154785
Media-103409.wav,ChaChaCha,188.41552734375,0.4008197875490079,0.5323707055777425,0.2559638781653862,0.22556706664248785,0.20809198903303985,0.20393746383613315,0.18189576925403136,0.15044627027182905,0.15173359070065992,0.19627427266450279,0.233875775747156,0.20466109488485565,0.17223179286079238,0.2404405047158838,0.23088495712807752,0.921191859553166,2.100863281686661,0.9194916768438232,0.1847677081823349,5.412200927734375
Media-103804.wav,ChaChaCha,235.5194091796875,0.3660057520916225,0.21120065105925492,0.1907265211630831,0.19018294419764115,0.19758940409458173,0.1948930959206597,0.19882584729518013,0.19130607937136232,0.257296984461443,0.16071923515683392,0.17128058401973878,0.1663922443584649,0.1678839950444569,0.2404103342697554,0.6005791358858013,1.1196719817764393,0.9767117886409611,0.9545242739898927,0.20820996165275574,4.802844047546387
Albums-I_Like_It2-02.wav,ChaChaCha,235.5194091796875,0.5881549817128192,0.3542517171092225,0.22069692324072915,0.18240501052048017,0.1806896823434379,0.21566466713068583,0.16654383718623045,0.1691048737529332,0.1765817942440448,0.2932102342265342,0.17649952708916705,0.16293334735040224,0.1904363617225163,0.19533650947523282,0.24866103550773802,0.9781140213183249,0.7633282781444176,0.6895458444159559,0.22822079062461853,4.3817219734191895
Albums-I_Like_It2-01.wav,ChaChaCha,134.58251953125,0.22344797158209215,0.22844380551401255,0.5060584705320866,0.48602718575080894,0.20982434942207967,0.1893716660866763,0.16841813790247195,0.17210612124095587,0.15827353904574912,0.15193114027295435,0.18825078802864637,0.24939878305745625,0.2090664651934306,0.18865411407024385,0.20645314433850562,0.9384553021800563,0.7837600003266745,0.7454401101363339,0.12218502163887024,8.184309005737305
Albums-Fire-14.wav,ChaChaCha,121.124267578125,0.5358354793159059,0.7041435576967953,0.1775985310304233,0.14118681841589878,0.10664483685962792,0.09852678837157645,0.10088162065665618,0.1103573201700615,0.11412726910724055,0.174236733227995,0.14880728385657033,0.10676404147977801,0.09830668665031282,0.12699325267258213,0.13940449303566038,0.7041836712926526,0.41692741806766725,0.2386145046050142,0.25563353300094604,3.9118499755859375
Media-106105.wav,ChaChaCha,121.124267578125,0.41797233308502496,0.5376485256095792,0.207391709088669,0.1919744849032523,0.19891148675832615,0.20588549103819312,0.20813965575815815,0.20341964336373833,0.1899672669370498,0.24004157220837574,0.241148606173476,0.17883228622401945,0.18234807196695893,0.19376367616745338,0.18728333599016123,0.7804655004424029,0.535173048190268,0.3681652216955854,0.16702356934547424,5.987178802490234
Media-106104.wav,ChaChaCha,121.124267578125,0.44429138669403845,0.5471584301790557,0.242094071222522,0.17116754399905706,0.14972805948108625,0.1817150853062712,0.1735504723730467,0.12692328483416399,0.15913350566392703,0.2863779341535259,0.27038548200465407,0.14889941296774642,0.1472155393491337,0.22219634048009462,0.19997007583964246,0.9153826511144127,0.6684092411282637,0.5546815023880495,0.21686673164367676,4.611126899719238
Albums-Fire-01.wav,ChaChaCha,121.124267578125,0.4088334311989086,0.5287326652554389,0.21555964992044474,0.23056471424438843,0.20514857712485662,0.17979886812202914,0.17203399092619423,0.17648402607155375,0.18847246911306928,0.20212929682440217,0.22149342164170982,0.21373247116121502,0.22207323003035195,0.2324081403704481,0.20991897107396437,0.7510396159145503,0.5225543852875532,0.34659015617903854,0.15135537087917328,6.606967449188232
Albums-Latino_Latino-01.wav,ChaChaCha,188.41552734375,0.2879294626134486,0.5868770037116816,0.2626824234076377,0.2058027959169873,0.19171049614413693,0.1721754711662477,0.19731081077971507,0.1427653867521562,0.16662364296001586,0.18909749896095576,0.29651085833056634,0.19938420217589795,0.1991070182541636,0.25532989831933,0.19893046122992766,0.9337022445612226,2.7884252493252255,0.8282319137743451,0.22552545368671417,4.434089183807373
Media-104111.wav,ChaChaCha,121.124267578125,0.40645722918626853,0.5604361919347883,0.23315448559557692,0.19109447877549512,0.1760978614442049,0.19018530251535506,0.1879239500925146,0.17027153977322526,0.182770565576268,0.23413606027005135,0.23913136732399132,0.18011179630688956,0.1775528210394864,0.2096441727055602,0.21216135249233034,0.7674128065500214,0.5172864815870041,0.3664815469998824,0.14034947752952576,7.125071048736572
Media-103508.wav,ChaChaCha,154.7698974609375,0.3469428403879068,0.5338620827741223,0.22045370637922412,0.2133124848754581,0.20158381934880096,0.23031004671802516,0.265491199942789,0.19406409473800115,0.2085781975561128,0.24436230668199665,0.2596858566722901,0.2172991713062786,0.1629785344795227,0.14833681229379475,0.17959787652480771,1.253055549646429,1.241113463312397,0.747941400607671,0.16781215369701385,5.959043979644775
Albums-Latin_Jam2-13.wav,ChaChaCha,188.41552734375,0.23908887493259132,0.6277866935940704,0.3431270346538633,0.2127025238343368,0.17758977861410924,0.15689188362071832,0.2390534704899732,0.16540278173394063,0.2098119210465987,0.171198359872542,0.21191273439011288,0.15077338218480593,0.16886488133335442,0.19558977465001334,0.19324535853967467,0.9168205808704113,2.355283170504214,0.8276516479178129,0.15261751413345337,6.552328109741211
Media-106101.wav,ChaChaCha,188.41552734375,0.39730197197546285,0.5311546647672735,0.2287144730640303,0.24321316950522656,0.21638747185150564,0.2095435679709464,0.17511451327235328,0.16725051703315572,0.1696579243767766,0.21597096549964812,0.2363148348803435,0.17458028163539588,0.18280678865406647,0.22782044594422038,0.22830311728171013,0.9979961444388609,1.6359691237087473,0.9151770602918341,0.1928386390209198,5.185682773590088
Albums-Latin_Jam2-06.wav,ChaChaCha,127.8533935546875,0.25074424792635375,0.6357896897177135,0.48157483640610166,0.20536398452923724,0.15056628097174748,0.12416520760805833,0.14690227152857396,0.10047690656480751,0.09761720071098412,0.11730187832738143,0.2739950977104982,0.14190618204933766,0.13199907774675004,0.15038865093777964,0.17466248605881476,0.8905748626539018,0.7817824932561659,0.7498115666392495,0.13204093277454376,7.573409080505371
Media-103910.wav,ChaChaCha,201.873779296875,0.1322287355544089,0.15123664915243734,0.13168910110504378,0.129147155895117,0.1599751875867274,0.21508720593879532,0.14062985286441704,0.13049457929879998,0.14553375907426533,0.14497041122355214,0.2696444605020245,0.7655622474003622,0.2744330538646245,0.14945739460832747,0.13535388407748586,0.9529451310620698,0.8740473607666426,0.8411510635926827,0.2647428512573242,3.777250289916992
Media-103509.wav,ChaChaCha,121.124267578125,0.43354225382516665,0.5727032583030656,0.2283842029250085,0.1997803606165862,0.19275574692373018,0.1809182298799591,0.17309397954334413,0.1613033556073867,0.1614949263340891,0.21056911119567215,0.19353776136450118,0.1782816269042106,0.18911205519175342,0.20563864414306018,0.22000519655966477,0.7368723087345997,0.47552236376890183,0.30098590175585976,0.17604127526283264,5.68048620223999
Albums-Latino_Latino-04.wav,ChaChaCha,235.5194091796875,0.4746756538134971,0.19675134091056581,0.17303611463144805,0.17301439767168256,0.14830734247540633,0.13992434129088469,0.1427199035083007,0.15788398531971748,0.20300935458623903,0.18518314053226625,0.17540926042670024,0.18345713914330936,0.20981292763587278,0.22276722139412364,0.5963631597430558,1.0056441778435778,0.8921012423831985,0.9018572870122579,0.27457669377326965,3.641969680786133
Media-104110.wav,ChaChaCha,188.41552734375,0.3942689319825354,0.5219910675153491,0.26003688551079235,0.2269515950874578,0.20757611295761438,0.20026489148884072,0.21321687788485688,0.18480477191183045,0.19319085850686002,0.21440103207229522,0.21756759029709355,0.15674267118333746,0.17078794577328427,0.23779613574203443,0.22188524043231614,0.9813014408953759,2.0394944747652564,0.869831070931643,0.12716172635555267,7.864001274108887
Media-104106.wav,ChaChaCha,121.124267578125,0.43729167667980195,0.5448356890959015,0.23781131547463794,0.1971431531823744,0.17823734099049013,0.19500569125443293,0.19501697063195933,0.1998405168975018,0.18954118905903747,0.2272838767109834,0.20624621417694508,0.16123185851398025,0.15212241551730038,0.21300069928224422,0.21004578830284382,0.7832556549145246,0.5411305070357794,0.37415574898816323,0.1899840235710144,5.2636003494262695
Albums-Latino_Latino-06.wav,ChaChaCha,208.6029052734375,0.12557699305970205,0.12822096899940288,0.1762770264526974,0.14015043937680324,0.15230241370307052,0.14981024816445057,0.25388798934268786,0.14869593552175836,0.15112103628941245,0.14539394486538945,0.15228931873603466,0.24246416024840292,0.7095351034814548,0.36510041371141105,0.14889288290225894,1.1203401268240245,0.9046098628289118,0.9117137253091906,0.24875161051750183,4.020074367523193
Media-103906.wav,ChaChaCha,107.666015625,0.37722793194392956,0.5315632141770072,0.20715323665952295,0.24160027305565132,0.22227722414864412,0.18455504915652238,0.19980616208506144,0.1836128681064454,0.17030661322069587,0.18632922082935657,0.2062327841290767,0.174867456107173,0.23534980853581147,0.26753377378809584,0.23011997092485778,1.010721587177634,1.8745661568513776,0.691915937043613,0.1454804539680481,6.873775482177734
Media-106103.wav,ChaChaCha,121.124267578125,0.43803023566788984,0.57468848694226,0.2555798598824812,0.17029628562920127,0.16933644515151097,0.18303083813374035,0.18940079047241284,0.17199303463632876,0.16332876386995124,0.19755809840773564,0.20678891428288482,0.20194592670321682,0.17181934274278077,0.17856199793553396,0.2127341293663197,0.7786941587648603,0.551897689659603,0.39231135459887845,0.2313685417175293,4.322108745574951
Media-106117.wav,ChaChaCha,181.6864013671875,0.18794230648937643,0.19115199231163515,0.20256208893720015,0.25308214960881975,0.1972538942614854,0.21008790353539128,0.20338531871296078,0.19475238009087628,0.23830535185909682,0.5171337530293127,0.38445611223460446,0.20729865218598262,0.2040181323621766,0.19097648186729663,0.2600483029569113,0.9320182253437337,0.9599778506705234,0.8528166333518404,0.20014087855815887,4.996480464935303
Albums-Latin_Jam2-04.wav,ChaChaCha,127.8533935546875,0.2586593707840468,0.6019313940553812,0.45054186204702346,0.2147639448824082,0.18990665019351427,0.1515036466306734,0.16668802757758247,0.16483867951804554,0.13701285132132318,0.16035442239430844,0.23915647706198967,0.15192954546856247,0.15344155690989908,0.17071546067757637,0.17388293857631165,0.891384374549301,0.7786085595321868,0.7373538216106654,0.1874879002571106,5.333677291870117
Albums-Latin_Jam2-05.wav,ChaChaCha,188.41552734375,0.22902140744852426,0.5879591876128478,0.3279842445654988,0.21604612398960352,0.18902503078705182,0.18359719858345488,0.24344043964916187,0.18846803448393284,0.22048048269438733,0.20972834585923233,0.21885226108594621,0.1718914560810771,0.1799043074068984,0.20553407772373486,0.19680277156545897,0.8900354991226349,2.2247924682184386,0.8306981178262546,0.1386406570672989,7.212891578674316
Media-106102.wav,ChaChaCha,121.124267578125,0.44700102383768975,0.5734609954501458,0.24979817791950845,0.20030271625712928,0.1801459190124706,0.16815880380373735,0.17061644260869596,0.13721935507031113,0.14602389737329224,0.22864336080084313,0.23873503958830203,0.15709088887161024,0.16057118899804676,0.1994597800679332,0.19825025621294545,0.8264525533540353,0.5827486675028215,0.44160523165663756,0.2598699927330017,3.8480780124664307
Media-103907.wav,ChaChaCha,235.5194091796875,0.366346423315955,0.4844832885031499,0.22498821767005173,0.19378540229613625,0.21118539086611943,0.18845614859008963,0.1827085507170504,0.17922054302500692,0.20352569758207767,0.25103955332325695,0.2898464058843787,0.24580352778741887,0.22545280325358522,0.21478859068794903,0.226802488692057,0.8583849865172292,0.6823792609920282,0.5644415917318624,0.1821121722459793,5.491121292114258
Media-104107.wav,ChaChaCha,235.5194091796875,0.4657724272422616,0.5962827933569694,0.2202591286295223,0.23533302553019075,0.20897534433740336,0.14950135361934902,0.15358804644525137,0.14477226578231744,0.14091480120003733,0.1802916353582132,0.19462403361481884,0.1549386117357593,0.16433827212590185,0.19655510409533547,0.18207139812753934,0.8053473958537843,0.5635390373461584,0.41320264694491987,0.20194080471992493,4.951946258544922
Media-103507.wav,ChaChaCha,235.5194091796875,0.43261250330794754,0.39198783688418043,0.2339434661097264,0.2276369428652836,0.23071384895656735,0.2463645225471023,0.22858711647203356,0.20138773050332157,0.20270663259942437,0.27640318601891134,0.23333364593279063,0.21486526674028947,0.1866141085222423,0.20536779377068407,0.22540909299506326,0.9717903261275508,0.8685747384595472,0.7725626396175862,0.16980718076229095,5.889032363891602
Media-105604.wav,ChaChaCha,127.8533935546875,0.3992264877869693,0.57050747291484,0.2290458922358616,0.2300425082420707,0.2148621413109143,0.21050148433503454,0.20403482969531275,0.17700287771979592,0.16441325838155313,0.18238331348856296,0.2130093959494508,0.19264852865659216,0.17944802661029935,0.18542194650810903,0.1922401360151854,0.7447085168536771,0.5262747650751995,0.3625219037809153,0.19499127566814423,5.128434658050537
Media-105406.wav,ChaChaCha,121.124267578125,0.4372791151081593,0.6126699169221731,0.2105031522400558,0.1941271913649535,0.16865770223812682,0.18103313403971177,0.1794336488207598,0.15793130825564028,0.16472036826899905,0.18920107278248818,0.1932271453153993,0.1603642366354656,0.14026522526497875,0.2172574020822257,0.20052451305592683,0.824202769549239,0.6225895268127165,0.45388156533993407,0.16443437337875366,6.081453323364258
Media-105407.wav,ChaChaCha,121.124267578125,0.48009918483725295,0.6577942957338786,0.2714611681393361,0.19118843509788994,0.14042029731796882,0.12821062851109766,0.13009752913254533,0.11337976937522676,0.12132594085773743,0.18246709382699836,0.1833526623910006,0.09831038942203449,0.12527393011625435,0.1400631632189434,0.18445185376470977,0.7818836270192818,0.5469735379957149,0.39875136362050284,0.2520125210285187,3.9680569171905518
Media-103704.wav,ChaChaCha,235.5194091796875,0.6207988193311413,0.274275423096071,0.21579498363143107,0.17478246686985358,0.17435332744451676,0.19678771778613413,0.1653760626571333,0.16879071442060495,0.19348303891901572,0.2298375802395417,0.18223742611633012,0.17344854687866398,0.18938817586260553,0.21462550588118254,0.3190823248270546,1.0334898845895324,0.9181111715904344,0.8884123471435474,0.2526055574417114,3.9587411880493164
Media-105605.wav,ChaChaCha,121.124267578125,0.4342920476776267,0.590736128549759,0.25835366043869246,0.16908179052876535,0.17146277760683243,0.15632616508492966,0.16359553004594993,0.16106799315402262,0.1902540436094131,0.20527522358743158,0.19477507342045777,0.17699304593629886,0.19459371300980446,0.1817181973948998,0.20507468313590516,0.7918965321910185,0.5661544340415331,0.40690907068904697,0.16889062523841858,5.920991897583008
Media-104109.wav,ChaChaCha,188.41552734375,0.3970071155127908,0.5767310886444388,0.2174940745468996,0.1759410618633385,0.15309914000256958,0.1884725031116813,0.19746461551243938,0.13830686541456422,0.1664727080507903,0.26167992563566084,0.27919226351731913,0.1648612700079105,0.13781339716191404,0.240525873334879,0.1904285820663691,1.0025656168329828,2.617698092289041,0.8874129583558367,0.20960749685764313,4.770821571350098
Albums-Latin_Jam-01.wav,ChaChaCha,127.8533935546875,0.2396143977176811,0.6831527280242788,0.3643254409266367,0.17219163257010936,0.1668346305412828,0.14688680586277264,0.22093921027355318,0.1333702238381941,0.12890266057183727,0.15343540913067183,0.2635659367542629,0.15016650645517665,0.13640337305747122,0.15543184358957995,0.15017584659210123,0.9089593204129277,0.755171969727977,0.6430776142490835,0.2016705870628357,4.958581447601318
Media-103510.wav,ChaChaCha,235.5194091796875,0.38845504439862255,0.5301305629254018,0.2548917326136689,0.23200920270437692,0.20371200261270064,0.19087600931937954,0.16907064738495606,0.17221580322105962,0.1903763226912062,0.216362439832277,0.23952893073807688,0.19128371340699474,0.19438176781156574,0.24306943474047688,0.19800091555704477,0.7689949897145524,0.6047374777754454,0.46309331534336473,0.15812596678733826,6.324071884155273
Albums-Macumba-04.wav,ChaChaCha,121.124267578125,0.44482199087077523,0.6041247927400756,0.23166971990463384,0.17848046055079825,0.168422646351476,0.16057377654433208,0.1727251201158236,0.15028755273024716,0.1706923372192903,0.21567040585933134,0.21751424576052647,0.16979499853208477,0.15671331890539936,0.17070658377156883,0.19894186970944344,0.7687133911877232,0.5038782869782107,0.33771308237232933,0.1494578868150711,6.690847873687744
Media-103909.wav,ChaChaCha,121.124267578125,0.47468327106192715,0.6193777183437176,0.20652057472460617,0.17691774325021825,0.1548204488666253,0.15984257822548423,0.15228481064052235,0.1697432556288871,0.17151997619144974,0.16526918213465733,0.18410517319662262,0.17053718456134556,0.17291951619795407,0.1786859014588261,0.18448165104765873,0.790521923910592,0.578845897250294,0.4000108166918711,0.15028904378414154,6.653844833374023
Media-105405.wav,ChaChaCha,121.124267578125,0.4282686583969668,0.5816210487841654,0.30062021396819366,0.1873170972424359,0.1614932784957912,0.1600283591339454,0.16381538586950106,0.157803312509337,0.17443919732548308,0.18653505227036835,0.20285055006117622,0.1683571490807261,0.16559049345102844,0.21716898204704718,0.2002917127268485,0.755955607265917,0.544418629856753,0.3972920334530796,0.26721450686454773,3.742311716079712
Albums-Latin_Jam5-02.wav,ChaChaCha,235.5194091796875,0.40585307280798605,0.5382837513444071,0.2071859075735942,0.20802421678137767,0.19568379969444508,0.18875750299965333,0.20345767024894934,0.21327470758477182,0.22089636393641085,0.22706400623236603,0.18808590093236663,0.19689104732734977,0.21567383178611854,0.19041014056870312,0.2031360673631553,0.7443556349978129,0.47296671330011475,0.32561156751691844,0.14483338594436646,6.90448522567749
Media-103908.wav,ChaChaCha,141.3116455078125,0.3327003138838432,0.6763239643464172,0.20836176540631976,0.17834968870198697,0.1876113199521219,0.16601410585780235,0.17006786724011336,0.1517360199661919,0.1603367760909784,0.2025549945521524,0.20637513450755998,0.17298262352919455,0.16691968467589874,0.21469236110036533,0.16959506740999655,0.8454781737035229,0.7110041268265299,1.634784426244528,0.19465935230255127,5.137179374694824
Albums-Fire-08.wav,ChaChaCha,121.124267578125,0.4349001080669738,0.5309299737382158,0.23584876266942348,0.18643764763837617,0.16092127433792977,0.16587461798472172,0.1695066742499784,0.1584404114089327,0.15638528734786453,0.2641481491827111,0.2683923477824806,0.1809231942682593,0.19042661562378696,0.23295919647605942,0.20448755737832267,0.8041225251928299,0.5142754506320458,0.34717115613815425,0.22212305665016174,4.50200891494751
Media-104108.wav,ChaChaCha,188.41552734375,0.39884119049753036,0.6581133912495734,0.19515280057953419,0.1876847165821292,0.16155475216163281,0.15267137084385402,0.16892202500615466,0.1584920399841291,0.17017023787649815,0.20009219974189393,0.229453245491888,0.1537494386847946,0.15094458755988174,0.18224048915474425,0.173669495006932,0.953886918548399,3.0421139785436004,0.8850593174131061,0.1805066615343094,5.539961814880371
Albums-Latin_Jam-04.wav,ChaChaCha,127.8533935546875,0.24598932838388987,0.6084070875016878,0.46606832170518514,0.2203697418389872,0.14549630843866937,0.13922871264396697,0.14253642857198875,0.12381098117518362,0.12187524922395053,0.13498857364339448,0.3174022995895844,0.14946678542603825,0.15321537395187737,0.1401106430834138,0.1675768051426015,0.9032933788493196,0.7936430219843531,0.7250137234501395,0.21818144619464874,4.583341121673584
Media-105602.wav,ChaChaCha,188.41552734375,0.41416617174734266,0.5967607825694415,0.21952861424803446,0.19871807574254177,0.15431427852857185,0.1662418060433672,0.17210258465815395,0.1426016994929995,0.14242193191719338,0.21191039639869105,0.22595303805239098,0.17644471200918482,0.17089502282578073,0.2521302080118824,0.20761791896507825,0.8859818511043912,3.106935055247002,0.9086483290922259,0.20355094969272614,4.912775039672852
Albums-Macumba-01.wav,ChaChaCha,235.5194091796875,0.42138486404321746,0.5764813609291922,0.22641177401188375,0.25349068598402036,0.19251943816360828,0.17134468413848963,0.1509751241902554,0.1311800483204042,0.16221334139221935,0.20651028736484545,0.2196777069214874,0.17110618011042816,0.18487389857449868,0.21492344346596945,0.2032093941747832,0.8094677703413146,0.572501407839634,0.4160113112436575,0.15138261020183563,6.605778694152832
Media-103703.wav,ChaChaCha,235.5194091796875,0.6289868665237057,0.31477860112607214,0.19922496496237105,0.18463609618000845,0.16332444659351444,0.19095167002862612,0.14804478738098073,0.1558754081499069,0.17924753684663933,0.24268068098886242,0.1612318468212519,0.16491232201223144,0.21384201055129995,0.19015931591680116,0.30992372703673704,0.9686199807714387,0.8396270636301284,0.8488030827769063,0.24429389834403992,4.093430042266846
Albums-Latin_Jam5-07.wav,ChaChaCha,121.124267578125,0.45231632271875727,0.60103240575612,0.24589148989415097,0.20822392392411598,0.1685543449831505,0.15104146524128337,0.15623272803374527,0.1571510717608544,0.15699368604303904,0.20257050219569858,0.19470932867344518,0.1491605968299166,0.1624639973026881,0.1860743519621767,0.2077505740619166,0.7278629657004302,0.46345984873544116,0.3063593869629834,0.16045574843883514,6.232247829437256
Media-103702.wav,ChaChaCha,181.6864013671875,0.4500280557782563,0.586873803504612,0.23199473776703125,0.21118713594740854,0.16154701092301016,0.18004514621775397,0.19021486585476602,0.131868565676795,0.15287518182335763,0.244270809941054,0.2197413254229741,0.1332047438863434,0.13489264737997816,0.2046720065639968,0.18273521150372068,0.9022665415535034,2.182251004082751,0.9411915067712328,0.21037447452545166,4.7534284591674805
Media-103716.wav,ChaChaCha,228.790283203125,0.30370685366369216,0.15065537407341587,0.09544429249952023,0.08213425684414734,0.1381347043960725,0.09436556738437889,0.09197374045698427,0.1172564696464985,0.24487094368377713,0.08896509207868412,0.08965037380735305,0.12425851395956404,0.16001006936059026,0.29318896782240433,0.7849192462123177,1.7299973046187143,1.0038168364119058,1.9102262646950992,0.22395245730876923,4.465233325958252
Media-105603.wav,ChaChaCha,121.124267578125,0.42275822177094563,0.578243125688834,0.19289502056365426,0.17177358848770122,0.1664646220822711,0.1804839237775327,0.18602527881709235,0.20163954522251545,0.19874951168727217,0.1975885760899825,0.20601976627045984,0.19298933636350665,0.19728598565899313,0.20833795451088327,0.20997329803157422,0.8050051627240048,0.5847105706513572,0.39328091262381776,0.22779732942581177,4.389867305755615
Albums-Latin_Jam-13.wav,ChaChaCha,127.8533935546875,0.2385867196660172,0.6441000549762281,0.49139467795894387,0.21131245465051138,0.11955855709961861,0.10995731106758364,0.12345132660858542,0.09860552873677195,0.10318766288760947,0.1139545520165617,0.3148892729059754,0.13407443760898474,0.12891326829970692,0.11768998495803318,0.13966949623285918,0.8979984775409456,0.779407211824838,0.7243733137218913,0.24939006567001343,4.009782791137695
Albums-Latin_Jam-07.wav,ChaChaCha,121.124267578125,0.5162981365490787,0.6315287935286499,0.23551375346285536,0.15361513709854502,0.1094176142628799,0.13072285137671893,0.1218735828338507,0.09144196628878966,0.1006824206202051,0.23283286276714577,0.2037678207399821,0.12324820459831501,0.10314744459370985,0.18084936483423927,0.1971354167834673,0.7837278130625936,0.3727112685236252,0.2510266826138466,0.23986303806304932,4.169045925140381
Albums-Macumba-02.wav,ChaChaCha,121.124267578125,0.38918921244228855,0.5154102249558272,0.23521271868333604,0.20931972475324465,0.2119358362628948,0.223824128782266,0.20594006758456185,0.19258873938068577,0.20384833444544057,0.20071535789943057,0.22135996373417427,0.20788676208017046,0.19501951031442316,0.21155790120629422,0.22886944035027332,0.7899399041559746,0.5586925316271532,0.4057796977525868,0.1410125494003296,7.091567516326904
Media-105601.wav,ChaChaCha,121.124267578125,0.4436096802012091,0.5680819283608192,0.2637980352919274,0.19883403967057373,0.16096421672810068,0.1505998600663054,0.15411537103124665,0.13596405176751084,0.14982005012167984,0.21068111275054305,0.21221428436156523,0.15954725615049412,0.17110696629909417,0.228905063073977,0.24807961973632933,0.7953717101334735,0.4941635467029234,0.35317447332320284,0.09914826601743698,10.085905075073242
Media-105417.wav,ChaChaCha,228.790283203125,0.23774464612750237,0.1411828263867875,0.13508266739162456,0.13356899762729285,0.14267250441455998,0.12127423320139741,0.12475816618956766,0.1359481317487795,0.18593646640107928,0.1477090301160141,0.13478177755793444,0.12382886267124386,0.13070797253243574,0.2253249729340041,0.8127739854867162,1.0074655524091733,0.9706582509461793,0.9363197571881439,0.26617032289505005,3.756992816925049
Albums-Latin_Jam5-11.wav,ChaChaCha,215.33203125,0.43862546596290447,0.5530187280408849,0.2554127760425612,0.2460534228752451,0.19110968924235497,0.17591611805849167,0.15952503494937456,0.15532234883035842,0.15626200956990266,0.17259685936595706,0.183090681057662,0.16566935500858912,0.170752429917667,0.24795029684733824,0.2305332623011478,0.5899087412823615,0.7852706290582052,0.7217164614903624,0.2084934562444687,4.796313762664795
Media-103701.wav,ChaChaCha,121.124267578125,0.4149078168057369,0.5608929142892084,0.24947443242526915,0.24910738036517258,0.2172465110541598,0.17214234480467958,0.15145846606738042,0.15595705861349227,0.16419510324175582,0.1760989344127553,0.18826744376954221,0.18107002248444493,0.21866438008215242,0.22061381223071713,0.20537999667162393,0.7964963952317652,0.5919855309540407,0.43591620864971736,0.22336067259311676,4.4770636558532715
Albums-Macumba-03.wav,ChaChaCha,121.124267578125,0.4304441852275921,0.6022660388872093,0.2137542163995883,0.19366170871629837,0.18263296663909004,0.17504470581549206,0.18382259773763474,0.1804510140978426,0.18352914717054758,0.19621054970882265,0.2123727799200267,0.16062156837427943,0.1749584652431342,0.17742924848601582,0.1824124928705865,0.7432807907238383,0.483969766725565,0.3344736691185139,0.1533048003911972,6.522953033447266
Albums-Mambo_Kings-11.wav,ChaChaCha,235.5194091796875,0.33650899574431553,0.2234355322937912,0.18964323123049784,0.18205662093404815,0.15899690255705098,0.1301345924746265,0.13283637694031364,0.1637555247883077,0.1993579676003409,0.19653702467525783,0.21940728394004325,0.22464189006339796,0.2682102811258867,0.28233912699748176,0.5936552992513473,0.9956887948837713,0.8549171892329267,0.811010517410916,0.2479698359966278,4.032748699188232
Media-103410.wav,ChaChaCha,121.124267578125,0.4377493653568403,0.606699441485887,0.2299086569345992,0.20401258173851872,0.18156209364112505,0.18454750973856038,0.16145602143271565,0.16549342619597393,0.14915254173321363,0.17352611667494552,0.1902708209824149,0.16946583795458556,0.18189425220977215,0.19379212591354278,0.19342466787489507,0.7450981176258,0.49185169267952744,0.3400688315301863,0.15267980098724365,6.549654960632324
Albums-Latin_Jam3-03.wav,ChaChaCha,121.124267578125,0.42393444964603777,0.5842369152078822,0.2254087657438207,0.2019149122168201,0.1640980147765932,0.168348443991493,0.16235897119744092,0.1671605909405299,0.1696580830031455,0.20285230294673873,0.23087737152608898,0.1773550921687919,0.1685569350997961,0.219099676182011,0.21607265053394153,0.708556815994527,0.4276518551158304,0.2838424639312361,0.15805570781230927,6.326883316040039
Media-103404.wav,ChaChaCha,121.124267578125,0.41870382979026544,0.5233369445361159,0.2571752427411929,0.22800436519554831,0.1973583819601891,0.19061322737284547,0.17148254917231948,0.15164067021995215,0.15508290117491913,0.18523779072758065,0.2223746887398886,0.19088365259969126,0.1910739121130674,0.27072002333510004,0.22571258530118576,0.7461730440642134,0.49573952815886274,0.35329484003345557,0.15281307697296143,6.543942451477051
Media-104009.wav,ChaChaCha,235.5194091796875,0.38639911073083255,0.22553113810131908,0.2239775188503173,0.18599814660171946,0.21692647693496941,0.18677523808120974,0.18493123691809293,0.21154133989380924,0.2466390568656916,0.21805248187828832,0.2151433784659164,0.25202865332812324,0.25159894513284686,0.22817725865145305,0.4697117110282048,0.9875815241277719,0.9110891642037912,0.9012295130153013,0.21362470090389252,4.6811065673828125
Media-103405.wav,ChaChaCha,121.124267578125,0.48038577864879284,0.6322847976624133,0.2532590505395529,0.16527330564996198,0.14346020396711337,0.15091444266717088,0.1319379296785253,0.12333324445812263,0.13447897484599663,0.18702579299529848,0.22091235183013325,0.1479657466228329,0.1394360592871903,0.14477343796979428,0.1945615229561673,0.7531316058019643,0.49716361345813287,0.3302028818960628,0.2166161835193634,4.61646032333374
Media-103411.wav,ChaChaCha,121.124267578125,0.41878702287697894,0.5454657128379933,0.2639944239987458,0.215205972730474,0.18714610620817165,0.18335231761896598,0.17772666091903772,0.16835198445913604,0.1744113964375205,0.19181607414156765,0.20390685477096046,0.18345030044823438,0.19311109471189808,0.23442343824062997,0.2186687492713646,0.7387166770047482,0.5266994246145174,0.3859093265183595,0.16455544531345367,6.076979160308838
Albums-Latin_Jam3-02.wav,ChaChaCha,235.5194091796875,0.41975487693821073,0.6154995919197871,0.2044306061932282,0.20739991980196373,0.18506628779177686,0.16285528421500797,0.16421879837100128,0.14419212040132295,0.16331233363230466,0.21684913722587898,0.2069987837976426,0.20060854457705052,0.1726306121899385,0.18600345155370038,0.17448087807757276,0.6911760045890817,0.44051384872847177,0.29340318070449206,0.1904498040676117,5.25072717666626
Albums-Mambo_Kings-10.wav,ChaChaCha,201.873779296875,0.17905376250818214,0.17967684580934218,0.1612350855312148,0.15390753832294285,0.17009134657643124,0.21758823297146526,0.21104970401767095,0.2109749021787342,0.21167941173874946,0.2435131140173972,0.2608784714625494,0.44608650043535847,0.5026439867708816,0.2545083789090323,0.1790546303842429,0.9706184357602997,0.86683189260749,0.8539716459316541,0.2203684002161026,4.537855625152588
Albums-Mambo_Kings-12.wav,ChaChaCha,228.790283203125,0.2780481571635354,0.21900634375693542,0.2459857389717531,0.22007876437955812,0.21375522553690007,0.16897900312373357,0.1940722876337983,0.17260650039589961,0.2205882979624359,0.18156868691254477,0.18182015732015752,0.24982234119032753,0.3084593740990633,0.36589902134156826,0.46685554973391336,1.0177211059987803,0.841296500978942,0.8594696784438641,0.2303573340177536,4.341081619262695
Media-103407.wav,ChaChaCha,121.124267578125,0.45357027704533653,0.593305489068599,0.2582964140179817,0.17232251096591408,0.15702809141386911,0.18366500212745435,0.1974405189016825,0.1695517785303712,0.17524312459372202,0.21742495093619826,0.21777241047011803,0.14999073059388213,0.13618792482378186,0.14898149842498867,0.17629763118547265,0.7528315512211694,0.4665295558913457,0.3093370616105315,0.21384885907173157,4.676199913024902
Media-103413.wav,ChaChaCha,121.124267578125,0.4406025787146102,0.6116270811228303,0.21852974224685576,0.18295461133471363,0.17985405375804142,0.15946201323213885,0.1584629770196472,0.1356837963626916,0.16157599531759087,0.20281605531930824,0.19831788423361582,0.17230935596639355,0.17841991825027817,0.2055173079898236,0.1972945467647148,0.6986413882635838,0.3775076827660826,0.21735635556526708,0.19974955916404724,5.0062689781188965
Albums-Pais_Tropical-08.wav,ChaChaCha,121.124267578125,0.47420432793599415,0.6000784634793432,0.19054335176424433,0.1687276293791205,0.16720416011895156,0.16842366063465455,0.17512079442723433,0.15394398884164556,0.15648554314512791,0.213510685253863,0.20945025182147184,0.16808690837384496,0.15732281837367212,0.19756094533126817,0.18328271949819444,0.7494005376053124,0.46470262685756863,0.2849295503581141,0.20535701513290405,4.869568347930908
Albums-Latin_Jam3-01.wav,ChaChaCha,121.124267578125,0.46666922791964577,0.6256270173726157,0.2649227155893326,0.1801755715170338,0.15048562422342926,0.15574794345522525,0.15671897310240282,0.1345991687696198,0.15133799813871499,0.2064777654824975,0.21287858562140846,0.13112205064201918,0.12220862283427444,0.14445404586092878,0.18637008002026223,0.7041935101899445,0.4266412222793036,0.27684489129208034,0.20861825346946716,4.793444633483887
Media-103412.wav,ChaChaCha,121.124267578125,0.4382356085154197,0.6048427501785577,0.21438808988183589,0.1964491179596647,0.17407366799445023,0.15445265082183066,0.17769780073223904,0.13379360508987315,0.16370952194802132,0.213797630680278,0.21899091469931692,0.15747496595390548,0.16768763906679282,0.20915933154173713,0.19181605569277937,0.8056120399427591,0.5565232741655654,0.3767459865438771,0.1984446495771408,5.039188385009766
Media-103406.wav,ChaChaCha,235.5194091796875,0.4387363933917756,0.6123372464579048,0.22240172298415423,0.21406640358408746,0.1768966395008709,0.1684700508481335,0.17573635640052698,0.17217690182905948,0.1635133005720884,0.17759942039291224,0.19557160795776093,0.15077365040083734,0.15004640391689678,0.19298266043015336,0.1950601419126295,0.7839010191088416,0.5596839512256737,0.3751204644578838,0.12422623485326767,8.049829483032227
Media-103604.wav,ChaChaCha,127.8533935546875,0.3978799308406167,0.6645506864673437,0.24819302858730286,0.163959217061444,0.14492768210289841,0.1353701130909218,0.15327788889262475,0.12543521236208222,0.13418322801147387,0.18624969451045953,0.26725402471891685,0.13641036928593447,0.13622546744485783,0.19194394955230734,0.18680976809933936,0.8301967171812602,0.5906385715534376,0.39764064626697926,0.08270718902349472,12.09084701538086
Albums-Mambo_Kings-03.wav,ChaChaCha,228.790283203125,0.2668131206546522,0.175628882183082,0.14825137681774653,0.15354622728636214,0.17187890062954125,0.17817708477899435,0.16304762072605525,0.160479529078744,0.19280055857212078,0.1438393899795847,0.15426103411354128,0.15501016162206135,0.16802232814890208,0.28315176300749445,0.7243547734705442,1.0136489449601471,0.8928597032954384,0.9035724377079419,0.2620626389980316,3.8158814907073975
Media-103402.wav,ChaChaCha,188.41552734375,0.4335610095018957,0.6012899402682863,0.22935922422075794,0.18054833186060895,0.1705960830505727,0.16698527290482787,0.15929121557453704,0.13753291467639026,0.16235163375012662,0.19558401741879605,0.22132262940764574,0.18707876324091216,0.17388719640406822,0.21401128172000786,0.19840587045192146,0.9614488182478441,2.501515989299131,0.9009412228179573,0.19100427627563477,5.235485076904297
Media-103416.wav,ChaChaCha,228.790283203125,0.3601505272669198,0.15534912802752385,0.15067194485529506,0.11292590064217334,0.13644809834994734,0.0858917859090924,0.10183957872584909,0.10370645374205587,0.20239939496467935,0.10048748961508655,0.11061509032036843,0.15339775196598385,0.14531308207018714,0.21109892159044577,0.7817120158165316,1.0536350122360625,0.8798442331907197,0.9549874433816505,0.24804161489009857,4.031581401824951
Albums-Cafe_Paradiso-05.wav,ChaChaCha,127.8533935546875,0.3192187583938034,0.6205807979135928,0.2742357660572318,0.22073605584240652,0.20575293739121242,0.1819980592199418,0.16718284352947707,0.146854308248521,0.154338763877771,0.17205856005558007,0.23553622796157803,0.17387121371346329,0.17584243802249316,0.22624698269280222,0.20696367806532334,0.8418099839436942,0.6386327933023821,0.4405844334650878,0.1722954362630844,5.80398416519165
Media-103417.wav,ChaChaCha,222.0611572265625,0.22710530874493734,0.16675104101313734,0.12382767062820658,0.14951944300771156,0.12884179187695796,0.1106360792449457,0.12510289941697753,0.22747001982011567,0.15579491912229426,0.11723140776659464,0.1306260881242723,0.17140164014943018,0.2464055022249732,0.5518465474873129,0.5805056227547388,1.2466105499368265,0.9521298457357145,1.132765545717504,0.25851860642433167,3.8681936264038086
Media-103403.wav,ChaChaCha,154.7698974609375,0.40727764146449025,0.5354139717406343,0.23451854507942288,0.20212711719363993,0.17454405276817192,0.21697962688177264,0.19868050586760022,0.16237473827266052,0.19333469467668754,0.22234325257663398,0.24646321851391007,0.19760214694290368,0.17458710519462312,0.21993809253071897,0.20678061737598571,1.1259782296544796,1.0714321858256937,0.7858492392639004,0.12508337199687958,7.9946675300598145
Media-103601.wav,ChaChaCha,235.5194091796875,0.4088339145488108,0.17337351855993727,0.1507296143558069,0.1423724634338585,0.1495383204113971,0.13775408347173773,0.14963961236344883,0.1495175206713438,0.2321546684102591,0.15771532698910293,0.1596713906681131,0.1436306422556642,0.14614055788338873,0.19069876889998214,0.700788132808426,1.0836485124951214,0.9165857054671094,0.9207530724124255,0.2633613049983978,3.797065019607544
Media-103617.wav,ChaChaCha,215.33203125,0.14305267227496038,0.15058996373796152,0.1699812006977584,0.1849922181787696,0.15328572931338016,0.14169086072114861,0.1608371131260217,0.18801948021970882,0.1546878649371773,0.15726342910524088,0.17344496075900992,0.19100852403823007,0.28057725608733053,0.738323088175321,0.22333391625152865,1.0100853149970257,0.902000879091935,0.8566348680857305,0.2114533632993698,4.729175090789795
Media-103603.wav,ChaChaCha,235.5194091796875,0.528278281039259,0.4783802372081012,0.21278112691771753,0.17912085124494084,0.16237971361751652,0.18975580820307184,0.1704728054973491,0.16189337411845797,0.17550998028036366,0.27479747466705234,0.20460223217785417,0.15893222592211834,0.1677542629236465,0.20528500932445012,0.23096986833008903,0.9016771257580486,0.7083713006586699,0.6038528468688945,0.20277871191501617,4.931484222412109
Media-103415.wav,ChaChaCha,235.5194091796875,0.6487078833422341,0.2990882170151381,0.20185924653797832,0.17281194640712055,0.15388002588106509,0.16090087531308564,0.124538995330697,0.14450120652553952,0.161666685208966,0.25318361649788373,0.16611909461925475,0.17164276736300266,0.22900570109285043,0.20741672256807217,0.3006564822567347,0.8982869639774155,0.7739975403990105,0.7624408790874643,0.2079555094242096,4.80872106552124
Media-103401.wav,ChaChaCha,188.41552734375,0.4640435224666471,0.6628776381969549,0.241085491448694,0.19538135785510838,0.14598216074696646,0.11143175259103126,0.10188174031786225,0.09762636074756427,0.11063795308619678,0.17362880610888004,0.19878703699925318,0.13060653930062877,0.13572197507715797,0.2025331507074297,0.19214559576187648,0.95048658589748,3.500848176105319,0.9532985612315743,0.1431938111782074,6.983541965484619
Albums-Cafe_Paradiso-07.wav,ChaChaCha,121.124267578125,0.4684828407705015,0.5968335431818272,0.20421133566899866,0.17318099758769065,0.16078275897302483,0.1788901413131438,0.18728838630622854,0.16993782818940326,0.1604046002596918,0.22274507170785868,0.20159491764477935,0.14220453861544902,0.15551248947448024,0.18737420582620856,0.18790999704460856,0.7869446579542971,0.43670823232306716,0.2857267302969242,0.16427305340766907,6.087425708770752
Albums-Cafe_Paradiso-06.wav,ChaChaCha,235.5194091796875,0.5053344804716163,0.5219669771641203,0.18294251617041013,0.16986256456758622,0.17520716315866955,0.17697731569449443,0.16324438024413462,0.15915120276705144,0.16800790652997522,0.22857794444003973,0.1931346513933005,0.19885501922017426,0.1951282863310899,0.22518531663112126,0.22308654976200049,0.7944390411827904,0.5459336707777527,0.41871846072646235,0.16786105930805206,5.957307815551758
Media-103414.wav,ChaChaCha,235.5194091796875,0.40765731687178025,0.6395367046327415,0.20864449414044337,0.20896566623656124,0.17635241225622572,0.16076606755706024,0.15794299564937814,0.12602096915137295,0.15505649574038088,0.20574204291937032,0.20923136356961997,0.19330227206265374,0.16461299560729778,0.19567845023383984,0.1641116489169692,0.7428319619112808,0.5096072844910708,0.3605363167145623,0.17250438034534454,5.796954154968262
Media-103602.wav,ChaChaCha,141.3116455078125,0.38139533951498056,0.5030800516487008,0.22761866767382005,0.21590198111248468,0.2168878405311557,0.1756716424912408,0.1613549867743206,0.1766138520393066,0.20324807469058184,0.23040955871846264,0.2536966028410992,0.20688667243419162,0.224997882080676,0.24743865430317355,0.23341603790254867,0.7393095826257705,0.7822556148403623,1.7608804904413144,0.16169129312038422,6.184625148773193
Media-106008.wav,ChaChaCha,188.41552734375,0.3951367853986558,0.5383233792995228,0.23937126314001528,0.22073116586881222,0.18880360300695562,0.17011342314614855,0.15989534322499954,0.1260357651562871,0.15049468866246957,0.24298224338979735,0.25658906387330727,0.17173253143176398,0.18518686026216014,0.2727884009201987,0.23725594183239565,0.9384787712150487,2.4349320490570814,0.9536994554611976,0.15669536590576172,6.381809711456299
Albums-AnaBelen_Veneo-13.wav,Rumba-American,168.2281494140625,0.23584515395156064,0.27881928307812043,0.4595027070233904,0.2824480075207953,0.23292559131222249,0.22485719316241715,0.2204705588797455,0.24656675652503401,0.2330721675751077,0.25181397797258953,0.23551011045158204,0.22276974689650444,0.19603113600998082,0.2133216533302752,0.23396818959702897,1.0768171664555908,0.8871539541369332,0.838970084538723,0.16664105653762817,6.000922203063965
Albums-GloriaEstefan_MiTierra-04.wav,Rumba-American,235.5194091796875,0.44326625942386155,0.2664090688421313,0.24143738328740869,0.2075410796153823,0.19756977020105174,0.20574140380509448,0.2130940385149598,0.22114067234550983,0.25393141768415184,0.26068555525474224,0.21861739783415204,0.2491262995183229,0.254883510402554,0.2507879908102727,0.29213779694285064,0.9813036974091736,0.853518374184872,0.8203653328924737,0.18027301132678986,5.547142028808594
Albums-Latino_Latino-05.wav,Rumba-American,222.0611572265625,0.25605554466853586,0.2492774485172998,0.24063804054972668,0.23210531344696406,0.2253405627889675,0.23293169616403814,0.24577059578652782,0.26718078549344704,0.23463271889586748,0.22707260214429037,0.19115189319416256,0.19848903529905795,0.25813329151365,0.386225726319275,0.35403098130528377,1.1525209926761408,0.9857185552247326,0.900473258880566,0.17017002403736115,5.876475811004639
Albums-Latino_Latino-10.wav,Rumba-American,222.0611572265625,0.23053132575316296,0.23438911312165098,0.22434968146176748,0.21793398516237886,0.23600075042962196,0.2233687229431009,0.21491497845547067,0.241605529391371,0.23303652617526158,0.2237404273987749,0.2114085149238679,0.23678505784983986,0.2541726384464732,0.3877603274886494,0.4047827846506971,0.9360288197215227,0.8445919983239448,0.793776406692867,0.19762572646141052,5.060070037841797
Albums-GloriaEstefan_MiTierra-06.wav,Rumba-American,134.58251953125,0.22316392424164236,0.24545344510187056,0.39896200415046984,0.26142627434146315,0.2313096702742856,0.217243039039323,0.2317033640850451,0.2305201666104256,0.2553141344205741,0.2763482916171171,0.265119693609692,0.27751338499827494,0.243213202461035,0.22801976002532953,0.2343286254304536,0.9005481453827404,0.7845019751146128,0.6309348911265688,0.16711054742336273,5.984062671661377
Albums-Latino_Latino-09.wav,Rumba-American,141.3116455078125,0.2326888632100578,0.23983549224631098,0.26176825554786043,0.4859296594318315,0.3457642551669419,0.24034253108400402,0.19865824818562955,0.20792344586739,0.2340900562415771,0.20535416453277602,0.21795298645720004,0.22029654078679597,0.2453337961776329,0.19543816594083016,0.17967347882390192,0.868803264977312,0.7723964269331093,0.6448584427187597,0.12624649703502655,7.921011924743652
Albums-I_Like_It2-09.wav,Rumba-American,235.5194091796875,0.29428503809473666,0.4726994930245852,0.48685758540429447,0.29071963022227776,0.2001296325375646,0.18808465516854622,0.1783038326338898,0.183747052079269,0.1738144785771999,0.1495445747878996,0.1756738453214249,0.16868683351089364,0.17113729718805948,0.18556294734708648,0.22761188044097602,0.701441497266175,0.5930689465358292,0.5892486062240758,0.18287770450115204,5.468135356903076
Media-103814.wav,Jive,174.957275390625,0.2454759870706662,0.24753863731117606,0.24981101614700327,0.2076201915920089,0.22972174129243625,0.21922186938058238,0.21343705272447536,0.3222069996405219,0.4365652599126727,0.2574047413938573,0.20323642229940844,0.20493222097216346,0.242655489663308,0.25861360802181516,0.23841156016518436,0.9805179208196505,0.8569882347156277,0.7617081802819167,0.1613297462463379,6.198484897613525
Media-104015.wav,Jive,161.4990234375,0.18302968597880767,0.19601332668473842,0.1541873687645149,0.16986742831836124,0.21120484148225943,0.24892084005116777,0.41328866883936555,0.5462345243589847,0.30333473381394965,0.21978090288712193,0.1915404291489525,0.18387920138345556,0.18757733979331334,0.15756679221737735,0.1699235643664113,0.9714369887136061,0.7920819779039193,0.7234712634530037,0.21926026046276093,4.560790061950684
Albums-Pais_Tropical-16.wav,Jive,168.2281494140625,0.14959312662101032,0.19317561992353305,0.18299450077663076,0.17332414127185541,0.16846976952597623,0.18859186157251287,0.2135307207896012,0.4199639778290314,0.6299378458605032,0.23545865404933927,0.1788745143237089,0.16318730613562935,0.18553211343540627,0.1520166540981355,0.14980948491640697,0.912647837033182,0.7809999817782665,0.6770946538998437,0.23255690932273865,4.300022602081299
Albums-Pais_Tropical-14.wav,Jive,168.2281494140625,0.2265437244406182,0.22767727434191987,0.17381428801479235,0.16851202919930522,0.18604668720689754,0.21107803761704327,0.250855030298326,0.5613715109396414,0.3263358496079131,0.21614869480367205,0.2194425245415291,0.19381118866492794,0.2393463186646132,0.19503738412735028,0.21619522834057658,1.0131675015312844,0.8694863893197213,0.8338707057483127,0.234441339969635,4.2654595375061035
Media-104017.wav,Jive,174.957275390625,0.19849393597761178,0.2206746577680477,0.21480374072439376,0.1878128125241718,0.16721021819149148,0.17167708554324007,0.2373889280115043,0.4035712977897933,0.5404374387421168,0.2386882308091961,0.19068260969652517,0.191489081318483,0.2127919715548557,0.2234129206952072,0.19122395245779045,1.0312002798784725,0.80814747914096,0.7219352639427495,0.23984770476818085,4.169312477111816
Media-104016.wav,Jive,168.2281494140625,0.22262654042156932,0.2317570976978214,0.22565219800722913,0.1906064433889957,0.1803372481322764,0.2152479821670559,0.25573355203845455,0.36178392320178093,0.4833151664766867,0.24837708267527653,0.20354869729660852,0.19878419022889934,0.24893271385265917,0.2254738570471668,0.2128331712510311,0.9362911915487299,0.8252503191701228,0.7095154731129724,0.22579383850097656,4.428818702697754
Albums-Pais_Tropical-15.wav,Jive,168.2281494140625,0.22152291236429567,0.22741854827319158,0.20039231175479674,0.1762894873920956,0.14205744302951923,0.19501901490202783,0.18801497624953892,0.3862623692712227,0.5501330866672562,0.22173615626622245,0.19756465288206826,0.18986261121292677,0.22632327915403724,0.25586428502470115,0.2040359292771181,0.9249129632848309,0.8112687629607349,0.651104710603246,0.2764891982078552,3.6167778968811035
Media-103619.wav,Jive,134.58251953125,0.1581026710473296,0.2509210565086151,0.5241152407132483,0.44761258364778717,0.22542152291922554,0.15699953992648985,0.1508652603396639,0.14277823932880127,0.13561396594126762,0.14152559974799703,0.16221202266114793,0.4096746317515525,0.19869983640244043,0.1562908888894127,0.14799842232222443,0.9045783117720403,0.7639955056797939,0.6588019998316638,0.25373417139053345,3.9411325454711914
Media-106017.wav,Jive,174.957275390625,0.14434295291642743,0.2111509851618016,0.23741117905646272,0.18692000276044557,0.18409972453806178,0.20682933681102342,0.22934914933137754,0.35657042349903656,0.655305905900347,0.20411289197293958,0.19271279196123084,0.1688804749740274,0.13145439906616613,0.13320805704279043,0.12284645780931597,0.9295594274365517,0.7772868794485079,0.6997727003282904,0.23934334516525269,4.178098201751709
Albums-Latin_Jam4-05.wav,Jive,174.957275390625,0.20304685627868427,0.22609612330078177,0.21726406761616537,0.18936567273593283,0.1715670628140123,0.1962289499185124,0.22042507106017425,0.26745149103662913,0.4822884284988197,0.3374583907887101,0.25172738813700557,0.21841083098750963,0.2515204370488205,0.253406820448604,0.22694295438699527,0.9620286686849263,0.8975596426510716,0.9083644934439863,0.28070372343063354,3.5624749660491943
Albums-Latin_Jam4-10.wav,Jive,174.957275390625,0.17978919995635717,0.18650070537304178,0.22870040230868632,0.18858174665570668,0.17688135178689862,0.18387302339778594,0.2057018244184933,0.25617877840657066,0.6313331401133846,0.29165783503034826,0.18930754929494134,0.19578315622164422,0.16919709737252941,0.23056086218892677,0.1799696777665162,0.9612745116477892,0.8680533879337649,0.9015724712649793,0.18275186419487,5.471900463104248
Media-106016.wav,Jive,174.957275390625,0.2050333430822093,0.2494624442621477,0.24110890979210914,0.20188843365032047,0.19779817253268475,0.2078877603925575,0.22866390020762728,0.37922737929453576,0.5189807376623415,0.27807149279713733,0.22929851385124306,0.1706586961638334,0.1626234785625516,0.18287276544213366,0.17360744321415725,0.9449629376959716,0.8302220805584665,0.780160997375797,0.22859333455562592,4.3745808601379395
Media-103813.wav,Jive,174.957275390625,0.239740674336122,0.21980286620083292,0.22589195330689957,0.19348275064528211,0.1716866760961757,0.20620907814013767,0.20623615575472173,0.36090575006780146,0.5543587950480904,0.228052559318458,0.1802481509935653,0.18395851911630606,0.19095756917021373,0.22751147869331717,0.21699195001725982,0.941011261646556,0.8572412947352581,0.7202610640760564,0.25877416133880615,3.8643734455108643
Albums-Commitments-10.wav,Jive,161.4990234375,0.27843065740502493,0.20632489022792178,0.17522051433949826,0.19963458620210545,0.2173786236422844,0.26557071121605025,0.4381660730294534,0.38197380229929845,0.24936428387675558,0.20904621108966223,0.18804992733980666,0.2532978937001951,0.23870908154158213,0.2079638492474806,0.2191780084599769,1.0149334156458838,0.8626790926616417,0.9281879548919078,0.21418705582618713,4.668816089630127
Albums-Pais_Tropical-13.wav,Jive,168.2281494140625,0.18322744691174672,0.2352843824217747,0.18905282161247197,0.1780627331634752,0.2046037064112511,0.20920267326442546,0.2955161195411624,0.5633583940783206,0.3783906988682542,0.21514931843156776,0.23025289290139295,0.16130250261007947,0.18598940051759258,0.14966231215836684,0.16672209357238063,0.9515932126724096,0.8638498205148981,0.7994722707163366,0.27340367436408997,3.65759539604187
Media-106015.wav,Jive,168.2281494140625,0.16918386237354843,0.20783959353245754,0.16497756518200585,0.18159799622593945,0.2088101129346567,0.21105498739784395,0.31523774895355033,0.5213370074231145,0.3904050244311524,0.21084101373359346,0.23375360740062817,0.19050393929403936,0.22860799808643745,0.17279732324507177,0.1968452753816836,0.9432925984963471,0.8696852741885864,0.8586063937119199,0.2622002065181732,3.8138794898986816
Media-104117.wav,Jive,174.957275390625,0.09420677723937897,0.13945985941825598,0.1515129881519514,0.09790648620298806,0.12080040810663548,0.2015204991100891,0.23338503942496097,0.4202668699218683,0.6545309003759869,0.3039692328107142,0.21567926176664518,0.15681775774435397,0.1502810119924674,0.1794725798359464,0.07826851059704777,0.9624647377478462,0.6148862625483172,0.5534569833798929,0.2330332100391388,4.291234016418457
Media-103917.wav,Jive,127.8533935546875,0.4315981246284669,0.5592831164180684,0.26495788444529,0.1699815366574814,0.14563391783001578,0.13793226079737236,0.151342542028104,0.13476833636815033,0.14253500761217294,0.26431683548601664,0.3339053315036862,0.16692915079153334,0.15955101375681532,0.1659121980871693,0.19495210153959136,0.7329136460987152,0.4692654373375542,0.28829360924883535,0.19876573979854584,5.03104829788208
Media-103718.wav,Jive,127.8533935546875,0.3624301982060853,0.4797651774740672,0.2827927144320378,0.2164497834105956,0.2025927336711138,0.21489327589205337,0.2240088276201136,0.19480194190886016,0.19149566940784546,0.2523068264806444,0.3112843549942395,0.18919812297445257,0.1651875373196121,0.19567883417668666,0.19415580478495265,0.8233324330817142,0.6910566515939015,0.5580547118454476,0.19048091769218445,5.2498698234558105
Albums-Latin_Jam5-09.wav,Jive,174.957275390625,0.17241643179093608,0.17093275055033594,0.1685244734107225,0.17505873530971774,0.171019704690781,0.18658188485837873,0.18442976033744626,0.22668696535599514,0.6852967894898562,0.29040409561796515,0.1941058034539665,0.1880825130339192,0.16938122902310973,0.21655639886637135,0.17303657493462715,0.9621962762234307,0.9080621698863258,0.9066234723143568,0.19655513763427734,5.087630748748779
Media-103719.wav,Jive,134.58251953125,0.1554270533682616,0.2226468754600007,0.4104618992311078,0.5771100063256256,0.2682021619180823,0.1722306352959426,0.14427542090819112,0.16222612694093835,0.18279651280203857,0.14246141146741514,0.12739639436686795,0.24955450970658977,0.2977554356181241,0.18543418631358177,0.14403511626943122,0.9204540400626632,0.7204217164242139,0.6330206209930556,0.23728005588054657,4.2144293785095215
Media-104116.wav,Jive,134.58251953125,0.19383897443228917,0.2231664701306962,0.34836930360867496,0.515396553043289,0.2610446559022633,0.200554955298475,0.18190949285877972,0.1854224170500586,0.1855730375288416,0.19780875289656846,0.1971332765408055,0.27981108486294526,0.2981042559367474,0.19138900877144938,0.18322645608598515,0.8772873861491738,0.7623729432728852,0.6249480511630257,0.25391334295272827,3.938351631164551
Media-106114.wav,Jive,168.2281494140625,0.19076926903755376,0.2539838720814215,0.21467835535848281,0.225136600142922,0.22600200603243564,0.23247345849969658,0.2904375102570078,0.4713554591150305,0.3691445539516248,0.23471712025985872,0.22276690998970264,0.19011076572732874,0.2193689776403834,0.18300935711979346,0.17869824022451647,0.9839279793067106,0.8919593022965461,0.8258648401171031,0.23539263010025024,4.248221397399902
Albums-Latin_Jam2-12.wav,Jive,174.957275390625,0.18267173054132957,0.19567219033140243,0.27609635871990734,0.18916906510049364,0.19536753626230094,0.21172071863647698,0.21473375951236762,0.25151023147444806,0.5513853402124836,0.28172184880503703,0.22159979271874863,0.2139013379197797,0.18086398402971085,0.2895053818160783,0.17084726089395125,1.006929164192133,0.8523444773795729,0.9287510835115286,0.12228751927614212,8.177449226379395
Media-106115.wav,Jive,174.957275390625,0.22006091217671458,0.2258072085151088,0.19806941246410714,0.20295446964599995,0.17734834639584574,0.2070110581378836,0.22940418935576426,0.36773792677381933,0.519075088957534,0.30852177897392474,0.2502244636803871,0.1990938127681567,0.17364811285063161,0.1763385122718603,0.17284272902776834,0.9328788994609905,0.8263008224033347,0.728616523368686,0.20984956622123718,4.765318393707275
Media-105420.wav,Jive,181.6864013671875,0.3847380511832414,0.3911027819260713,0.2261447811201545,0.19389844588131316,0.14933004954103,0.19033663801671447,0.15848901698468032,0.1552974851607498,0.19606480128621084,0.4472957528351889,0.3019931609947772,0.17595609858523517,0.16647562948898606,0.2343016464802369,0.24336574994650426,1.0177526000142418,1.1952941461151516,0.7133358920372683,0.2227790355682373,4.488752841949463
Albums-Fire-12.wav,Jive,181.6864013671875,0.18714483317680305,0.1942863539374964,0.2240439870706384,0.22116795226904132,0.1794630085314209,0.18949193143410262,0.20676794683221558,0.22410134391058142,0.38776361338968396,0.5527237417169504,0.2562473587318195,0.21322417623688245,0.18404321352276956,0.17989297987047595,0.1838621542895339,0.9775162710069749,0.8631364083910599,0.8326147217358896,0.23789562284946442,4.203524112701416
Media-106116.wav,Jive,174.957275390625,0.17650824254386888,0.1884176735889873,0.18494465640523738,0.18799321693255597,0.18456233881963027,0.22253342454677974,0.2514149021822889,0.3820937685988741,0.5720350734999391,0.2648510027243066,0.21478856447241007,0.19164942132220741,0.17751335711932562,0.18030418841830115,0.1635657747177406,0.9033329726247767,0.8137539464908985,0.741580421816889,0.26424717903137207,3.7843356132507324
Albums-Latin_Jam2-11.wav,Jive,174.957275390625,0.2008675554877086,0.21721905665387534,0.2780751259146542,0.20462427045494758,0.21681597302743247,0.2007587969464819,0.18882523132174034,0.2780834715037222,0.4617071952412075,0.3233186795376548,0.22788220057926384,0.20686105385902018,0.21705167428507655,0.2888747765469331,0.22356706285505984,1.158173251029728,0.9070705644360647,1.0339058559939074,0.24718764424324036,4.0455098152160645
Albums-Fire-07.wav,Jive,174.957275390625,0.2164387074554937,0.24698748164642856,0.2887980307680367,0.20270399493720906,0.1753563168771453,0.24548173206179333,0.21942194654584582,0.28018041603962435,0.46403044129471305,0.2618881006712682,0.244548430518844,0.2736098410690622,0.18413386886664293,0.2518500251789004,0.18463601576133787,0.8992719195266653,0.8191313740896337,0.8537887076342465,0.20354941487312317,4.912811756134033
Media-105413.wav,Jive,161.4990234375,0.21205976569634846,0.1845897704346301,0.17968046355269682,0.18162368733132428,0.21478925486868883,0.2981833795717717,0.5819792835244182,0.33296140240035366,0.21381100997873181,0.19146238503149515,0.17457065473616135,0.23895611939474662,0.18081669304034523,0.18004094109025592,0.189780809170666,0.9870899591311861,0.8336603628013176,0.7716082614451402,0.204331174492836,4.894015789031982
Media-103713.wav,Jive,174.957275390625,0.1955622830884953,0.21980888030429238,0.28155118494313514,0.20856007596614967,0.2052848674750226,0.22087934877849105,0.20149036642401313,0.23091244250861495,0.48911159084259553,0.33619404849009227,0.2546394884757661,0.22451224302129932,0.21463295227958945,0.22732648459284555,0.20143075596515012,0.9161885359360559,0.7821943965937292,0.745104000971897,0.18707865476608276,5.3453450202941895
Media-103920.wav,Jive,168.2281494140625,0.21016491509250615,0.23936577183431704,0.19720154644352353,0.19762963578910275,0.21443857419191226,0.19424062551535473,0.28306841745342015,0.5458523833645355,0.29806256113736695,0.20859811484686397,0.20880645370047013,0.1838435169769763,0.24566637663682886,0.22915356653173763,0.1902014022428349,0.9477483988525321,0.887741466962283,0.7911921653459835,0.21113529801368713,4.736299514770508
Media-104118.wav,Jive,174.957275390625,0.15482181087263996,0.1699389221196944,0.17415967543101185,0.1729535676358117,0.16565197477533253,0.23402741969621915,0.24601054609646553,0.3939193982566922,0.6004919181184315,0.2614004387631352,0.23604323209585484,0.17405682432785877,0.16442646856320403,0.16417361533146202,0.1417088258819835,0.9016585183133077,0.7788509844194538,0.6872597449984849,0.20787033438682556,4.8106913566589355
Media-103515.wav,Jive,161.4990234375,0.31409818844983434,0.18984130433344365,0.16867191027801787,0.19251772877741313,0.19539293077181238,0.30990005238599894,0.5445697558716089,0.35661322815518576,0.1915208603116272,0.14680404350684387,0.16653297899447,0.24949602431870266,0.14230821326005746,0.18146555564434344,0.20111967279864368,1.0783519211104715,0.8204987451942612,0.8530390938691117,0.24086523056030273,4.151699066162109
Albums-Macumba-15.wav,Jive,174.957275390625,0.2217053929816716,0.1748799706401557,0.21046549846458845,0.17257991327849787,0.20423095484141934,0.18597115884292095,0.186272892434799,0.24907890178872366,0.5259859774513806,0.3575608944188876,0.23131457870667138,0.2415408707598574,0.22600092504019664,0.2408896967793184,0.21837349902222386,0.9552742387364579,0.8827051073074396,0.8145214660089193,0.2539949417114258,3.937086343765259
Media-103918.wav,Jive,141.3116455078125,0.14730035976191075,0.15195943965451858,0.2382150002767524,0.41470095794544376,0.5415957489174887,0.3082762910909609,0.2084759791284054,0.17802775491946005,0.18486566615559477,0.14911980696850158,0.14153711082877868,0.14536554434291463,0.25479996657137066,0.2655662375603388,0.17305185197679526,0.8931529792864056,0.7466296560163794,0.6565736045083664,0.18321821093559265,5.457972526550293
Media-105414.wav,Jive,174.957275390625,0.1933870187580891,0.22777988688332984,0.26458529127478614,0.19785530576834387,0.187383194708663,0.22333488785023461,0.22383705574585436,0.36462888328225634,0.495682974378049,0.27905411428359744,0.24034567029846826,0.22115671574108842,0.19415073986097905,0.1845203046091673,0.17755592175871016,0.9599035610959843,0.7797413535793751,0.7615620125774744,0.23204177618026733,4.309568881988525
Media-105415.wav,Jive,168.2281494140625,0.17711815911260556,0.21382158387336053,0.18935203209652232,0.15771469663534282,0.15986068079438068,0.20152600368177068,0.2807252754301635,0.5205396205693072,0.47632236321517246,0.22098877061979402,0.18694959929615254,0.1770038753813046,0.2182634192055828,0.176833060374769,0.15917480861014144,0.9785430553181803,0.8742539778837481,0.8161610380806703,0.2479783445596695,4.0326104164123535
Media-103919.wav,Jive,161.4990234375,0.16777855612925624,0.1373587628924996,0.15799841247965268,0.19657199159408711,0.2232756135376072,0.3389628163810656,0.5629073672818774,0.35881081472859544,0.23910183069376828,0.23319910550378403,0.16502700774226636,0.2345593169416796,0.14988712795009493,0.15963620258593636,0.1930487548260799,1.0280674675637163,0.7186368216410227,0.6889823102711424,0.2476814240217209,4.037444591522217
Albums-Macumba-14.wav,Jive,174.957275390625,0.19309734018166977,0.25741970974200434,0.24500681950153444,0.20825100413565945,0.22378884631709003,0.20673133606832927,0.2568044226555536,0.3356020486108533,0.4754517636754107,0.2386625920484828,0.2276723392211331,0.23508674063051954,0.24200223420893535,0.19707836484457103,0.18475795789509364,0.9957967724147863,0.8611919638373944,0.8398690625047085,0.28707218170166016,3.4834444522857666
Albums-Latin_Jam-11.wav,Jive,174.957275390625,0.17445916174502202,0.1997864183317356,0.23514066329113048,0.1861687913491742,0.16800569949356692,0.24197449233967266,0.2445409208642838,0.29194913015993407,0.513547434002967,0.33364619577316684,0.23132716713342882,0.22076704540877864,0.1786440095994028,0.2735560751354534,0.15440079344884858,1.029523870572022,0.8000573087865782,0.9073099697904534,0.25335434079170227,3.9470410346984863
Media-104119.wav,Jive,174.957275390625,0.15766114716531968,0.16617867842365064,0.16998372474649692,0.15653148024474597,0.15218357970257249,0.1834081588212354,0.23304765479209294,0.40308651975210624,0.626163778116516,0.26218607901656726,0.20305534703297462,0.1768604731150847,0.17215587107922706,0.19262694539010589,0.14306009248061002,0.9774130208571561,0.7796165867107238,0.7605389942044871,0.25086355209350586,3.9862306118011475
Albums-Macumba-16.wav,Jive,168.2281494140625,0.1541550821517277,0.2494109996865613,0.15117421384541607,0.12616066000494944,0.16849436745127186,0.18508337617237094,0.280246829890814,0.6143471420402451,0.41506720914389755,0.18563807942834756,0.2237900019246089,0.13577190687405566,0.1879407400235389,0.1292839198559455,0.17134465334683655,1.0438138839420186,0.9318817497909666,1.043062259782015,0.23011238873004913,4.345702648162842
Media-103516.wav,Jive,168.2281494140625,0.23483751349196352,0.28372095790700647,0.193015158772075,0.19499331754650867,0.22486017305251357,0.22343662070051568,0.31272775319730167,0.4965842271374285,0.3353873698857523,0.20764696876765923,0.19627932448721663,0.19260970937345082,0.22614668129671145,0.16407802927479948,0.1868314901328904,1.0315325882492778,0.831989395891414,0.8793847910967071,0.25900837779045105,3.8608789443969727
Albums-Latin_Jam5-04.wav,Jive,174.957275390625,0.16935016518558782,0.17413160034145764,0.24858575306227984,0.1893117153024096,0.17655641967013047,0.20108427354503994,0.21580048900861748,0.2910717583115864,0.5422615235860093,0.35679459134396474,0.21003565713893266,0.17999610392302198,0.16301977256265274,0.2855333232935254,0.18573365654136417,0.9686147663941659,0.8102587799449819,0.8687435588862767,0.26988694071769714,3.7052552700042725
Media-103714.wav,Jive,174.957275390625,0.17410758234516654,0.18415214784805048,0.2446586768658784,0.16122871492689128,0.1564383360844913,0.18097024822427057,0.18373500248077104,0.258729805928474,0.6052210481088192,0.37983064526158733,0.2318494785219557,0.195431284199589,0.15771816067072617,0.2114805566443226,0.14102721172161908,1.025202339607822,0.8787346775446943,0.9203845558490519,0.24433445930480957,4.092750549316406
Media-103517.wav,Jive,174.957275390625,0.18590878667264163,0.19618077543470303,0.25316761373766977,0.19283234260618168,0.19110942377549733,0.19154658976339953,0.2436970970890776,0.28837620356290544,0.5299335880708991,0.35323313992848177,0.2255491167451814,0.19456155531182046,0.1951003632815334,0.22779826841842515,0.16007745295326858,0.9658464872728022,0.8574115967955049,0.8284521578055659,0.2626339793205261,3.8075804710388184
Albums-Latin_Jam-12.wav,Jive,174.957275390625,0.18721067684566894,0.18087379545365004,0.20769581931985479,0.17038402063884542,0.17280204349075556,0.22695022866025386,0.2035634512380411,0.299965568668443,0.5333523502114913,0.36260494717489666,0.2221919486411254,0.22209219824611667,0.20532227946475629,0.24188849709301816,0.1788172920218847,1.0765370743151377,0.9369563483077098,1.064739131862942,0.22818054258823395,4.3824944496154785
Media-103612.wav,Jive,174.957275390625,0.18454064599188022,0.19725519534049013,0.22438512763855747,0.1830565645668386,0.18690829576576726,0.20484896935600064,0.23985489397185367,0.2946341274367884,0.5081705515169112,0.37434755683578375,0.23344330521730647,0.20523919176514585,0.21525246605068749,0.21797153743263134,0.18193893335395164,0.9305559376788728,0.843829376168289,0.8062324908140945,0.24282468855381012,4.118197441101074
Albums-Cafe_Paradiso-16.wav,Jive,168.2281494140625,0.19378040621967665,0.2172681081622051,0.22585143052702578,0.1953914235429897,0.20379021786358387,0.22041941273755097,0.25026566337029055,0.4030622118527198,0.49705170962452383,0.26054769891955853,0.2280448709733138,0.18996755624490247,0.20738043844621837,0.17952817269767932,0.1804859409574979,0.9549178619897246,0.7924236373715647,0.7131937349961652,0.24881726503372192,4.01901388168335
Albums-Commitments-08.wav,Jive,161.4990234375,0.18284828811274365,0.16952258586194324,0.14294784356654266,0.13465357394399996,0.156958315072954,0.23343789143820307,0.5751117512232948,0.5531241267546296,0.2032169155675194,0.19101583331837352,0.15725317651541781,0.16005983202035243,0.13416328885567394,0.13532270045966788,0.13780435987268758,0.9354282576658703,0.8697451592063159,0.808974983729823,0.2508421838283539,3.986570358276367
Media-103613.wav,Jive,174.957275390625,0.13927431616283145,0.1398677543326586,0.1865701385709174,0.14947766284403263,0.16251073406714087,0.22391036437152487,0.21514428100089003,0.35441879240760765,0.5647823376783707,0.3436209530695444,0.2575940201100915,0.24758441821431568,0.17878570880287542,0.20688920515002565,0.12636340957698133,0.8933071045781129,0.6796639790825039,0.6380647263156146,0.16960330307483673,5.896111488342285
Media-103611.wav,Jive,168.2281494140625,0.16955084046537736,0.30162303841143434,0.1708206796256489,0.12839183960820816,0.145787678136355,0.1676836683376153,0.27693929349577956,0.5944149386254814,0.38954156234316945,0.19113426654487925,0.1434098018115343,0.1521121770592883,0.2681471248514767,0.1694436455680619,0.1504063927142407,1.2372163689838342,0.8922935123586994,1.0775981116403823,0.25730618834495544,3.886420249938965
Albums-Cafe_Paradiso-15.wav,Jive,174.957275390625,0.16781620693686208,0.22423979546761905,0.22162273590359263,0.1808104114980728,0.18150467766485437,0.21162860885634488,0.2504729470529843,0.38832645229911655,0.5276300535936923,0.2689251951854719,0.2349399964591073,0.19887133082676992,0.2117541860614599,0.18721117669022733,0.15209123501048763,0.9485798881616089,0.749503968717022,0.7723320182082765,0.22755388915538788,4.3945631980896
Albums-Cafe_Paradiso-14.wav,Jive,168.2281494140625,0.14831216665366426,0.23801342329005173,0.2556001473316377,0.16594053458929583,0.1656439375236769,0.22026390971762216,0.218300116209053,0.3735571341451027,0.5284593793426043,0.29282520033252696,0.2241376536631484,0.17661274307086383,0.2157156566631659,0.22667780637006238,0.14480919601505132,1.0770561377065813,0.8281209237625613,0.848015474387264,0.25127655267715454,3.9796788692474365
Media-103614.wav,Jive,174.957275390625,0.15275864322710356,0.17914007045117872,0.20518925413387148,0.12594732720275081,0.131147165773811,0.16817473912575495,0.20209546730255615,0.3744891464556234,0.6707683395556954,0.2328418811762106,0.1744742433708627,0.14971961102336898,0.16859227016651013,0.22554968137065612,0.1540860451751021,1.1258813672467116,0.7428113258975363,0.6920056171128403,0.22961822152137756,4.35505485534668
Albums-Latin_Jam3-11.wav,Jive,174.957275390625,0.2045068194956856,0.2147908564466151,0.25794574975069323,0.22744964045390972,0.2205755199626215,0.22728594238423966,0.24194678088404678,0.2825823430967676,0.49642933751419227,0.3010291606268347,0.2113122002213067,0.20416660356562616,0.20725954586750528,0.2439195547439774,0.1709334834989019,1.0037498229379052,0.8637072090012989,0.9068854698559814,0.16200962662696838,6.172472953796387
Albums-Latin_Jam3-12.wav,Jive,174.957275390625,0.17644033902825573,0.18165995835436988,0.22984296537503213,0.17077924759097146,0.17016378486477923,0.1605169120106197,0.18077568893653212,0.24968311167868976,0.6166425912673766,0.34717938706951806,0.22794743413857682,0.18061087039629842,0.1546100972018091,0.25013165029807055,0.17972248446152694,1.0648103503403916,0.8910391221025085,0.9597927508134847,0.23726442456245422,4.214706897735596
Media-103819.wav,Jive,134.58251953125,0.1926989566551702,0.3549675753710927,0.5851947481326875,0.320553743563755,0.192155907669942,0.14607410440851218,0.11826636685610158,0.1826847012777502,0.11056253214629135,0.11826187674772357,0.1788594064150147,0.3778231889692955,0.14772252380156375,0.13965544357195736,0.20918600572870927,1.1545010207562372,0.7404041548373046,0.703133521251591,0.25589224696159363,3.9078948497772217
Media-104606.wav,Tango,127.8533935546875,0.20878595356118204,0.37404316946535515,0.578334489465261,0.28457334042156995,0.22149519082751598,0.18537111069006157,0.19335208661172443,0.20339456091056793,0.17968288234580693,0.18812349654336016,0.19904918223648121,0.22128417614368273,0.16893168712992954,0.14479930260914056,0.1819395929196679,0.8487195275283832,0.7278065314673375,0.5780820318106076,0.21961362659931183,4.5534515380859375
Media-104404.wav,Tango,134.58251953125,0.20846568714439093,0.2831603394868426,0.4973513209735943,0.3233098422520962,0.2328047626259434,0.21105891563493068,0.17624259014510057,0.18440884007417876,0.19150176616356535,0.2033892064732353,0.22061072243836657,0.31534462019884824,0.22774631757901945,0.19605829875898811,0.2102475608067846,0.8905272101640587,0.7595373610183042,0.6835067352428642,0.2264837622642517,4.415327548980713
Media-105108.wav,Tango,127.8533935546875,0.25289749814603724,0.4699782355125042,0.41808564058041564,0.24440218157967436,0.20227706546682955,0.18160936889781948,0.2114067492756179,0.1826401760347305,0.19147894556972794,0.2036481347360622,0.29894988283922613,0.2258958331518524,0.1940090127746865,0.18775608158387597,0.19302463639779674,0.9748930434941343,0.8039164321175267,0.783918036773015,0.193342387676239,5.172171592712402
Media-105109.wav,Tango,100.9368896484375,0.23584753909698586,0.275326289013249,0.4251696311977836,0.3161800202546439,0.253781684396997,0.23657385380028048,0.24211941793447975,0.2670162729187005,0.2363281198752284,0.229458846373564,0.21952197913967858,0.2664577900098736,0.20592910321659308,0.1799725829891508,0.18722071576834654,1.0001692766939634,1.009573143328504,0.6353122549058103,0.13587504625320435,7.359703063964844
Albums-Step_By_Step-05.wav,Tango,127.8533935546875,0.24617122366434024,0.4873476326688238,0.4690077621727565,0.2549369231723801,0.22996274020525254,0.21613833519530992,0.19191269533980476,0.1732013965722443,0.16613312996374063,0.18023513951225514,0.2349985885670271,0.1658221847755919,0.17135130579170446,0.19032482799483863,0.2052120450639792,0.9329616555531977,0.799847024866708,0.7051945864117997,0.1911364495754242,5.2318644523620605
Media-104405.wav,Tango,127.8533935546875,0.31109881905708525,0.5245261769555759,0.44007644202638646,0.21310791346116753,0.1610762339958522,0.15806535432063845,0.22223781814897878,0.1491423796652092,0.16247870498765146,0.16699568046913707,0.28917002949442394,0.17038871934685193,0.1687580362385905,0.17349097343994774,0.20230508909104725,0.9841188540516179,0.81582078156784,0.7321239055626201,0.11883237212896347,8.415215492248535
Media-104808.wav,Tango,134.58251953125,0.20002445555285364,0.3333265635182499,0.5714693732670737,0.28029537680002314,0.20896455662482616,0.19365450975928547,0.16972508505629633,0.19769015547408425,0.2040061988579025,0.19446777265122359,0.19663163251639873,0.2546652623464371,0.1827656984279133,0.19252747101344228,0.2031252153495944,0.883738754560493,0.777819337160933,0.6462780675195174,0.184295192360878,5.426077365875244
Media-104605.wav,Tango,127.8533935546875,0.22800020552305245,0.35981828150111833,0.3570097404569459,0.2525224898670496,0.22564252017548023,0.24905218063406698,0.24724895023127832,0.25036469440321546,0.2331414670985788,0.2281500917353793,0.23965342347164653,0.2522572583333405,0.2558174922796294,0.22500381900016955,0.21684760778310194,0.8724973464055648,0.7679726627456738,0.6293592351197271,0.21788647770881653,4.589545726776123
Albums-Step_By_Step-07.wav,Tango,127.8533935546875,0.26332447741811243,0.382394366781674,0.3563118475960312,0.2238798025335618,0.21687213562920318,0.2271766640837764,0.24465056350504863,0.22832809797908865,0.22268416024585402,0.2257306777538463,0.2752764652649112,0.25273803053248195,0.23460345845637914,0.22410796739634914,0.22641711149923094,0.9477401108066392,0.8187044932958968,0.7095598870509531,0.19210006296634674,5.205620288848877
Albums-Step_By_Step-06.wav,Tango,148.040771484375,0.2207555083017655,0.41277945208660183,0.38343015720940277,0.2594145180761278,0.2640815473481893,0.2457240578780789,0.21669360376017588,0.1792027438362176,0.17991543486082387,0.20885206617805202,0.24817393423369635,0.27314805308204365,0.23688157344592067,0.21826214133700814,0.20355903885988072,0.6296415799767604,1.0155426407033659,1.075108691475188,0.20340792834758759,4.916229248046875
Media-105903.wav,Tango,127.8533935546875,0.24861547528231387,0.4287290069353212,0.5368466179954177,0.29452554490472777,0.17367766396986692,0.16549973884675367,0.1593094095921521,0.16594450216427103,0.16834205608411018,0.17808240811853215,0.25156650586777446,0.2328780176656475,0.16225400186666547,0.16759862558936672,0.19228911973593246,0.9177886786596505,0.7087153735436783,0.5684907352025877,0.2001798003911972,4.995509147644043
Media-105906.wav,Tango,121.124267578125,0.28880384403988063,0.35058879633237705,0.4488934291646744,0.2864648076921366,0.21372060993371694,0.21705445584273975,0.23338509830743753,0.21594647763328867,0.19160490352341078,0.1979931800535718,0.2127924324350468,0.2192649274508179,0.1985442199032218,0.21485310667905114,0.24772704074175783,0.7575461520851684,0.6419147264329557,0.587097962758883,0.14299455285072327,6.9932732582092285
Media-105904.wav,Tango,134.58251953125,0.2919799861407061,0.3363357119772656,0.4334057345476565,0.3509793051396207,0.24574596207607594,0.20893278412752322,0.21751148126304198,0.20283819954983193,0.17510810710318053,0.18870773623632678,0.1982002403505851,0.24113364027706263,0.19321711144329673,0.19869870150092342,0.23996698639491995,0.9218360277284905,0.7636975558596819,0.7011250072551083,0.13348717987537384,7.491355895996094
Media-104207.wav,Tango,127.8533935546875,0.24962362187023604,0.46020513381156236,0.40390417869338846,0.2664946117147624,0.24238111253041814,0.20359954816729756,0.22699497107229313,0.20826078478762539,0.20686469087111597,0.1952573467824093,0.2761449288615662,0.20123697149530864,0.19015624202978354,0.17886864909513492,0.17554630510131847,0.8711330784260922,0.768012150981475,0.741033035201269,0.12943913042545319,7.7256388664245605
Media-104206.wav,Tango,161.4990234375,0.26152141083319747,0.49143868984032907,0.4361467568856466,0.24845138406213235,0.19774895646882606,0.18068894931929008,0.23154501260034166,0.1840152584965942,0.16968403216241632,0.18433503430113982,0.26666901386023956,0.2022790792208496,0.18943733559519965,0.17361933557233106,0.19514913610361487,1.4759542395367953,1.1600754013732248,0.8867777044067435,0.21268562972545624,4.701775074005127
Media-105905.wav,Tango,134.58251953125,0.22963456372052746,0.3800369153732837,0.546615033347054,0.28155141559275576,0.22704790745847445,0.1912207359853788,0.17257817542954995,0.1579215973213858,0.1552500530770556,0.188951018566763,0.19723269088580558,0.2549009801098452,0.1928650642234168,0.19634141230634292,0.2061915190078177,0.7127885831003201,0.5141113599444036,0.3660555121914317,0.16804063320159912,5.950941562652588
Media-105508.wav,Tango,127.8533935546875,0.2457423653617332,0.5170540590440541,0.4377771378382873,0.26612459272861455,0.23590584905311687,0.18141988473154458,0.17968659859751712,0.16561875417408134,0.1508382770958606,0.16908240932428636,0.22920094544560762,0.18134643344671394,0.19797405568981655,0.18137173931065528,0.22948419365270423,0.8657257430024536,0.7977290647874933,0.7232058828810606,0.20002542436122894,4.999364376068115
Albums-StrictlyDancing_Tango-09.wav,Tango,127.8533935546875,0.34225430931376977,0.5075627264779413,0.3350047785830863,0.23323958622752672,0.19855248720993868,0.20930986108775826,0.2111484255239614,0.18642460857056414,0.18127621358828763,0.20325671310296625,0.2855147327604116,0.18320996412104457,0.17314758399778535,0.18605958365778383,0.20538864295668163,0.9504311647438949,0.7690224275872314,0.6748023457015667,0.18600836396217346,5.376102447509766
Albums-StrictlyDancing_Tango-08.wav,Tango,60.5621337890625,0.3596430539669638,0.4060157840091503,0.26901425435893195,0.23537878790674682,0.2037750495744368,0.19442402994135474,0.16714618532364514,0.17944338166556043,0.2164240568742328,0.2623403069482169,0.260157391272077,0.2471314463576415,0.2622787142096521,0.24358405195325605,0.2569679395083297,0.6187378007292437,0.35020107163969016,0.17330750383702379,0.18463128805160522,5.416200160980225
Media-104710.wav,Tango,168.2281494140625,0.1883103207953619,0.21947485088477273,0.40795380530023145,0.4369078146551447,0.21346318818178223,0.19788229586045147,0.18179016153094146,0.28224874792799526,0.2331392307596332,0.17474902728217495,0.1939660965180516,0.29165269454539244,0.2327704897236058,0.2717065437143851,0.16136140124762854,0.9199927375333147,0.957696770180561,0.8393034423129355,0.2386370301246643,4.190464496612549
Media-104506.wav,Tango,127.8533935546875,0.2330996340756007,0.45294066287005985,0.47336279558758904,0.2499389055628533,0.21576679560054635,0.19089647165618742,0.23158357127269333,0.17708959002211544,0.17904807698207684,0.18241015566673882,0.2615175694738175,0.20709100995400315,0.19022274041873302,0.16426632724444995,0.21494454134188468,0.9401225497190486,0.7719733448368938,0.7690313439606942,0.15980088710784912,6.257787704467773
Albums-Chrisanne2-06.wav,Tango,127.8533935546875,0.23654221297525532,0.47597400709177917,0.5706191242735877,0.2808916186665538,0.1679335300181119,0.15556081722508017,0.1387538707977368,0.13115313878840384,0.13698163250506112,0.16603257519877815,0.25565469766551663,0.1948181307150149,0.15659168435435747,0.14557558846027052,0.16964138370482923,0.829203534945556,0.6888128083651827,0.5617787736944292,0.1916104108095169,5.218923091888428
Albums-Chrisanne2-04.wav,Tango,134.58251953125,0.21073204939192425,0.27112632252231217,0.5196367055088972,0.38833275670603673,0.2522218482029326,0.20639802990202982,0.19860359844045755,0.18776787425741898,0.1826936622083216,0.17893218393483123,0.21682003843880684,0.20698326682454396,0.1867294057419497,0.18982067140869865,0.23279873891632705,0.8826256395379884,0.7126234673966753,0.5976498344316117,0.19753636419773102,5.062358856201172
Media-105008.wav,Tango,94.207763671875,0.25795806653512127,0.4069234585481491,0.2556234352422243,0.23852385381790886,0.2383515590431778,0.24148918513455042,0.2516459366801379,0.23351600689773147,0.24740286584475837,0.2467370519385324,0.30218156275481,0.25458103953032596,0.22864387721782506,0.19980476972525546,0.20551775633308092,0.9225876857350633,1.0506394548688471,0.5920494421734557,0.17837586998939514,5.606139659881592
Media-104706.wav,Tango,127.8533935546875,0.2823345032030489,0.4342291012262784,0.3738208316091396,0.23963648868566934,0.20938838318983566,0.2067303838140005,0.22727788078096378,0.19352310054029428,0.1909805585095642,0.21174637184976938,0.3025307561709026,0.23334957344880713,0.19991900754178216,0.19583810464054827,0.23080322478048332,0.8881685959223146,0.7844996756139467,0.7860730130946885,0.1543268859386444,6.479752540588379
Media-104707.wav,Tango,94.207763671875,0.26520755775264954,0.4389295022621428,0.39176934826603504,0.2243114891423198,0.2241788494676962,0.18743741905676187,0.23721265684444892,0.20220763971810232,0.2240046888765467,0.19961952364338115,0.3042581514899957,0.2435164626646903,0.2140922221989876,0.15653616515069205,0.19601495966519633,0.8391649267157938,0.7940038926789454,0.6023738312623901,0.18397071957588196,5.435647487640381
Media-104505.wav,Tango,127.8533935546875,0.2991509473954866,0.5374487706013263,0.4458879070740565,0.22891048812924128,0.1796520333783286,0.16406239528472485,0.1684024893733503,0.14787329371337318,0.1570820582357766,0.1796741430143131,0.249739061219185,0.17276933000670053,0.18629387868398203,0.18366832960976545,0.20834679028691616,0.9455361891488415,0.7630691344107418,0.6813986119955737,0.22337935864925385,4.476689338684082
Media-105009.wav,Tango,127.8533935546875,0.37209720869544083,0.4900665519109208,0.30699663473201344,0.26564361295158306,0.23050193599188631,0.21394820627141248,0.190018550983815,0.1778908317682538,0.1830464922302047,0.20241296979130516,0.24034509162193216,0.19633627880573923,0.18687429702129466,0.19962405853646562,0.21058326191596244,0.9277893361141122,0.7151919564104303,0.625944767693219,0.184908926486969,5.40806770324707
Albums-Ballroom_Magic-08.wav,Tango,127.8533935546875,0.2645594341175877,0.5497284382303538,0.42544577680174495,0.24309096483821885,0.19099387777846097,0.17166975108893706,0.1879563192482498,0.14968775103695292,0.14917474228332042,0.163389451360432,0.3176548639978972,0.1881989398790612,0.15758388104528626,0.16458513026578447,0.16380733645950035,0.9239979327063967,0.8159059684187774,0.7796848196566446,0.2821163237094879,3.5446372032165527
Albums-Chrisanne2-05.wav,Tango,134.58251953125,0.1749104105419387,0.32696152949187834,0.6664251488975393,0.30396666748100976,0.18548877485830592,0.17096907371101291,0.15230428854369876,0.14483015965866816,0.16487291648673738,0.18286162266725453,0.1856548798360556,0.22930145586939338,0.1428944343294202,0.1594731385482806,0.1570240946074755,0.8095763799934244,0.650897153949221,0.48790240837002824,0.23226015269756317,4.305516719818115
Media-100607.wav,Tango,127.8533935546875,0.26418440410896754,0.4327569881873315,0.376799494535191,0.23809751688267788,0.21343601075915036,0.1947876285941913,0.2066740961046965,0.18554323089094654,0.2127937935924616,0.22755642621715183,0.3190700534883307,0.2347038857592697,0.18845882721412863,0.216370488881831,0.21756475578329945,0.9745435500231178,0.8283101218157152,0.78327740141143,0.18521654605865479,5.399085521697998
Albums-Ballroom_Classics4-09.wav,Tango,127.8533935546875,0.23896850015707594,0.3924424058151591,0.3585521157346916,0.2583546187210171,0.24385399209918512,0.24394074496265172,0.2740723239261249,0.23285435497379317,0.20016715685654127,0.22256260689055,0.2699614547196801,0.24418414959707158,0.2055587992547916,0.2166185571527716,0.1843462220318899,0.9341350105422579,0.8056452978319422,0.722844736485138,0.11463730782270432,8.723163604736328
Albums-Ballroom_Classics4-08.wav,Tango,127.8533935546875,0.2817459347642909,0.4665949169522605,0.39138460744123943,0.2668218823630769,0.2477309146984689,0.20149308866343457,0.21477825657415883,0.19151436228227764,0.19062497355380556,0.1925022874718463,0.2730549474657788,0.191697338815137,0.18389059014866993,0.18706113707653726,0.20061295849542418,0.9430164660547039,0.8234518187599325,0.743268625466701,0.13412617146968842,7.455666542053223
Media-100606.wav,Tango,127.8533935546875,0.241308344282118,0.37801951076659607,0.3287739293209665,0.2189702846227382,0.20854139790074364,0.22089512474992784,0.23646565943277545,0.23358971482570084,0.24977594396513167,0.24410840574178147,0.32675047052374423,0.2579189296250449,0.2669343326227157,0.19043415560515298,0.193087624753678,0.9060772264621029,0.8285973489511125,0.7994362452464215,0.17127253115177155,5.838647842407227
Media-104306.wav,Tango,127.8533935546875,0.2639229160297941,0.4774424076839527,0.4102124761477029,0.23176173746257986,0.2396697987963559,0.1846397900675205,0.2609464085837306,0.18402422949204708,0.1826764370470582,0.1850242175624944,0.25497982525373136,0.20752087835859187,0.17618893572625763,0.19413233796964507,0.2061554747765546,0.927233460575079,0.8135924845688195,0.7867291552675245,0.18925976753234863,5.283743381500244
Media-104304.wav,Tango,235.5194091796875,0.4176583565183534,0.3055284074269835,0.25313217607979577,0.23617938377635384,0.2353954409320681,0.24536083555315452,0.21974216815067502,0.20880841544853915,0.2480391830041931,0.22468728162315071,0.20693324898657797,0.22397115171035528,0.21226356675564043,0.22677434408891575,0.32153083750246625,1.0695486314433327,0.9556397474868048,0.9580393022042483,0.19836385548114777,5.04124116897583
Media-105807.wav,Tango,94.207763671875,0.2742166033566377,0.3988376262835799,0.3561749666008459,0.26770885291294216,0.2150356062846001,0.20711188148582682,0.20091327522701838,0.18728168643852341,0.22454072067666792,0.24436937495248928,0.28305358842631495,0.24742032319195442,0.24197864965358462,0.19863596927839058,0.23053840416952337,0.803149869788037,0.8533353270180108,0.6167041212775283,0.20518535375595093,4.8736419677734375
Media-105806.wav,Tango,188.41552734375,0.24548281487655801,0.4189242365126178,0.40024237937325335,0.2668188589983572,0.24235539174360207,0.18781980215456753,0.22431876162955183,0.1875499526501307,0.1926724319524894,0.20417919817420624,0.2835243715918389,0.2383522448231097,0.20723675027143146,0.20653663236453726,0.2274510415024225,1.1200787970355224,1.6113383073616088,0.7874555552651067,0.2083187997341156,4.800334930419922
Media-104305.wav,Tango,195.1446533203125,0.2827345118018459,0.4079240842669211,0.3262745825522136,0.2578794738328043,0.23840335420907158,0.205980198701321,0.21999882246917685,0.2099786827681891,0.24187781405716735,0.22522365683169,0.26777466077405354,0.23132096052113088,0.22623504074769202,0.2197889037486275,0.23455275797840577,0.9278604031380132,1.0806689280670174,0.9012914367084273,0.15367086231708527,6.5074143409729
Media-100605.wav,Tango,161.4990234375,0.16056534720940482,0.4945776735760473,0.3864385849770925,0.15065309532431653,0.1496153257429355,0.1672934726379299,0.2596236600189466,0.22634951581729382,0.26901257140705415,0.24707794967514388,0.29934380806937694,0.2465963003000945,0.2557852175143277,0.13818089802861877,0.1421913975183708,1.665787556984557,1.1336199608600968,0.8566806170933619,0.2192360907793045,4.56129264831543
Albums-Ballroom_Classics4-06.wav,Tango,127.8533935546875,0.2372635101800317,0.447999507415782,0.3942436503432833,0.244220962233831,0.20972220253200716,0.21010233775721923,0.2403009404569276,0.2363979337584194,0.24109942911240578,0.21562664643785492,0.278017948032083,0.22223563008826266,0.1994552722458858,0.16301008503539852,0.16886231283268477,0.888903312646046,0.8224451475766857,0.737845487298724,0.19911272823810577,5.022280693054199
Albums-StrictlyDancing_Tango-14.wav,Tango,127.8533935546875,0.27093713595294083,0.42085742731359443,0.40270574369213236,0.2434807782136519,0.23725779440642467,0.2016368465942312,0.19540268461953694,0.1767245702127682,0.18731292268934038,0.20183934471658724,0.2894591757214416,0.2358520807462289,0.2085732071908282,0.20823703832424034,0.244031370357049,0.9299664923841552,0.769928184406966,0.6912276860843227,0.18546627461910248,5.391815662384033
Albums-StrictlyDancing_Tango-01.wav,Tango,228.790283203125,0.2518276100887457,0.20985212865419922,0.20219274469144224,0.1857735530136398,0.17707709988713674,0.16403518140330375,0.19566840593226917,0.23753593559172165,0.21544715572585005,0.21719633222917864,0.2148685332847789,0.23492441412387818,0.2509581931325908,0.37497101962961177,0.5154075700037268,1.017851451996963,0.8719583544408791,0.8294068309816731,0.1972026824951172,5.070924758911133
Albums-StrictlyDancing_Tango-15.wav,Tango,127.8533935546875,0.22383032696605587,0.3162024092057685,0.5189041463092964,0.3019015518766404,0.25896425057206535,0.22762590768986482,0.20940461169082566,0.21182118765341448,0.17920073933535105,0.20471666725370205,0.2116304399217909,0.24059784534761836,0.20037100532808247,0.18831275031618042,0.17207149785167988,0.8066971795173256,0.6795477158572554,0.5604396719724435,0.1533285528421402,6.521942615509033
Albums-Ballroom_Classics4-07.wav,Tango,127.8533935546875,0.2645023999314664,0.3476172907114923,0.32912311582526627,0.2403879208768018,0.2383183380244881,0.23646901896813002,0.24861469150720206,0.2522685480871714,0.22886861498795363,0.2243491304682997,0.23525320625983187,0.26068273202042186,0.258706603487346,0.23102774572472448,0.24210442027563908,0.912162643372169,0.8217152056374102,0.7155689675692051,0.15734894573688507,6.355301380157471
Media-105808.wav,Tango,161.4990234375,0.23160188884190333,0.4264123731731674,0.3697569081397568,0.20769259736160942,0.18926370614522126,0.20923602266129035,0.26381109576901096,0.2343918200816349,0.20785776498242356,0.22237845950896157,0.340813585115129,0.25065557359613716,0.24119721862553958,0.1595476256959395,0.15896444423211903,1.2228215844667256,1.0269971814558252,0.8566235995331576,0.18247388303279877,5.480236530303955
Albums-StrictlyDancing_Tango-03.wav,Tango,228.790283203125,0.3443124470751048,0.20281937150950952,0.1576332599599912,0.14828101765243645,0.14975514551634062,0.15037488191717802,0.16779005533268446,0.1878603603826732,0.27586519703980683,0.15949787257523546,0.15225599454524114,0.16111690900473805,0.1883789656080307,0.26292528796624304,0.6555115893898318,1.5464961312383985,0.9465793158357891,1.3895443596140635,0.22046972811222076,4.535769939422607
Albums-StrictlyDancing_Tango-02.wav,Tango,228.790283203125,0.36176949054243035,0.20445461736633194,0.1540769161668985,0.1475664694744198,0.17478205500400712,0.19025465648454162,0.2099961328771806,0.20021707828431987,0.29917782580973107,0.17398224535308893,0.16254508482642568,0.15742387735099084,0.17755287158908375,0.2536497271409643,0.6033499395972878,1.3917586611777384,0.9677502853656554,1.2409842735220173,0.23568814992904663,4.242894649505615
Albums-Ballroom_Classics4-10.wav,Tango,127.8533935546875,0.25256513257260216,0.4696074222935612,0.4138271990982309,0.2645199441405624,0.21807123423526567,0.1933098585017926,0.23327086757899015,0.19858257382510344,0.17745236440839737,0.1978585802224279,0.28225978989622785,0.205970068244768,0.18946417917229613,0.17007417431982977,0.1952648276675775,0.984521520466574,0.8081153350928822,0.761456301007521,0.15854136645793915,6.307502269744873
Albums-StrictlyDancing_Tango-06.wav,Tango,235.5194091796875,0.5178544014693595,0.2726547673624068,0.1819403510213871,0.17014138899658537,0.17564454989263822,0.17848851233584898,0.16412138791888306,0.1861291191413629,0.26243897244777553,0.25147382030796056,0.1856728563235041,0.19754673313107,0.19203304321370773,0.24048342361237404,0.4133102861074479,1.388061910940715,0.9627589747040932,1.2447140732778956,0.22090885043144226,4.526753902435303
Albums-StrictlyDancing_Tango-12.wav,Tango,121.124267578125,0.5072396599637599,0.4037567086064724,0.23379321530461566,0.16607042325901,0.17767842633325923,0.20050564965260798,0.1834013637607619,0.18562789000868307,0.22002525784062468,0.32413595722743666,0.21218568704877322,0.1978196949213275,0.18173671283069545,0.18706028939373373,0.2278891553029203,0.9026633889948293,0.7842101581209813,0.6476014493740446,0.238277405500412,4.196788787841797
Albums-StrictlyDancing_Tango-13.wav,Tango,121.124267578125,0.5016961697555142,0.40365751818924256,0.2169836338082046,0.18057822991631672,0.1657493657980815,0.19480950032519123,0.1878147943333939,0.20662442704952594,0.2247646524500439,0.32121108389826436,0.2094121788547978,0.18393431231134036,0.18378572120975004,0.1913968402370558,0.24594426038556838,0.9151450992480393,0.765401003365716,0.6929617549679906,0.1779332458972931,5.6200852394104
Albums-StrictlyDancing_Tango-07.wav,Tango,235.5194091796875,0.4810776066227363,0.39732617946701104,0.2501687230558557,0.236252145962442,0.22190210372176394,0.20761568525247956,0.1852606229766886,0.18272204004518358,0.1871691034533394,0.27248571983699116,0.21415633181626417,0.20795744123612514,0.19643599747376006,0.19298309466884497,0.24088082063436778,1.1658654796284527,0.8382111327965686,0.8597499032095421,0.17505331337451935,5.712545394897461
Media-103306.wav,Tango,127.8533935546875,0.22557131748817968,0.3424611372892985,0.5149144799065066,0.27948707126286093,0.23268240877045906,0.2048152513899873,0.19293731029078923,0.21141284372629005,0.21659640524331858,0.2302535698365002,0.2199412149495587,0.22278046645105146,0.20708691422990855,0.18519495490939417,0.18830633017311305,0.8508977324910302,0.715701504914116,0.536714375032242,0.1461113840341568,6.8440937995910645
Albums-Ballroom_Magic-06.wav,Tango,127.8533935546875,0.257636991967326,0.5607554054176378,0.4268973965204334,0.2398341861583783,0.17366747628620902,0.1699122250923648,0.18316095714130912,0.17087849336654234,0.17472004018052165,0.17162898003774182,0.28226007037321427,0.1586033824217244,0.18331363001380988,0.16641937726416822,0.17756154943325325,0.908867319815953,0.8216563490357103,0.7258730358473731,0.22028428316116333,4.539588451385498
Media-103304.wav,Tango,134.58251953125,0.17563061879093836,0.29906281269295076,0.6253736313715336,0.3358495086360316,0.23163122288412216,0.19096142126932056,0.16289489475519509,0.1538516840352131,0.14492497261766657,0.173221084985187,0.16923110011426787,0.25542779993062914,0.1765138256340895,0.16732811758938804,0.17736043957062994,0.8817646714639357,0.7133870398707242,0.582847593144768,0.23515726625919342,4.2524733543396
Media-104906.wav,Tango,188.41552734375,0.2858738359590298,0.4050637216524779,0.35264749249471505,0.2859477060574492,0.2471018730692407,0.23198193771996883,0.23239722533347787,0.23604596777483303,0.22468478623623475,0.23793474409898205,0.24351296136736253,0.21831720910916602,0.18081493498664866,0.2016316742113653,0.18990926223488455,0.9764821204124289,1.0426558125657646,0.829782586115036,0.1815459430217743,5.508247375488281
Media-104709.wav,Tango,127.8533935546875,0.3001403196723849,0.4765141204498809,0.4279505586382533,0.2446059710218547,0.18089959758862598,0.17117813632200907,0.1841298575232253,0.17168493120644698,0.18834937879880984,0.19214238364171068,0.25532384154691495,0.22671864950178866,0.16604918032784968,0.20835674995905212,0.23345132533903926,0.9400226356729863,0.7590074390567315,0.6696821606563181,0.1430729180574417,6.989442825317383
Albums-StrictlyDancing_Tango-11.wav,Tango,235.5194091796875,0.47915949487161164,0.3714763699896751,0.21576530688919343,0.19168501674725624,0.1991739739999308,0.20735937843743324,0.18310872240981507,0.1974492814758781,0.2337114928618908,0.2936666285823548,0.23690476107648784,0.20849796516614422,0.18477661718933444,0.2068270887939035,0.27668430409372236,1.1826633884139182,0.8737392715170319,0.9531838669220903,0.20114976167678833,4.9714202880859375
Albums-StrictlyDancing_Tango-05.wav,Tango,235.5194091796875,0.3696864688021794,0.25207961528834616,0.20485240212014613,0.19177727950798049,0.22927189708076506,0.1840792495410842,0.21167216385051693,0.2077229281926304,0.3026510977610224,0.2121215941965676,0.19778808233210354,0.18406141697458697,0.21748537367330092,0.2763284756153725,0.461942372350271,1.0612414074561138,0.959626055734323,0.9483024454843173,0.1970919817686081,5.07377290725708
Albums-StrictlyDancing_Tango-04.wav,Tango,235.5194091796875,0.48069436486438377,0.3020668619237249,0.21851089574126098,0.22205535670338133,0.21559565677257383,0.21623799810882452,0.181500405267976,0.20643991659472824,0.2513487405453977,0.28365242723070155,0.20194775898188938,0.18997011896643978,0.2132676036036723,0.2121302102337251,0.317559476396571,1.0875417752671455,0.9432847178819579,1.01696078311342,0.2044493407011032,4.8911871910095215
Albums-StrictlyDancing_Tango-10.wav,Tango,235.5194091796875,0.3860531544116102,0.3145337790261461,0.23377006951390816,0.18348494514430344,0.21065681117057164,0.2108167537849334,0.2043566297939461,0.2118052320072335,0.2928253102910949,0.28051146442945224,0.20333274508623048,0.21255357200924838,0.2369575239052601,0.2797820721883963,0.32076434158882605,0.9686862797655285,0.9243089440715583,0.9852591626293622,0.14161835610866547,7.06123161315918
Media-104708.wav,Tango,94.207763671875,0.25967580807260193,0.3859697040752092,0.32283601011511176,0.26443383088871736,0.25037653833230616,0.2334429595132631,0.28727537459136926,0.24009988033289295,0.23407591701816627,0.23083813491363578,0.2648371080313869,0.2185758486616937,0.20102988236751132,0.19062836624887228,0.22213585871270194,0.8522896026168982,0.8448881485008336,0.5927616809877846,0.17390207946300507,5.750362396240234
Media-104907.wav,Tango,60.5621337890625,0.3281769130916345,0.4743146585950873,0.3609409848681209,0.29232907778886075,0.2477281163937461,0.2155229110282849,0.2330462835853822,0.1935359824715992,0.1791195587938487,0.18463060828041006,0.2058234624925613,0.16558423362710903,0.16872265139969264,0.18500875124902583,0.23098800253226248,0.6437666165118845,0.3785651849637175,0.18648683646114958,0.1528855562210083,6.540840148925781
Media-103305.wav,Tango,127.8533935546875,0.24710215911524555,0.4545408707900262,0.4385733658335997,0.2668388069820617,0.18868040909122985,0.17992143641225414,0.20286204656192897,0.184813995891544,0.187287733875008,0.21034152688569221,0.26156568755141996,0.2189238999185283,0.2216768273539795,0.19546446341201343,0.20613302076215756,0.903351314657913,0.7824343395244164,0.6936486416895427,0.1374974101781845,7.27286434173584
Albums-Ballroom_Magic-07.wav,Tango,161.4990234375,0.24377099606554586,0.38080249441062675,0.3332654936165697,0.23404198273647261,0.21977495314078357,0.22756931380326292,0.27086631936002736,0.25786927100420476,0.22406605899564364,0.22242866706034106,0.3235996662216113,0.24070727995855487,0.22592811943372873,0.17320851768064877,0.21537901761424819,1.2214084123550903,1.012675355177329,0.8594860976641605,0.19615010917186737,5.0981364250183105
Media-105505.wav,Tango,127.8533935546875,0.26742511185164025,0.47898443116061795,0.4101162508797386,0.2722684017301024,0.26669570822340577,0.20299922135521214,0.19366790076342671,0.17488625661370774,0.17637819600837198,0.1796481587060623,0.23388636200423882,0.19982723525636747,0.1816558347652422,0.2102717313031006,0.20266976272152043,0.9385457667956848,0.7980212593847752,0.7320160264052373,0.18455058336257935,5.4185686111450195
Media-105707.wav,Tango,127.8533935546875,0.2607628336901093,0.49244324784842336,0.42311285758992234,0.23695599580142793,0.1896558861901945,0.16618016997235652,0.18599069914947516,0.16763591607963005,0.17505415721727777,0.17753311536981053,0.32826830116545364,0.2058994758855224,0.1958571360349498,0.17968806971345888,0.21233406828989684,0.9517289514759826,0.8307646755336285,0.7770063346396388,0.21523144841194153,4.646161079406738
Albums-Chrisanne3-05.wav,Tango,127.8533935546875,0.24930719216736177,0.3571262822424827,0.6079142218140657,0.3111808738182496,0.17932785301645224,0.16137213331054326,0.1449182801454562,0.15881421804646143,0.13617666711845472,0.16694206614489274,0.17619205901878165,0.24320536347998095,0.16388263379932078,0.15635595797639748,0.22711201034256998,0.7366994069604599,0.4881636423691253,0.3448217735858633,0.2033858746290207,4.916762351989746
Media-105317.wav,Tango,127.8533935546875,0.23612816198614298,0.47824646250202835,0.4299313329514754,0.24883413342687408,0.228525146405158,0.20000515708024366,0.20041038581536127,0.18030116727707368,0.18730898931029158,0.1917182571460508,0.28824677515764974,0.1962065863029483,0.1860197245960757,0.19041723796695584,0.19894712412223875,0.8915061534575268,0.7644571511855249,0.6851809738676451,0.2377387136220932,4.206298351287842
Albums-Chrisanne3-04.wav,Tango,127.8533935546875,0.20550499935842095,0.3305548355255571,0.5392019503388007,0.3662949891505773,0.1869217106359475,0.15482277134586522,0.16544140577253505,0.21208567867097416,0.15725224132454804,0.18647687382724842,0.2057824247788135,0.271984785364169,0.20964352501706304,0.20999465153281616,0.16869273962559464,0.7576350487544996,0.5287589976440998,0.3797911785859972,0.21488645672798157,4.65362024307251
Media-105706.wav,Tango,67.291259765625,0.26168442918384605,0.4445359370311432,0.39438659841448837,0.2369521547465765,0.19016534145337854,0.17314739105269267,0.2620650191268395,0.19938081346034947,0.18553222502820083,0.217376099866011,0.31881366711269776,0.2106960747961739,0.20529403255071438,0.18514985447913623,0.20859677469765245,0.6101901496408577,0.43227232527700193,0.29377650245066184,0.1794859766960144,5.571465969085693
Media-105506.wav,Tango,127.8533935546875,0.26511367131200775,0.41240459116205247,0.37416640639853593,0.2519488979771116,0.22935018325675963,0.21729323035046516,0.23840149505060085,0.2028357693331333,0.2092343136812587,0.22126720815180734,0.2785596765917524,0.23814868167744854,0.21487328632204122,0.19898873873494677,0.2134185094427111,0.9564841732526235,0.801583516279701,0.7472346024776467,0.14354047179222107,6.966676235198975
Albums-Chrisanne3-06.wav,Tango,127.8533935546875,0.2813784420868658,0.5079924054964697,0.463054651550374,0.2672664328785915,0.19165505092713997,0.1678215957871654,0.16505923594088084,0.16260464200313843,0.15215312404374456,0.16060242264540844,0.25651280373022806,0.19195601382034544,0.1721713606552041,0.18773555164241842,0.20459987408664168,0.9073837933408767,0.7365637126129668,0.6486786749251499,0.12907758355140686,7.747278690338135
Media-104208.wav,Tango,127.8533935546875,0.24806150935097432,0.4781521624001153,0.44444208220542536,0.22345944316277655,0.22137994310474782,0.1912514189766569,0.18019352826840007,0.1698021847280743,0.18043539574779568,0.20082102202091062,0.26283299315356395,0.20642502830549975,0.18887918146521843,0.22247938095567651,0.21385398357861837,0.869179259082687,0.759509785178039,0.6971386893014753,0.15620046854019165,6.402029514312744
Media-105705.wav,Tango,127.8533935546875,0.25784045949122164,0.569263692673951,0.4909389681552918,0.22770013661147098,0.1365894913091291,0.1332458143448403,0.1551629524020004,0.15332194387669987,0.1414330033518119,0.15579722095154191,0.30522447116226487,0.15033859264668942,0.16339926279294034,0.14474763842600422,0.15780839615741624,0.9195379513440827,0.8335943802434747,0.7317888771825217,0.191389262676239,5.224953651428223
Media-105507.wav,Tango,127.8533935546875,0.25099923621155945,0.5008497645687514,0.44843290577731193,0.24481645930429968,0.21534507946054887,0.17485212992841642,0.18763958367644584,0.16687973974999357,0.16202115967432434,0.1692148585940506,0.28203505460445083,0.2039578674623876,0.18793811624160173,0.18912899659200974,0.19493556465584483,0.9653826987642632,0.7958993182571528,0.736990963899428,0.20029883086681366,4.99254035949707
Media-104806.wav,Tango,134.58251953125,0.2153398125446625,0.33482319460415116,0.5121261800837431,0.3057623529326667,0.22880918125897762,0.21528754802394587,0.22306048124166647,0.22322989214612315,0.182249069711658,0.20676316030037153,0.21051919481267112,0.2508159094210354,0.20622856735681774,0.17976888928273885,0.17154784950234672,0.8703674276130666,0.7482525989260932,0.6638151172033495,0.15703852474689484,6.36786413192749
Albums-Chrisanne1-06.wav,Tango,127.8533935546875,0.29065221778478184,0.41765870315325027,0.35615822573075717,0.23478077982760592,0.2041605444606978,0.20559050806442525,0.22339202650120346,0.20238517312670778,0.23490732256547273,0.1943278096379341,0.268892588252716,0.20844627333954527,0.21234334040932956,0.2415283654425259,0.2686551557461687,0.9895673716161512,0.8003142902541599,0.7390924310794367,0.1686021238565445,5.93112325668335
Media-105107.wav,Tango,127.8533935546875,0.24737100834612838,0.5380651213191434,0.4408246967453316,0.23183644302715214,0.21502445248161434,0.17928532331447675,0.2020881228210555,0.18208838915923833,0.1703478856124846,0.17549580772898743,0.26760977936745056,0.16896257265298018,0.16625265907417455,0.16450766673274536,0.18482743844952315,0.877025006194788,0.7840472984038339,0.693423464700656,0.22822347283363342,4.3816704750061035
Media-105305.wav,Tango,127.8533935546875,0.32473720048369953,0.5069508336346071,0.4413437107970728,0.23461956179780138,0.16390775915832176,0.16742262341405315,0.15679272729602872,0.14283526776662497,0.15485024306649925,0.22906443507023133,0.2626959253376984,0.18930435608207463,0.18313113075214166,0.1801346413791984,0.20138056008209987,0.9195175101171509,0.7535050299774585,0.640303947718016,0.1944739669561386,5.14207649230957
Media-104807.wav,Tango,127.8533935546875,0.1928628124382373,0.2778429391263687,0.5366422154233913,0.27647262372307907,0.23988811381301814,0.22443208958948643,0.22246016860964107,0.21662724573825723,0.18228240512570232,0.19556512855070804,0.2277323556059563,0.2802793156667212,0.20123728004259217,0.19332298312033822,0.19259274006967467,0.8194356686807615,0.664805803983883,0.5236661499118396,0.1812848448753357,5.516180992126465
Albums-Chrisanne1-05.wav,Tango,127.8533935546875,0.23171107150279907,0.4000261129577604,0.6017656133942536,0.2615663979122712,0.22609081921572244,0.1851086849857061,0.1750550159695197,0.18488001604806306,0.15571494266349165,0.17039480384291444,0.19640588581327126,0.19280005574732698,0.16066107872425764,0.15522873347960248,0.16311493995162113,0.7719893876773849,0.6276647695545282,0.46543486251444127,0.14814095199108124,6.750328063964844
Albums-Step_By_Step-08.wav,Tango,127.8533935546875,0.27922155238804935,0.45134361891929753,0.4019399494387806,0.2648675698987134,0.2068128449890379,0.2041895219779818,0.20697983771804832,0.20128029038643716,0.18752111924818798,0.19807198290485611,0.28299268391567367,0.22496471701024945,0.178769961851957,0.1880010504296022,0.21540805392930204,0.9306809915504772,0.7747076667637658,0.6922816945624122,0.21506154537200928,4.649831771850586
Media-105306.wav,Tango,127.8533935546875,0.2743283205377661,0.42134741284506727,0.40800464834416944,0.2434454578276171,0.21371546479333375,0.19842601314001398,0.22369252239740758,0.20150211196270704,0.19798243502868781,0.20542096085948908,0.3041456914084124,0.2345754815731092,0.20509177526939043,0.1819972159994881,0.20415073141023976,0.9092655936252538,0.766132784808762,0.7455648360628094,0.1797436773777008,5.563477993011475
Albums-Chrisanne1-04.wav,Tango,127.8533935546875,0.28625599165623594,0.4191502005853409,0.3924603635801393,0.2515324179943733,0.26425084276503336,0.2352119335690075,0.22834956834128828,0.21536486831134422,0.2148777698935255,0.17977673505412975,0.22875384831847356,0.21682943984616931,0.18425269771167144,0.20222534234895084,0.22072291131433044,0.8497277815712614,0.7661880736345751,0.6623590507675488,0.21935586631298065,4.558802127838135
Albums-Pais_Tropical-03.wav,Samba,201.873779296875,0.14745879960249186,0.153987184201995,0.13850523787525,0.14198407428491103,0.160637044319928,0.30355748771188024,0.1647570264519427,0.14720559297149155,0.1433856848437034,0.16909695097370103,0.2517677130090699,0.5918843834595079,0.4465486304812964,0.23203577360197541,0.17978120249680465,1.144105612145684,0.8618635385018981,1.0665047744456664,0.20019939541816711,4.995019912719727
Media-104001.wav,Samba,201.873779296875,0.20537245074398824,0.24206038110270092,0.20036360729475705,0.19926345185395278,0.20290787447156552,0.32556576928775444,0.1925746071120479,0.17924790640530666,0.22638430801892107,0.2677062350060681,0.24472590440084516,0.414337907336014,0.35848318501896687,0.2390743405502292,0.25069518528237317,1.003102029920502,0.8452814228070297,0.8245652760910768,0.2067519724369049,4.8367133140563965
Albums-Pais_Tropical-02.wav,Samba,201.873779296875,0.18048150500190416,0.1996916974175874,0.14584355670162763,0.15546056803747957,0.1591364416858615,0.23195521103229627,0.1584270729337208,0.16284647818309048,0.21681551774317315,0.1884844356064891,0.23249592678373035,0.7085178203792697,0.22362422997722237,0.1777406530566374,0.17657529908879513,0.9010404223347407,0.7312852780544794,0.7226088914434915,0.24360927939414978,4.104933738708496
Albums-AnaBelen_Veneo-02.wav,Samba,100.9368896484375,0.20078000513759137,0.21339074399260047,0.1742989252455589,0.199521125046379,0.2110074351093289,0.3139188739595247,0.1674171545846124,0.15019303311079515,0.1728945505762992,0.2171791853582054,0.27577946943475923,0.6015847673387497,0.2573720094269788,0.19214862947784,0.17924290227448156,0.8346239568762994,0.6731760511535505,0.5071227483288829,0.2096281498670578,4.770351886749268
Albums-Latin_Jam4-02.wav,Samba,181.6864013671875,0.23859418465065005,0.1647268516486384,0.14714356842006548,0.1492161171903027,0.1490700663740704,0.14926142950818141,0.16054998433584003,0.15432115445517172,0.2170284413688322,0.3112552789547283,0.2192809879744736,0.23869814167966008,0.6417625919756482,0.2253422379145339,0.25738789523534317,0.583762886932132,1.673230453224132,1.5581534975741744,0.25305357575416565,3.9517323970794678
Media-106004.wav,Samba,201.873779296875,0.13638449402330685,0.2305769107403416,0.19110207831049425,0.14953554828942692,0.18786583654144065,0.31123789786947265,0.2561457848887894,0.1630348939437349,0.19217032383028615,0.20290197297686355,0.21234123195710317,0.5105404637649504,0.44963740274802466,0.16988646062913654,0.17356503315201,0.8959220446517506,0.8733622469930803,0.9233335283644537,0.25497716665267944,3.921919822692871
Media-103815.wav,Samba,195.1446533203125,0.25648892463896883,0.1640313479996956,0.17944438868783846,0.20327344364110575,0.29322668672694663,0.1913135892685628,0.13642630626828978,0.18090036521768219,0.1674902840407247,0.2282435826548342,0.642976687077401,0.28232078176330977,0.16444183634472304,0.17388761153555868,0.17122125237977887,0.9385262713049423,0.8752509978494497,0.8695860160254135,0.2036895900964737,4.909430980682373
Media-103618.wav,Samba,174.957275390625,0.13162266832423725,0.15009649593278507,0.24101688092316564,0.17161557375676384,0.14060541243721417,0.15920350499713518,0.18159485718181445,0.23009039412540874,0.6418579550724256,0.4398465775685893,0.1702793476382423,0.135491898205128,0.13560747881544635,0.21661932238558473,0.15316160508126203,0.9122154031166825,0.8343782833575089,0.7943909445216465,0.2540068030357361,3.9369025230407715
Media-104003.wav,Samba,201.873779296875,0.12635874330803798,0.1722181518168425,0.1316462193575187,0.13400991831409745,0.1412976841116403,0.21042672385515682,0.12403446206036514,0.10319865125653924,0.13361039336143493,0.13551305919519457,0.2307961681945261,0.8061874317177051,0.2405939732228912,0.12927271910337632,0.12160826967835732,0.9242935319586588,0.8720409106834905,0.8493792898216145,0.2199176549911499,4.54715633392334
Media-104002.wav,Samba,201.873779296875,0.18303946067055676,0.3130674140289016,0.23532709388174544,0.17860650784782622,0.20087363249595838,0.29094295823481864,0.2104368919088331,0.1605454341285473,0.17781168105348652,0.222256408214796,0.19836523287208857,0.4443108011869922,0.4241624532513084,0.19784003259459898,0.22207984477504494,0.8318643698143564,0.888453255724324,0.9141762148395642,0.2509872317314148,3.984266519546509
Albums-Pais_Tropical-01.wav,Samba,100.9368896484375,0.18517542971620518,0.22805514466905788,0.15302208384151164,0.17077458968657638,0.22557935014656458,0.29013802486264234,0.17162470115632877,0.15572632076823645,0.198424436303371,0.20300792452758876,0.2707767104740255,0.6182930906762305,0.27590730384496387,0.18789819947750463,0.15725116834074562,0.9378188776071084,0.6988872089247409,0.5443030952011809,0.22652091085910797,4.4146037101745605
Media-103806.wav,Samba,201.873779296875,0.15389500848026452,0.20972841851304988,0.18698341714000244,0.16594677945602776,0.15837812450810862,0.2714474154944912,0.19488962687635697,0.15493508599844005,0.14573913347890793,0.18382016127896506,0.2352819645820826,0.5311356722026745,0.4799645591500315,0.2238550163390681,0.19001449800779033,0.9707816244139111,0.8821823619734239,0.8877145234146769,0.1929885745048523,5.18165397644043
Media-106003.wav,Samba,228.790283203125,0.19568533677003272,0.17057152038562318,0.16414607628804356,0.16725018012054674,0.19526304642787065,0.3211772266909653,0.22106009111858724,0.19985404610262408,0.2131559615386209,0.2478704337386417,0.2340298193430989,0.43920522461052125,0.39283227566673495,0.25424188347829657,0.2722165365531717,0.7352762610549707,0.7744644671615226,1.0208181804298744,0.20173080265522003,4.957101345062256
Albums-Pais_Tropical-04.wav,Samba,100.9368896484375,0.1583982527618516,0.19499003753772706,0.17684127587514462,0.17752817180283664,0.18635194916790962,0.22371958944877995,0.15825083507222,0.14092311979294112,0.1701650348770085,0.18391516060241278,0.25197643287259974,0.7209032871151826,0.23137023572927445,0.16383864336200116,0.13442376821187751,0.8559771664911137,0.6254325680533861,0.4240070149389143,0.17841404676437378,5.604939937591553
Media-106002.wav,Samba,201.873779296875,0.19863115442495816,0.22327053920364603,0.19471632106013617,0.20072141987666495,0.21567980278807627,0.26849179213289603,0.24844809317358382,0.21634195238697385,0.19928272399080327,0.21308744759321313,0.21895064430086755,0.44100466558096385,0.41948371287647507,0.22420945493152053,0.22710273542416395,0.9651335300315862,0.8798610144218643,0.8709907446746438,0.2354385405778885,4.2473931312561035
Media-103807.wav,Samba,201.873779296875,0.1829382513281809,0.2573675151764689,0.22178706379794075,0.18170975498363726,0.18029117598246597,0.27476561766796975,0.22492222475318216,0.1667986072680679,0.1623907870173153,0.17346507853936288,0.19767744646412105,0.46299457355322826,0.48604957507031843,0.21168284268300364,0.20179128269324845,0.9038904455488657,0.863131004685064,0.8409570934511381,0.18223798274993896,5.487330436706543
Media-103805.wav,Samba,154.7698974609375,0.19973726249409937,0.2479304227674353,0.20116375081105312,0.16611019260728335,0.2348297480593667,0.29256243175140517,0.24238740075221374,0.19777821480629515,0.21950184733046624,0.23660098875755484,0.18940427192367945,0.4349323616588529,0.38923604390856475,0.21324641149590917,0.2564965168787369,1.2411458468224743,1.9239571583024413,0.6833799002340863,0.18889495730400085,5.293947696685791
Albums-Latin_Jam4-12.wav,Samba,235.5194091796875,0.20408053630161194,0.19033912138635753,0.19289391364580669,0.17937759627139052,0.18003836772860277,0.20430717733477072,0.23903089190895677,0.174089597345658,0.1704986064971514,0.2010220993253133,0.1976028638219159,0.24085009663747625,0.6579329846615622,0.23110163947683718,0.19575616899931403,0.6316056959480886,0.8875263353895728,1.2831086180983906,0.13682608306407928,7.3085479736328125
Media-104004.wav,Samba,222.0611572265625,0.1426397886537446,0.13276707425266143,0.11926844172847316,0.1593011637777961,0.22585066093778763,0.19659442212983294,0.1793612158558041,0.24583716836636754,0.2985956974298163,0.19394905127948112,0.3633863413459227,0.5533763931057863,0.2101727765734528,0.3100840252877511,0.1865082745109096,0.44415251832897373,0.697925623340935,1.3010808958274558,0.1954338103532791,5.116821765899658
Albums-Latin_Jam4-07.wav,Samba,181.6864013671875,0.21464378099164802,0.18465607482527022,0.1764988729253564,0.16233827671971734,0.17875951061792958,0.16407388688768057,0.1794156495240432,0.15899529294910883,0.18195361848082742,0.2372160808445184,0.20014362493229704,0.2592914237313939,0.6749428701498321,0.2183174628403374,0.21471245364965771,0.5921122988203096,1.4961994557341805,1.419239794864747,0.1923462301492691,5.198957920074463
Media-106001.wav,Samba,201.873779296875,0.16958568387169304,0.24550287391565137,0.14082336338717677,0.15697920939059132,0.19252662460489545,0.30078386436885424,0.18123298149181175,0.154330065329799,0.1617226503482248,0.1677216693316993,0.2420119481099673,0.6859092744173542,0.23762508070781266,0.15307866330662792,0.13809380897382614,0.9334787453889278,0.871589058999776,0.9318670815829747,0.19349277019500732,5.16815185546875
Media-104103.wav,Samba,201.873779296875,0.19610596193125984,0.2721935862475346,0.22275365049410986,0.21946490373352096,0.21283332702657803,0.30002336954309133,0.21564832590278554,0.16265463597111782,0.13857871583924977,0.13902021483530572,0.16842577999855204,0.5015730524393354,0.44267470257605146,0.1855988217254634,0.1803192342600283,0.9171337891495938,0.8795834412299205,0.8495715434944008,0.1975487470626831,5.062041759490967
Albums-Latino_Latino-03.wav,Samba,174.957275390625,0.20937855861783555,0.24250413572472537,0.19584915834283087,0.2028920410058987,0.19812490450305328,0.22162928046208816,0.1866829144682284,0.20337067041498572,0.3014503900433287,0.2344853512436634,0.19506267984972875,0.5273832385093074,0.22881545141016063,0.24592133678921846,0.27995548344408966,0.6380404705540555,1.7403000368831392,1.6195466634133289,0.1888045221567154,5.296483516693115
Media-103903.wav,Samba,201.873779296875,0.2084663711592754,0.2169844906592968,0.19022560000331723,0.17155519654623247,0.20476830572789584,0.24988582889466998,0.22213356218321187,0.22099510548912943,0.2671006770659968,0.27182234997446686,0.25757574595775246,0.42292705577119105,0.3409999883155872,0.23440454965690533,0.2821669540611431,0.8877943038453855,0.8120334891644436,0.7599313009362305,0.2111940085887909,4.734982967376709
Media-106106.wav,Samba,195.1446533203125,0.18954745098744558,0.13853847178422127,0.1398769064227761,0.1645788741750771,0.204684693536719,0.1608936118161037,0.14292833307774247,0.163002900078034,0.16476784838730613,0.2212297497609293,0.746897766585989,0.26966143227265066,0.1808362015035851,0.1524188450656342,0.1443891444316392,0.9420472997109495,0.8610044041890118,0.809717232539332,0.18247634172439575,5.480162620544434
Albums-Latin_Jam2-01.wav,Samba,228.790283203125,0.16612255034404932,0.1733087759181313,0.16457305533739733,0.15301365972864434,0.14767493119391245,0.2167125277388541,0.16979548900477895,0.19693615792925637,0.25320463674135774,0.28263496571603813,0.24014334472005172,0.5041635202004614,0.35940410625773217,0.250957414033782,0.3278530222547644,0.4317588048546914,0.5649530981910609,1.3628119991451986,0.24085962772369385,4.151795864105225
Media-106107.wav,Samba,201.873779296875,0.17367737657870427,0.20445495924634685,0.15025676676105165,0.16200343839118478,0.1736187481490368,0.22786391988160537,0.15125783419958277,0.16841495905188006,0.2421399315019079,0.16870143245844296,0.18774554483623832,0.718488987175241,0.19377678077134347,0.17471316739960818,0.1981496815447106,0.9365035437234301,0.8716581075981358,0.8228036903414045,0.16097943484783173,6.211973667144775
Albums-Latin_Jam2-14.wav,Samba,208.6029052734375,0.167694685267963,0.17418714518879816,0.22268960084489706,0.14624577170829425,0.1512110381286402,0.17040575831874258,0.18528152073062232,0.13800519010907747,0.1546390163595252,0.23665371842194816,0.18256819871721347,0.26194313787602647,0.7049817360810027,0.21256493631025528,0.20306306688388523,0.9263163992619424,0.8940268310993208,0.814381251523296,0.17866523563861847,5.597059726715088
Albums-Fire-02.wav,Samba,208.6029052734375,0.1752266907065104,0.20201676348012657,0.23159121442598482,0.18842635962315435,0.21591016402669572,0.17156350511694365,0.1989967329105377,0.18446390610210653,0.19729908937866106,0.25899560057683163,0.19895854507538505,0.23793299019247374,0.6470099198070397,0.18903921237653623,0.18195620501225124,1.025666186683688,0.9786213405844425,0.8366370790137689,0.18210887908935547,5.491220474243164
Media-103902.wav,Samba,148.040771484375,0.15448592436313544,0.2136230781450732,0.11565224134280742,0.13941337159447473,0.23129627583101964,0.28062167357456236,0.15910075574259228,0.12397273156601009,0.13141144767306823,0.1560171611601604,0.21529558668344703,0.7428315909142621,0.19104699877702228,0.1607253605416497,0.15055261034969478,0.585897757020466,2.4612021201187284,1.1307780037973898,0.2183331698179245,4.580156326293945
Media-104102.wav,Samba,201.873779296875,0.1643876013899314,0.22688533306948505,0.1901674737726275,0.17054213409233202,0.19657478497484795,0.2681419551835231,0.19080283354921737,0.13481093410987244,0.18941049702151747,0.20099701542719423,0.23896285994034677,0.5655322678648642,0.39329784527123235,0.20820123189597695,0.19973215070194955,0.9090248821192818,0.9046512019756998,0.9489806566117215,0.2496831864118576,4.005075454711914
Albums-Latin_Jam2-02.wav,Samba,208.6029052734375,0.1895189959303674,0.2083371295986248,0.25069298632171727,0.18116228423193148,0.18343690542708566,0.2220283128006879,0.22015661381205492,0.17476397501046567,0.1714059206109085,0.24961218433761337,0.18737095357327893,0.2455506072966457,0.6156768849855603,0.22866970932056413,0.21122812934226212,0.9238066148191012,0.9181109122627726,0.8495425948113169,0.21318554878234863,4.690749645233154
Albums-Latin_Jam2-03.wav,Samba,208.6029052734375,0.15375786817149556,0.18035147218996492,0.21566918650219633,0.1735290384564074,0.1683762235176163,0.19619160014101208,0.2370267074427826,0.13256821899056934,0.15852714424368264,0.17660319006662464,0.14740561250210923,0.2553076041161316,0.7172177882830774,0.20215141296537326,0.1676668446853125,1.0217041324584315,0.9597814264030956,0.9398329499448611,0.2075970619916916,4.817023754119873
Albums-Fire-15.wav,Samba,208.6029052734375,0.1505106972809301,0.12555944797307242,0.14778896679776926,0.12974757271584428,0.13566058480170884,0.13772456449080078,0.16936568535061122,0.10790514764442566,0.12254717146595205,0.2208471835215433,0.146636390019875,0.24139240088049047,0.7926313878048881,0.20150996762796056,0.18102663817514147,0.9982518943662276,0.9180249897568391,0.857665731860334,0.2502497136592865,3.9960086345672607
Media-103901.wav,Samba,201.873779296875,0.21694880258142696,0.25483368829887304,0.22831571679944798,0.22269781426155608,0.2119810047722467,0.28664641170067895,0.23499212842291395,0.22830438197288935,0.21807480813603813,0.20586210309404485,0.20357157039187845,0.3995201858791839,0.36133206632054177,0.2637146071640102,0.2464233665144399,0.948253446745746,0.8734264306097014,0.8627251156578082,0.16281762719154358,6.141840934753418
Albums-Latin_Jam-09.wav,Samba,208.6029052734375,0.1665420436811326,0.15287977518256354,0.15860437761749008,0.12166729490597851,0.1509996454495036,0.17361913588415773,0.21484829704869168,0.13594908871157113,0.15674909204170676,0.2186463831127349,0.17081114172169393,0.30514669119071147,0.7063489929010764,0.2495317922136832,0.18837281374279577,1.076307725783379,0.8937479987100021,0.8714179137304061,0.1954175978899002,5.117246627807617
Media-104101.wav,Samba,201.873779296875,0.13907263931389757,0.15226206811745574,0.14014868286025553,0.14496983067864633,0.15349601905680013,0.3319173469488989,0.13302586698539776,0.1416129627825753,0.18549990576607964,0.18492523670399194,0.21442689541623075,0.6743899008979641,0.2830701917269375,0.21101335822497874,0.22648031259090923,1.0749910894368064,0.871586583140094,0.9822096790470797,0.2025807946920395,4.936302185058594
Media-104105.wav,Samba,174.957275390625,0.1736835297415872,0.2165048322012143,0.17856062660531463,0.1872350644421531,0.17680287470709574,0.2652579869920946,0.1706489173784758,0.18359642200212314,0.25576634784090835,0.2861933645836984,0.24552594310825196,0.4814639265537516,0.3383352088989355,0.26192967314551907,0.2628262389322966,0.920342568277015,1.4901858442232654,0.8311614372435404,0.17673757672309875,5.658106327056885
Albums-Macumba-08.wav,Samba,148.040771484375,0.1596500042004783,0.22399066373779888,0.14340932764693176,0.16039590119072214,0.2129907235509807,0.3112747571875158,0.16913318802357355,0.14255085816525104,0.15636417307966824,0.19216522146821713,0.24313169810228363,0.6742502627417879,0.23702036240508806,0.17471949124023325,0.15828440826057916,0.7357695305336441,1.9705627758709878,1.1294990166459982,0.23686745762825012,4.221770286560059
Media-103905.wav,Samba,174.957275390625,0.262342172372992,0.28722466159422017,0.24715002505182157,0.2274264106066846,0.23888625152134121,0.22586568407221375,0.21984566501844824,0.2210934927498708,0.25975239721775195,0.2832142109432145,0.2446806539081349,0.2764094761326842,0.26855234488749036,0.3149401957389312,0.2744379110127124,1.0649340676012804,0.9802413139199293,0.9328397903321276,0.1756438910961151,5.693337917327881
Media-103904.wav,Samba,148.040771484375,0.16939489644536457,0.20019048585394605,0.13044798269484528,0.16562678104079787,0.24554671957369079,0.36759236223241,0.19210872425868758,0.18638940159925688,0.2560506984711084,0.1962731797010211,0.2156906828617744,0.585505838290196,0.19385194461054045,0.2052230268388226,0.21586194346838658,0.7514283609487096,1.314425419017659,0.9494053762977135,0.12836052477359772,7.790556907653809
Media-104104.wav,Samba,195.1446533203125,0.17021835888446346,0.20399039118887072,0.1633800896829079,0.17642795579564963,0.2095347469986944,0.25456138397447303,0.14319911487184786,0.13761974242089461,0.144992585237937,0.1718175272229339,0.3003268695696092,0.6993371823622635,0.22774136710296447,0.15702998737380536,0.13078563382873976,0.9452026949535997,0.8273633907958571,0.8040887115335758,0.21036754548549652,4.753584861755371
Media-105608.wav,Samba,100.9368896484375,0.11505007612449064,0.13630666009647552,0.120307756059158,0.13140229481623777,0.17910289803840523,0.32726709969493106,0.1504080054353701,0.13590946642767118,0.1659080435908616,0.16487955971835486,0.19534935406871273,0.7582868817575646,0.21394169248807468,0.15595838092174705,0.13491746983918296,0.8896120697455915,0.6957812275328883,0.4938896506377362,0.17294716835021973,5.7821125984191895
Media-103708.wav,Samba,154.7698974609375,0.1425962440178909,0.22535606557162335,0.19009429907668804,0.14138806467304627,0.1806020023855126,0.3022536248673997,0.2268835703192153,0.15414387579332742,0.12603100105925766,0.16403818300047532,0.21664350170486532,0.5017891402987038,0.4960969069022775,0.2253723346938432,0.1874027332937915,1.3961188870139947,2.9234286705239625,0.7208150970863559,0.21955789625644684,4.554607391357422
Media-105609.wav,Samba,201.873779296875,0.14403401433411134,0.1501555244267153,0.1284254248597265,0.14187857152083755,0.13675619793815055,0.19654522152942439,0.13313866527350846,0.12753899030562432,0.1327576061599655,0.15577529786537653,0.2341840379430197,0.8070333503622872,0.21912019284360038,0.13357675173061023,0.1219368574912492,0.96330643562046,0.8476008721483241,0.7991813753053707,0.225528284907341,4.434033393859863
Albums-Macumba-07.wav,Samba,201.873779296875,0.1773210782305516,0.18155631366796227,0.16449342854911833,0.1547669357705819,0.1794918972629695,0.22422410923808336,0.17864981915681263,0.15504622258296086,0.16388184050515311,0.19344792844763778,0.24982192856831012,0.7077581765884338,0.24037391910400044,0.18263495375794458,0.16549207794066856,0.9297081744173749,0.8287912996303641,0.8317371605435292,0.14017406105995178,7.1339874267578125
Media-103705.wav,Samba,228.790283203125,0.19338831128576586,0.18786581286876058,0.1756122354053389,0.21250565160258328,0.23144744009967852,0.2946131968198644,0.27333587961898176,0.22413741255160494,0.20603328182229652,0.23288697881093445,0.24030651788910576,0.35376345257389236,0.4320406196114185,0.22750510855845593,0.2607577797785218,0.7428233460960887,0.7550216459186135,0.8593410980282687,0.1223437562584877,8.173690795898438
Albums-Latin_Jam5-01.wav,Samba,201.873779296875,0.22612331999695226,0.2826915146093697,0.18486513709163213,0.23539695142195363,0.15181885336801942,0.17859413362049914,0.12420198216671957,0.1223958479475383,0.17920791944586395,0.16523976901920964,0.21973997071538803,0.6936462777872426,0.22392611841672286,0.16370967514988008,0.16799096992871512,0.9802097725757162,0.9599812505815662,0.7744415722523595,0.26140907406806946,3.8254218101501465
Albums-Macumba-06.wav,Samba,148.040771484375,0.1926802247079777,0.2681679475795836,0.15440264913545806,0.16213355605495852,0.20337794540462142,0.3004944419581648,0.1842847290931617,0.162540271465971,0.18790511372237909,0.1924692190406588,0.25466925402542184,0.6180323622749366,0.2215611645626516,0.2104772939451686,0.1903415681701012,0.8237411850754186,1.5192562274148689,1.0406200690061151,0.2314188927412033,4.321168422698975
Media-103506.wav,Samba,134.58251953125,0.19077219790847957,0.1823377621717598,0.24412526652887304,0.3185733355151039,0.22478343747125365,0.1769483037774058,0.1822870167322092,0.20391376876145373,0.26712614231664394,0.5172653983687461,0.2892325671488871,0.18369090859745435,0.17057236652664334,0.19190572722570948,0.30064044833930226,0.8777521914889312,0.9286776296692706,0.7845830979381629,0.13125663995742798,7.618662357330322
Albums-Latin_Jam-03.wav,Samba,208.6029052734375,0.15972700872340856,0.1564024919650613,0.14182975228871186,0.10625100821202436,0.1310551567307741,0.16122056556172906,0.18845651359518423,0.1596047566079568,0.14070064718734607,0.21983693794001932,0.18427151468232592,0.26738608634178734,0.7477052215113378,0.2199232427222487,0.18291510172172065,1.0572986614671434,0.9267660934439469,0.9436879826576701,0.14678311347961426,6.812772750854492
Albums-Latin_Jam-15.wav,Samba,208.6029052734375,0.15962803401195103,0.18525259159380214,0.217282811478729,0.13436689124099319,0.15000005377795883,0.19635464602935235,0.2383884980316517,0.1579295494294868,0.1423895646587554,0.27027468869980903,0.1793566275050164,0.2537014392050668,0.6773700046242992,0.21292694639592552,0.19515040734136002,1.0023755242655665,0.9906659221350056,0.9509664548484805,0.24913649260997772,4.013864040374756
Media-105607.wav,Samba,201.873779296875,0.11751789338072714,0.14381171535400158,0.11770418700132941,0.13185901691533455,0.12941647092630526,0.18968250277167542,0.1294545635551514,0.12960639428028273,0.18147340137811255,0.18677824053149863,0.23529323040979494,0.784516978208585,0.23870770596263263,0.17463167446400008,0.14783839989800768,0.9636283760249627,0.8379766406927305,0.8358063302911325,0.2768194079399109,3.6124634742736816
Media-103504.wav,Samba,201.873779296875,0.1666981701668323,0.19952133202913822,0.16119352443761076,0.15508561768170828,0.18759523143554452,0.2737039197626193,0.20069524130593833,0.16254507573552807,0.1774419865018241,0.18527162346359127,0.24760844629635004,0.5556283340089114,0.41636989306849004,0.23574745300029487,0.2019356288552517,1.086011177349264,0.8819811615945707,1.0394991584874815,0.21982601284980774,4.5490522384643555
Albums-Fire-09.wav,Samba,121.124267578125,0.4348997876596657,0.5309274142550098,0.23584699382217156,0.1864404737932776,0.16092503465932362,0.16587215023124532,0.16950564504239643,0.1584389060034724,0.15638071377098142,0.26414967490974556,0.2684032433331937,0.18092453779462284,0.19042217700539188,0.23296248489579896,0.20448183395322095,0.804120131755735,0.5142769204832597,0.3471724838078212,0.22212497889995575,4.501969814300537
Media-106118.wav,Samba,181.6864013671875,0.1821927848892625,0.19950829469986206,0.20966208338351455,0.2245218764985448,0.5606509852328021,0.2786311569375776,0.1935196755430202,0.24523073118807043,0.2069830881465229,0.2626537793925744,0.1960135109498345,0.2220268327408477,0.20283557308632919,0.24333586080276978,0.20779873349791156,1.2216877652258284,1.3030194799123185,0.8178350023528721,0.17550769448280334,5.697755813598633
Media-103706.wav,Samba,154.7698974609375,0.2190311088731402,0.2569657659433247,0.2751806267951439,0.20615789068221077,0.21788691694723095,0.24279228233358735,0.27410023860466404,0.21853997271599754,0.18840198890296225,0.18984532474700164,0.23432118037217245,0.2573955310868186,0.49348743207934054,0.2609976012751124,0.18468900501304236,0.921006201550166,1.301034273387627,0.9227893649603872,0.18232351541519165,5.484755992889404
Media-103707.wav,Samba,228.790283203125,0.1815168323593992,0.21803496960662758,0.1754514950437241,0.15617326981662,0.18698461748919712,0.25384494585319073,0.21997596001422856,0.2070548350736922,0.23151000752590942,0.2704956941969227,0.23472983680557796,0.4423831796427322,0.390036866499403,0.2569127774960497,0.2792467229986258,0.6097674902344994,0.6327274756883104,1.0817053077988732,0.23320125043392181,4.28814172744751
Media-105404.wav,Samba,201.873779296875,0.17773930514125552,0.2527882756559961,0.2248684414860723,0.2054588137657089,0.21670794978894034,0.2534263481247161,0.2174455797285567,0.1809476669658152,0.1988099656442457,0.19422720392236967,0.21570817795615632,0.5361064102943568,0.3520690072073325,0.20656547382041512,0.20664996498796134,0.9351255721475094,0.9019071123411122,0.9011617996254186,0.21737881004810333,4.600264549255371
Media-103505.wav,Samba,148.040771484375,0.16247660323069743,0.2451496292828739,0.1307967489002842,0.137134165352044,0.22472786849734272,0.3231854867956179,0.15931978225637727,0.12494864555276508,0.17833097784517019,0.15928220432488718,0.2218904630161358,0.684695754872452,0.23360445344820663,0.17724735655429805,0.14296480115407859,0.6039954750619397,1.8804667277697298,1.0803544216372594,0.2622699737548828,3.8128650188446045
Albums-Macumba-05.wav,Samba,201.873779296875,0.16068170166996879,0.1911021380728675,0.15210839033171886,0.16719421631080522,0.1847806451870619,0.2607832397071658,0.17485132001126755,0.18090808588764853,0.22096010181569178,0.18942771825259053,0.2251652044474842,0.6770891653884127,0.20547249423276437,0.19835556218836983,0.21377273316273826,0.9560923300481671,0.8216153573877896,0.7974645125599767,0.21029889583587646,4.755136489868164
Media-105606.wav,Samba,174.957275390625,0.18321795298871682,0.1974792747334308,0.1910630615825583,0.18089498656647732,0.20733530841140835,0.28768763914463763,0.22275659873964107,0.22503129317829224,0.2765173278035752,0.24004748848028454,0.24601918844133303,0.5639562331088362,0.2260643232155773,0.18786834321266507,0.18203581847435438,0.7148918883353101,1.1668798388701163,1.0913815222117236,0.1560523360967636,6.408106803894043
Media-103501.wav,Samba,148.040771484375,0.25191479030125863,0.291545000199927,0.1873024993575683,0.2416552907385556,0.2524987607266974,0.3171984086280891,0.19312046396237742,0.16728094951617972,0.1986085800937777,0.20491997719034136,0.23496189771088802,0.4890627106108249,0.25488273612593076,0.20176237140332084,0.21659132966899436,0.7960680948259085,1.1625924198704205,0.8953800980982549,0.2140437364578247,4.671942234039307
Media-106109.wav,Samba,201.873779296875,0.1816128014981227,0.24243386417380197,0.21944297420689562,0.21364954431701935,0.21352259853593095,0.29448030987103785,0.19134818761377986,0.16915480771179184,0.17867033224412215,0.20589209963137356,0.2094097331477135,0.506986668985108,0.40353547287951547,0.20319594554150627,0.19383292011085157,0.9571695051996475,0.9012981787336007,0.8711116477911169,0.16126127541065216,6.201116561889648
Albums-Latin_Jam5-06.wav,Samba,100.9368896484375,0.14033054418071475,0.1520249531461023,0.12064578628313574,0.13189109463044563,0.154689621428018,0.23883433051066452,0.15341479851222814,0.14412692219075143,0.18086984497207528,0.18928780855406613,0.26703942393771946,0.7119283166125833,0.2940165356159143,0.20011726858667878,0.16363770124275565,0.8493533843567321,0.6092680572593365,0.43409817011179835,0.1482185274362564,6.746794700622559
Media-105401.wav,Samba,201.873779296875,0.1392668971130272,0.1624518954345789,0.12700663006287863,0.12108076054973854,0.13946128975558966,0.2429750498252657,0.12765565724759992,0.13260991148153697,0.17980515407500797,0.17565850893744278,0.23493669550469334,0.743754713050295,0.237224630691309,0.21492339188635848,0.19244603839733843,0.9681339647001124,0.8252784306119487,0.8049406586286081,0.22127029299736023,4.519359588623047
Media-106108.wav,Samba,154.7698974609375,0.1591080842447632,0.24452630573103476,0.20372359408148052,0.1712182874412265,0.20924405618194714,0.30898157100809787,0.24558934715113231,0.19612128147747207,0.16795640651597993,0.2057280197715583,0.26160473895334263,0.45899054500787434,0.4082948777175094,0.2264745139555854,0.19596934132916305,1.1227814919429193,1.529523749174331,0.7349501100384239,0.18959492444992065,5.274402618408203
Media-103502.wav,Samba,127.8533935546875,0.25357169785701705,0.29575237551932626,0.24850759244873147,0.28067704204280913,0.18893766252608146,0.22959699735596245,0.15292948507844664,0.17944442265192168,0.23907624937110777,0.21830822429237606,0.23183105127724082,0.5382406131598775,0.217591597828218,0.1772309850842845,0.19150691351913357,0.781176710754529,0.5815054147839506,0.4452188179357643,0.15313169360160828,6.530326843261719
Albums-Latin_Jam5-10.wav,Samba,201.873779296875,0.20215863336544218,0.241643689236554,0.17699483290321097,0.1964038625109485,0.16921025484547308,0.21622891723454318,0.1409815839323496,0.15149761607582693,0.1808972811382708,0.15786942012946814,0.23171092975767815,0.7058949777201705,0.2089602268694109,0.16609047647065053,0.1781838914822527,1.015730238482499,0.8639559830515378,0.7918474916045866,0.23789620399475098,4.203514099121094
Media-105403.wav,Samba,201.873779296875,0.18986177076808539,0.27368393610926484,0.22348435405004258,0.1975978471781014,0.19459260492763336,0.24794769904022915,0.20393453647897267,0.17581578056873445,0.15366108050140853,0.1515957340254092,0.19716070742489566,0.4866801785062393,0.4639802110936892,0.20486802197302725,0.22055189985989807,0.9586240657969303,0.9374646997284948,0.8703724454331516,0.2320072054862976,4.310211181640625
Media-103715.wav,Samba,121.124267578125,0.2573891561176253,0.24404819163669034,0.27289827883733475,0.47246338563374657,0.25948356603965383,0.2521982745561421,0.22552686432543517,0.2024951132263185,0.20033805241050245,0.20818128312083906,0.21208750687907985,0.26938048587787633,0.23561753615227887,0.22306523217381788,0.21771172037719103,0.7749317042562517,0.9803791975667535,0.979504522346264,0.15535704791545868,6.436785697937012
Media-105402.wav,Samba,201.873779296875,0.19197910479456268,0.25808074910565165,0.17857077867925428,0.1639195987627622,0.22808674967817877,0.2695571744753275,0.1791485786901736,0.151661779426877,0.1608039319363585,0.16817681666721845,0.23772193370481184,0.6754050052140929,0.22050939186680404,0.14574774230502116,0.14597693934171596,0.9031602725609346,0.8512905229828104,0.8939759226450301,0.2126958668231964,4.7015485763549805
Media-105416.wav,Samba,174.957275390625,0.22704158852264225,0.1838144271767389,0.172594440270237,0.14471043348135393,0.15415919271062395,0.19305353874282963,0.22056121786073557,0.2577122920640424,0.6209247247131954,0.3197263829616489,0.20725375147776773,0.19318157245472958,0.16758807826754113,0.23130978219407472,0.19545109560487653,0.9621605051773767,0.8774263090132061,0.8335055295877137,0.2083524465560913,4.799559593200684
Media-103503.wav,Samba,174.957275390625,0.17545820972281748,0.21187204860837502,0.16715041802682873,0.18302558700626317,0.1895734825632944,0.20953994186900066,0.1719310705590047,0.21372482674204563,0.23687641457896597,0.23384697544212024,0.26084422590811934,0.619803031936114,0.2227706613011681,0.22205318021241452,0.21419290866336949,0.7589712485063055,1.1323351524523892,1.1308761529929459,0.1673898994922638,5.974076271057129
Albums-Latin_Jam-06.wav,Samba,208.6029052734375,0.18377751636047712,0.21087354068782696,0.22368331415664056,0.16344079334923528,0.17324490109799137,0.19468741279259053,0.23998303876923985,0.17783070615370497,0.1590791351467528,0.2637173328404306,0.19102443301320288,0.2498091601897318,0.6402022656821493,0.22104662804202288,0.18817530867658847,1.0283778218864486,0.996641120455679,0.9010103028228453,0.21139729022979736,4.730429649353027
Media-103606.wav,Samba,201.873779296875,0.1997643292676687,0.30251761720421044,0.24201652546663313,0.21323582595743906,0.22711037310014678,0.3287764734681107,0.25059980513771873,0.1857395446824971,0.17480374213315614,0.2041632183704099,0.24605142524952364,0.39194590248969585,0.364839184360052,0.2209206416367058,0.19811065948683587,0.9464557351883128,0.9022901411852445,0.9016021292106638,0.18368545174598694,5.444089412689209
Albums-Cafe_Paradiso-02.wav,Samba,201.873779296875,0.1692578392188554,0.20984249421491433,0.1596751774195252,0.19852830487491613,0.1536422341056526,0.18286890579664972,0.13086949335237483,0.14203505210246914,0.17429832204576012,0.16737274957537843,0.2461964597353861,0.7360459704887521,0.25747124453046655,0.1541546853551002,0.13128400373050408,0.9434132146425398,0.9092155698671163,0.8286988462700136,0.18746478855609894,5.3343353271484375
Albums-Cafe_Paradiso-03.wav,Samba,228.790283203125,0.18844737821939375,0.20257167785000774,0.1920436194507921,0.19745196843269677,0.17674174785138033,0.30578513297318827,0.180931751234648,0.17541629040458998,0.1899058853122863,0.21684993698571378,0.21735966347827065,0.5155811332577043,0.37751051229596183,0.220877940024383,0.2680977113505729,0.4451508169546141,0.5606123633787392,1.432629906675418,0.22139130532741547,4.5168890953063965
Media-103607.wav,Samba,208.6029052734375,0.16362940035606863,0.15379739007854593,0.16847884660437834,0.1579277016033733,0.16360755049843873,0.14379744897814462,0.14996192980820702,0.12693184401630286,0.14974271400332095,0.1695084298379769,0.16183772698393223,0.24851169125326775,0.7652000011436403,0.2235081552190367,0.1886999077361385,0.9846454427976853,0.9400124936054699,0.8230867246381784,0.18633173406124115,5.366772174835205
Media-103808.wav,Samba,201.873779296875,0.15902824843543656,0.18052320296192242,0.1388560389570672,0.1522814825844342,0.16315057696077256,0.3201744662937001,0.175346625895441,0.1432866199690963,0.18527603992182604,0.23080844329378655,0.25416607325498575,0.55715944092798,0.4338224328321585,0.18546559567379864,0.18443771662512565,1.0329575519864451,0.8503799575435705,0.9026684164526598,0.2683173716068268,3.7269296646118164
Media-103605.wav,Samba,148.040771484375,0.17932146558928416,0.28254462687339527,0.1574344983441249,0.1686570338514357,0.24961357686636007,0.3240650196635973,0.1861332642744542,0.13950854992244152,0.15676706484964031,0.154617185008383,0.21550323982629327,0.6541577153461121,0.20814280347865866,0.15140394169608548,0.15574112342574542,0.7593020769151436,1.5020868983198359,0.9465940476058394,0.2052154690027237,4.872927188873291
Albums-Cafe_Paradiso-01.wav,Samba,201.873779296875,0.1654521799490439,0.17609126331473646,0.15507483296647495,0.15056954047421076,0.1756354060856197,0.2712080739763517,0.19646537000305325,0.155394863912107,0.16761929288292943,0.17576165116756087,0.2728229783660072,0.5840954350040986,0.4262137166604677,0.2038993410024873,0.17299976467899592,0.9404144985236941,0.8610545966465768,0.8649298405266892,0.21147239208221436,4.728749752044678
Albums-Latin_Jam3-05.wav,Samba,100.9368896484375,0.12838087926461586,0.1571111864188044,0.12138844278124217,0.14882907994085107,0.15154105908543114,0.24984833869904918,0.11716276214073035,0.14498680400571154,0.19708381434330438,0.1809557541107192,0.2110383458519534,0.7536562238851131,0.21553502382259754,0.19240518181512137,0.1849729770282148,0.8110241940384565,0.6777551392054297,0.4819598385485642,0.2186909317970276,4.572663307189941
Albums-Cafe_Paradiso-04.wav,Samba,201.873779296875,0.250699901839115,0.27006996623313884,0.2195034486426478,0.24144535428294914,0.22239403182371362,0.23923085605473435,0.20549883958448004,0.19463016859943258,0.2100168989207579,0.17912780118892865,0.2125048715710621,0.5688687445365084,0.20302075199587416,0.19624139338829152,0.21503725222332562,0.9199323783888969,0.8731086426682683,0.837224689244629,0.17820104956626892,5.611639022827148
Albums-Latin_Jam3-04.wav,Samba,100.9368896484375,0.15686264359766194,0.17486367610183445,0.1718005927658843,0.15074768128940896,0.1752543740319041,0.22773642577732142,0.16713355972147084,0.15558493309854785,0.17426812977277953,0.17100298063689043,0.23910877156274662,0.7212817707191062,0.22609680457687653,0.1927290275177484,0.18044994973764808,0.8909053648512085,0.7197916044090955,0.5299261825702666,0.1607472151517868,6.220947742462158
Albums-Latin_Jam3-06.wav,Samba,100.9368896484375,0.14413936682534903,0.16896819056560858,0.13469585262978293,0.1419644942405068,0.1681684230805145,0.29882762680048724,0.1430234655063364,0.15941333900318555,0.22051336920589237,0.2071558758616431,0.23951234962369355,0.6818561978143507,0.23172182410340125,0.21174905673922864,0.1912155850106234,0.8651157692389866,0.6975650415828236,0.5223765002609319,0.22758929431438446,4.3938798904418945
Media-105518.wav,Quickstep,201.873779296875,0.23727682390430246,0.22273564466998724,0.23436682002915837,0.2330687127902407,0.23031971567101275,0.23494735194713834,0.20507877812364186,0.22616131394977707,0.2173732133368466,0.2288834615125817,0.2874598304507151,0.4924658078131576,0.2536884488905261,0.20667621527742158,0.2269772445886604,0.9927441327439065,0.923141333006114,0.8609015291784539,0.18981215357780457,5.26836633682251
Media-104216.wav,Quickstep,201.873779296875,0.21439563555978214,0.22314150573306696,0.2146568199229094,0.23365683038378807,0.2197070280185405,0.2705296651155221,0.20940684014430933,0.17978583804031403,0.20078056663981017,0.23593405937927334,0.29718691190065266,0.510744495396735,0.28554066264738603,0.20742575572714894,0.19031824494188324,0.9929866817631029,0.873359154372873,0.8670946371380934,0.17506743967533112,5.7120842933654785
Media-105120.wav,Quickstep,201.873779296875,0.1746910367412111,0.20960214165403915,0.20430200047494732,0.2194745907958484,0.19907787140321112,0.31536708026211346,0.20252746921605289,0.20709982742397826,0.2002190474701083,0.18636136685734678,0.23280507727015168,0.48396967170333505,0.3906942333973255,0.21759396566439232,0.22229098256567667,1.0591269319570717,0.9299700242860482,0.9528830717237861,0.21506167948246002,4.649828910827637
Media-105121.wav,Quickstep,201.873779296875,0.2307830567656096,0.2789248912433927,0.2309007365344369,0.24091452414855005,0.22059166505842942,0.2529460673285998,0.23238803185022067,0.2310939856392959,0.24146150200941985,0.2082037514303376,0.2662254900784016,0.43295470769279076,0.29472434991439483,0.1979899692180591,0.22692153836559792,0.950952768639515,0.9524657782603917,0.8763594926294441,0.20868463814258575,4.791919708251953
Media-104217.wav,Quickstep,201.873779296875,0.21198888809767835,0.24344823241970615,0.2306596990196752,0.22492905274433916,0.21731264792224878,0.2524487225695397,0.21061947041873857,0.2115290546887115,0.20731876435139837,0.2574336991345611,0.22820231654471912,0.39947913333140245,0.40863499177883483,0.22670316714633992,0.22944827285780076,0.8551723173535478,0.8184100577405311,0.7981650003610349,0.22138071060180664,4.517105579376221
Media-105914.wav,Quickstep,195.1446533203125,0.21811550458459275,0.21169946364324937,0.2042134543603295,0.21253280364143443,0.22642225373147917,0.23308052236764054,0.20290417554103277,0.20807743328285397,0.2293594427877428,0.24322464327390106,0.35003542559525697,0.4839504397350948,0.25016725497688586,0.22109418143512202,0.22519468397748513,0.9977573422592205,0.8971066406940076,0.8638354320681446,0.25430673360824585,3.9322593212127686
Media-105320.wav,Quickstep,208.6029052734375,0.20085004309862758,0.21729267853305248,0.20524759218142388,0.1997401049288136,0.17492451199935627,0.20933760851994704,0.2524821353542149,0.23273883755461294,0.2018055361910961,0.23025722632014545,0.22377595353513288,0.29561483622242657,0.5595261900909417,0.2299318933387835,0.20233424711148262,0.946802338369062,0.8814881521961972,0.8697093147674517,0.16097715497016907,6.212061405181885
Media-105122.wav,Quickstep,208.6029052734375,0.22258738312613133,0.22161540999300264,0.22375406798774464,0.2208099278689562,0.2495952498859399,0.2390785662065332,0.261494393995733,0.2381585001058535,0.21293870989636257,0.2435366682963838,0.21682646736507216,0.29072288286882686,0.4483287563581049,0.2643360702648003,0.225620642938149,0.9863757566843194,0.9239658120127773,0.8881698650419483,0.1533263474702835,6.522036075592041
Media-105913.wav,Quickstep,201.873779296875,0.21651053440133491,0.24909664831023992,0.23228515037035502,0.219423258630183,0.19431504286674536,0.18836483705918167,0.16840990107739323,0.20271800187298936,0.24024096903414816,0.26508834579277896,0.2745791961056724,0.38635485374059947,0.4126776271362525,0.2563131226911385,0.24005073832714696,1.0775437346614043,0.966772568113436,0.8192887549433887,0.24463653564453125,4.0876970291137695
Media-104416.wav,Quickstep,208.6029052734375,0.17157750726146548,0.21640704690389528,0.24755952166309036,0.18566584951610843,0.21755739031659868,0.19561821235480326,0.23013135596668396,0.18904557095776903,0.17531285832342666,0.23256621337596092,0.19607467323500466,0.3178387200440149,0.561826608788904,0.278770487231607,0.18980189248273377,1.0344933072933469,0.9362945965590133,0.9284756444210998,0.23200304806232452,4.310288429260254
Albums-Step_By_Step-16.wav,Quickstep,201.873779296875,0.24567390031716824,0.23271613670168906,0.22404551122737623,0.21833488087970573,0.2089941405636687,0.24747601742169206,0.23277824098082284,0.22533073134224163,0.24510908747352164,0.24224406407428803,0.23352489835782203,0.3848815451296372,0.36876934706048264,0.2552977711879933,0.23482403748506134,0.9260273565982716,0.7911244482432277,0.7892471333680379,0.24970264732837677,4.004763126373291
Albums-AnaBelen_Veneo-11.wav,Quickstep,208.6029052734375,0.20968541051242018,0.18642891988755028,0.20017829837762285,0.17240259139007247,0.18566729827214323,0.19630285882990062,0.2993307741977253,0.19051243856041455,0.19466327128614375,0.2018497209463152,0.21467833178388904,0.30531161347681973,0.5008980257580545,0.351109675437165,0.24589696874655342,1.1381615531698106,0.86117809183283,0.9291097433347307,0.23667167127132416,4.225262641906738
Media-104417.wav,Quickstep,208.6029052734375,0.23042810455198232,0.22646407902064492,0.23153734494898195,0.2351794795709267,0.25150666732833166,0.25872459521885877,0.29578366477581997,0.2524056475615529,0.24327910046572,0.23354733994292437,0.24921425684284948,0.2522056753117031,0.4136692590462114,0.24445109999516312,0.18704076378696027,0.9768021703624999,0.9161518343550435,0.8656088149639032,0.21503490209579468,4.650407791137695
Albums-Step_By_Step-17.wav,Quickstep,201.873779296875,0.18516282175142867,0.2678527104507595,0.25302045355774594,0.2377209735613282,0.24351605275875038,0.32441493383324266,0.25047052009001103,0.17468995594133943,0.19330294845235185,0.21807783541867265,0.22971125365707237,0.4021967344731396,0.37098799113168146,0.19257625847379925,0.2036435955757617,0.9436065608278363,0.9192085991044531,0.9203923704822112,0.2560407519340515,3.905628204345703
Media-105912.wav,Quickstep,201.873779296875,0.2521635671031488,0.3018000648259897,0.27594692798354375,0.2688775193781785,0.24268465065270683,0.2196345257620239,0.18082081075356277,0.17926003384468397,0.19759670363512638,0.19598881300245974,0.21164507415535677,0.37151864187922373,0.38671491775963024,0.2536169545997535,0.22533783711515526,1.0033965934700313,0.9972417795281189,0.8679381888437212,0.2539043426513672,3.938491106033325
Media-104615.wav,Quickstep,201.873779296875,0.18944609829193318,0.1946639172211379,0.19250941090646312,0.18298571766470498,0.17089746435158254,0.22372582800738222,0.18875062246172467,0.17857383742159094,0.1628140778793507,0.1856150077014228,0.264699494209481,0.5531124732884293,0.4296507767110398,0.20548506357796342,0.2123991525947636,0.9997321819904165,0.8796499461395281,0.842724113473416,0.20120927691459656,4.969949722290039
Media-104617.wav,Quickstep,201.873779296875,0.17797845722622402,0.20125487146670037,0.1815459456071294,0.17880473916276746,0.17395153803673563,0.2510812927561375,0.2057087551497405,0.1775094518751617,0.1895219532467068,0.22555779912176221,0.285144522143268,0.46515042110958454,0.4270039279512103,0.24996230498586805,0.2578424268418224,0.9777875720267053,0.86804840490572,0.8641508865466752,0.19838429987430573,5.040721416473389
Albums-Step_By_Step-15.wav,Quickstep,201.873779296875,0.19759753210778788,0.20014978906228145,0.1801050949884694,0.1716467014429299,0.18200482945071486,0.2590169086634983,0.19497926035289193,0.17741544220544683,0.20625271052816987,0.2379433646454337,0.2683669094816612,0.4465772815981917,0.4319512117946177,0.2726285355476009,0.24035123086735904,0.9709311279154529,0.7974321481660144,0.8619432562442195,0.24654971063137054,4.0559773445129395
Media-104415.wav,Quickstep,208.6029052734375,0.21230175589146863,0.23259150934437725,0.22133249607952832,0.20449336847556665,0.1868158101098575,0.1962634643174834,0.17259342930861762,0.20118052967007166,0.16408184248564658,0.1827029245212829,0.21042341189461564,0.3869047019964603,0.5285396878888506,0.27396163052788125,0.24011727119407678,1.053274160792288,0.8982695548534204,0.8737620406561605,0.2681881785392761,3.7287251949310303
Media-105119.wav,Quickstep,201.873779296875,0.2071395565644048,0.23790372967856618,0.2143102427337835,0.21664395055001096,0.2004383314163342,0.20140418579871044,0.19738594711366386,0.20822053520386286,0.20103478610589876,0.2108195160583666,0.26366070055831253,0.5073187297386128,0.3977561009364799,0.19731792646648383,0.18889672265182805,0.9644812968490969,0.9230784433749052,0.8153684164165331,0.2059049904346466,4.856608867645264
Media-105911.wav,Quickstep,201.873779296875,0.20889005306312658,0.20642571597192924,0.21874079674392755,0.23193183426574288,0.22686193955879203,0.2697166338214969,0.241259333391603,0.25404218456181005,0.23332971803684166,0.24806613451159049,0.3024295215095025,0.3830619133665944,0.2974807602909314,0.2502305968579879,0.2446769180663624,1.09590008696606,0.8775620718467799,0.8997732677232584,0.19622914493083954,5.096083164215088
Media-104616.wav,Quickstep,201.873779296875,0.18231705979670904,0.2042283236190508,0.19664537888843625,0.21434570877568973,0.23198830131058418,0.24264682084703185,0.17761632138843267,0.19232448026607357,0.21388211364333154,0.2216854708455282,0.28400863452405994,0.4833247649141866,0.38763243746232534,0.2454288069137517,0.19889075761478045,1.016937211275066,0.923400332051125,0.8976442239161175,0.24013590812683105,4.164308547973633
Media-104315.wav,Quickstep,208.6029052734375,0.2246790015298603,0.22968513775762006,0.2222662903132853,0.24044599884068316,0.24815236740604074,0.26912851446253633,0.2614278911583712,0.2134220522946583,0.21633903576452262,0.23186081170388667,0.23795492329031556,0.3100763765606656,0.40723223672275305,0.26962452757014993,0.2231072218849725,0.9740107499324967,0.9023503323717362,0.8562033024502455,0.23253343999385834,4.300456523895264
Media-100615.wav,Quickstep,201.873779296875,0.1978610513041725,0.22940426476771805,0.23130469734649972,0.19973260609102267,0.2072421868710239,0.2642953471667721,0.22422478314854188,0.22139162162620662,0.23783308614428542,0.2859593891784269,0.26691126701924944,0.3668593587758116,0.3362782758018663,0.2679359656386403,0.2714771252038011,0.9336558522325882,0.8469403121922259,0.8343267812118906,0.23357197642326355,4.281335353851318
Media-105816.wav,Quickstep,201.873779296875,0.19712114523857052,0.1896936951523108,0.18980826967200173,0.19838467085340517,0.18135259069760454,0.216786752196615,0.18563629398227444,0.1868203254632941,0.20513921983225913,0.2374596406999646,0.2569032340743056,0.46969374583677687,0.4439100179941732,0.24064998787507946,0.2459243496541202,0.9496085726616633,0.8079090783136342,0.762321622881467,0.22986797988414764,4.35032320022583
Media-105817.wav,Quickstep,201.873779296875,0.20355582149236534,0.20987353183577823,0.21075242323563753,0.2116985698105105,0.1983973322095245,0.24064434727801817,0.2231437865627937,0.19629311436092828,0.19322178773985646,0.22245827838410953,0.23923675446353862,0.44048521563520765,0.44468151848101695,0.24103774003614103,0.21392821347652466,0.9779392759931137,0.8977469614366824,0.9198710033076761,0.23450647294521332,4.264274597167969
Media-104314.wav,Quickstep,208.6029052734375,0.258784373339987,0.23745378577464213,0.20780439214947066,0.18887786445257612,0.2288944284732466,0.21487837661833709,0.2246024489733044,0.22413103169213858,0.23072319125178636,0.22266897082139084,0.22746471425493187,0.3014752675753143,0.45816624998864364,0.27461043975531424,0.2603326297126719,0.9784741750918055,0.9064670387870963,0.851284612762321,0.22452807426452637,4.4537858963012695
Media-100614.wav,Quickstep,208.6029052734375,0.24530012548248453,0.21251956146295944,0.27228152157187546,0.21172543028380278,0.2649704612873027,0.18884173243907926,0.23061793267184982,0.18616533084857098,0.2133196380228618,0.25037662683431566,0.2379152030001672,0.29380990627463044,0.43085493437877936,0.32460996551164184,0.19964082951002968,0.9649089659424289,0.8470876289192034,0.7506883740473819,0.226811021566391,4.408957004547119
Albums-Chrisanne2-12.wav,Quickstep,201.873779296875,0.18643804121975968,0.19436719475409414,0.1639124190699308,0.1813873210533209,0.1863756420560514,0.28354166355235644,0.18181950140396758,0.20733655585573352,0.20870226123750837,0.23352810466657978,0.27832788467351083,0.4212698639894616,0.428159322246489,0.27598304630540405,0.2529848006039683,1.1196926053735228,0.8498969750982707,0.9175446172928275,0.24338124692440033,4.1087799072265625
Media-100616.wav,Quickstep,208.6029052734375,0.20964923423146728,0.21232280457538574,0.19426589121345428,0.21032353355607727,0.2376271331063414,0.2183805172123321,0.25252305578379264,0.20656424987025926,0.20268545409793368,0.21537402167461808,0.20869572363702982,0.28681588254075724,0.5307014661923194,0.25915893544270063,0.2372879983862336,0.9276937023710662,0.861210071420126,0.7989810811435917,0.25084102153778076,3.986588716506958
Media-104316.wav,Quickstep,208.6029052734375,0.18670693067976707,0.1977449213658905,0.17898805065057197,0.16353987940296394,0.18542211627671148,0.20760478232001156,0.24408118933752998,0.17773356416855046,0.1621343102771871,0.2062974472159961,0.1835858238076198,0.3398053704264611,0.615222207795785,0.2583069477436333,0.18807190120728492,1.0634366314698729,0.9425554577493691,0.9543232216377863,0.25142720341682434,3.977294445037842
Media-105020.wav,Quickstep,208.6029052734375,0.21013823946429483,0.2320901533571504,0.21687028112062348,0.23056924512259044,0.22367212067850153,0.19814801146553015,0.19819754160149075,0.18533891748087358,0.2057034004464548,0.23284141947626938,0.21635561036300785,0.3997874487362146,0.47085327890762835,0.2562459174871477,0.21982493758654467,0.9341052417894177,0.8717169184840422,0.8300287771041428,0.230092391371727,4.346080303192139
Albums-Ballroom_Classics4-18.wav,Quickstep,201.873779296875,0.1853945027106062,0.16627795949839191,0.1772013340097906,0.18695983139689362,0.20877172896013443,0.2310363990510864,0.18845167823490983,0.18427625605699266,0.22641984912161084,0.22239268845304994,0.28288944776903313,0.5602868252991311,0.3178383788539839,0.23901019150887967,0.22884857921644383,1.0119665711581007,0.8262909025748205,0.8242298531201002,0.1800730675458908,5.5533013343811035
Albums-Ballroom_Classics4-19.wav,Quickstep,201.873779296875,0.20252712375096507,0.211407240006374,0.20331362856699545,0.20956557698325692,0.2146436811909482,0.24745273904096793,0.21331552601524886,0.20455211929298353,0.20971484721129724,0.2187222392098785,0.23981702758738177,0.48345568749532875,0.404854499491833,0.21704431675070465,0.20077097541557423,0.9397594987097194,0.8600971011954129,0.840453956449234,0.24306656420230865,4.114099502563477
Media-104317.wav,Quickstep,208.6029052734375,0.20236078384366396,0.17788863419650278,0.1798685327390955,0.18423944245850277,0.17768502985918863,0.21134201482785742,0.22783149000769018,0.18518988117700838,0.19530990376450966,0.1963865001086317,0.21727888791964398,0.3651495078805803,0.5856652980872858,0.24881053600089123,0.19105122448846257,1.0327633161049878,0.9102366336217595,0.8963746298512985,0.24196453392505646,4.132837295532227
Albums-Chrisanne2-11.wav,Quickstep,201.873779296875,0.24540550526199112,0.2442015548167614,0.2201808084060294,0.22854242608075614,0.20243606366313233,0.23912765683200762,0.24988058955335854,0.21785147909220012,0.22954472856451072,0.247575543757512,0.2722897650600988,0.4167284820468331,0.28662255824369526,0.24786055083217928,0.25688989441835425,0.9911745261999414,0.8943866614331878,0.8555741833948436,0.2282964289188385,4.380270004272461
Media-105019.wav,Quickstep,201.873779296875,0.19735444295274637,0.2029340806555254,0.2141788786064098,0.18981160870489594,0.19715832770736483,0.20362053063518315,0.2061939759380189,0.22232303070547593,0.20781858308494713,0.24000145391982894,0.2796416826194609,0.43472832475157547,0.42780872401660364,0.2378482495892133,0.24108543921889,0.8912989563399468,0.8242765804699284,0.8069664147287569,0.24736127257347107,4.042670249938965
Media-104515.wav,Quickstep,208.6029052734375,0.20296792697363802,0.1900946117277694,0.20496615957509942,0.17020020153581472,0.19440808495963102,0.19054472930194657,0.20028860732923137,0.17391554169817877,0.18487941401031913,0.22598227202758683,0.1889462531668333,0.33275290377209565,0.6039125922341265,0.2494546869328009,0.22048414538020272,0.9493301837282039,0.8866509628913025,0.8010320500045468,0.24945639073848724,4.008716583251953
Media-104918.wav,Quickstep,201.873779296875,0.22468939240270966,0.26402490339886997,0.23901160385367026,0.22775875715487917,0.23881762174017435,0.25939030089639925,0.2166559970266239,0.18600532548109364,0.1930768514317759,0.19887061909716483,0.23171367496403436,0.44554288166505435,0.34174996439339517,0.21673697157263058,0.2686151689793321,0.9681234549115899,0.9662266555370009,0.9425206861448382,0.2194557636976242,4.556726932525635
Media-104717.wav,Quickstep,208.6029052734375,0.15121397142967963,0.1656431884206293,0.17222968234183977,0.15523348921084998,0.1726232345485492,0.16853701537986177,0.22652895682904725,0.14750604265386352,0.16640019785693472,0.1928042080375796,0.18941601217947518,0.3415183308132499,0.6590471308342845,0.2870787981299908,0.1747175444241929,0.9956375759001143,0.8930805041368288,0.8869393195011892,0.25060349702835083,3.9903674125671387
Media-104716.wav,Quickstep,201.873779296875,0.20528655602854134,0.22181312051641666,0.20277897382505727,0.19563167680460436,0.2303172266265561,0.2818659026021676,0.19680885539375662,0.19955059841776215,0.23072236823881676,0.22206369145796878,0.3084070678841037,0.4997619166643854,0.30701759789623545,0.20108493526134405,0.18999942557592997,0.949740851976268,0.8741405299972641,0.880173159409014,0.22846262156963348,4.377083778381348
Media-104514.wav,Quickstep,208.6029052734375,0.16419625302079877,0.1763299436645726,0.19003237794036654,0.17019339839568634,0.17302619419418674,0.17810263475378774,0.18275790955665144,0.16536633665625736,0.17297758415223463,0.19973047455852663,0.17641366648597248,0.3133176399944261,0.6858763492815556,0.24160141336258245,0.16298254804129153,0.9989731818308736,0.9465232113957525,0.8522939214159589,0.2472713589668274,4.044139862060547
Albums-Ballroom_Classics4-20.wav,Quickstep,201.873779296875,0.21920509900880056,0.2050772139506244,0.17540750508094444,0.18403246209902338,0.19686069988211338,0.25595150475833245,0.2188819358614931,0.214504648568458,0.2549589560417849,0.2692844512551467,0.2780013059794932,0.44814618142534485,0.3400992708078968,0.22914849797837317,0.25150627776623624,0.9218116782173964,0.774402085724587,0.7722334693618137,0.24084584414958954,4.15203332901001
Media-105018.wav,Quickstep,201.873779296875,0.21153505040700943,0.227109892601614,0.19762781654335904,0.18698298166670752,0.21730816117366222,0.26416822611207397,0.20453748067519542,0.18553587730560775,0.20237319146388352,0.22493630447141888,0.3310379338135875,0.4848992124822971,0.3294542564945414,0.22559342151842945,0.20171933452672186,0.9575104234261281,0.877745408119612,0.9448973296285527,0.23076920211315155,4.333333969116211
Media-104516.wav,Quickstep,208.6029052734375,0.18834339871555963,0.1932737584315976,0.17849028397270011,0.17044029025494398,0.16475599334733082,0.1889492470878286,0.21694090150054895,0.15177394613583323,0.17585239668525843,0.19195419149648305,0.21465152041021968,0.3552529145876303,0.6312630496162064,0.24855013340687315,0.18165272208514807,1.0235913124190286,0.8958831895694136,0.9052634645464506,0.2582587003707886,3.8720862865448
Albums-Ballroom_Magic-17.wav,Quickstep,201.873779296875,0.21416204812437103,0.2032300379401264,0.1882645519793898,0.19493959864111815,0.1881970293409136,0.24263180889670075,0.20032083278759102,0.18856743392515765,0.18850998703411262,0.23656783002847784,0.2898422873912312,0.577247752296287,0.2824004097199872,0.21956501388664584,0.18091459643783878,1.0552273546964368,0.8711501717904286,0.8949170937941462,0.1920546591281891,5.206851005554199
Media-105016.wav,Quickstep,201.873779296875,0.1957526210481077,0.20271622700454528,0.20517281000268076,0.19047022743958747,0.2127791774648697,0.27982024491836016,0.19782053508933978,0.19269712556761667,0.22111767510337157,0.2257043078955769,0.2785932491531286,0.521635332213372,0.31984714437686584,0.21695418363146057,0.20844271713993312,0.9923787103678933,0.8706608402240334,0.833909236398296,0.2528873682022095,3.954329490661621
Media-104917.wav,Quickstep,201.873779296875,0.21740602416120444,0.21455766514318284,0.21207276877282027,0.18574530002972287,0.20497868135471786,0.2234888361091572,0.22634709987000648,0.2101993668528223,0.21027376808328505,0.24153554110602263,0.27178397575990915,0.43977150376365104,0.3925969972173585,0.26842258780117656,0.20938023330460748,0.943947212422019,0.8671400063432746,0.8260796002448791,0.2120867818593979,4.715051174163818
Media-104718.wav,Quickstep,208.6029052734375,0.19872994022078116,0.19400533773792256,0.19774520095344067,0.2232713868168941,0.23103319945440656,0.21999590696956448,0.24830862053157915,0.21329705441690197,0.20736486219865433,0.1955349969559687,0.23170319483757468,0.33892866754856127,0.509282929148993,0.28014789717469823,0.19324244053431075,1.056062821845952,0.9604681593216317,0.8958492364516548,0.21187591552734375,4.719743728637695
Media-104916.wav,Quickstep,201.873779296875,0.2184053228795302,0.24289196509627464,0.22703907962550002,0.2076028254926654,0.21367458880808973,0.24127002429143904,0.23961333995318213,0.23043190841573835,0.21522795117364635,0.2339513050131939,0.20808509544977077,0.41606018061788685,0.41753320713554787,0.21781674173310106,0.21221588726638257,0.9252916090510934,0.895320043053057,0.9012558568502587,0.24953597784042358,4.0074381828308105
Media-105017.wav,Quickstep,201.873779296875,0.189742882041629,0.20080117152138705,0.18727610415182236,0.17774400944447138,0.18730239788249517,0.22279175140865967,0.19299799917786806,0.17143480534403036,0.2126920018621226,0.21448601757531638,0.23554640685501646,0.4524922388566893,0.4896052540007233,0.2507443227111888,0.22714596125823638,0.9596979345768846,0.8319630570031518,0.8107976411542636,0.24999286234378815,4.000114440917969
Media-103314.wav,Quickstep,201.873779296875,0.23392578634928726,0.20907354114349544,0.205285303253109,0.21366089754261042,0.1635318222937516,0.16737771004149404,0.192417050537949,0.19593173320733437,0.22675608784936457,0.2517946413629503,0.285450848942749,0.47326472258926683,0.34763730571921975,0.25931248788001837,0.2742757983556488,0.9160712437247112,0.7849676785996803,0.7518301731832601,0.24552999436855316,4.072822093963623
Albums-Ballroom_Magic-16.wav,Quickstep,201.873779296875,0.1891373418326779,0.21346418707115317,0.18388231029819327,0.1851447872535288,0.19912677124674708,0.20077264519967458,0.19630233080043957,0.22359011215695765,0.1968406794082678,0.2244493907293014,0.2756977838686201,0.40032805528332893,0.4243973033158517,0.30238415734869334,0.291780207403073,0.9656588154127449,0.7849142418855716,0.7159698586309042,0.21623992919921875,4.624492645263672
Media-105820.wav,Quickstep,201.873779296875,0.18755804736463888,0.17642053940554273,0.18484225373575613,0.2007365478203229,0.1805856511829164,0.20660097815162565,0.17496018811017952,0.19101424396179148,0.21622507534831556,0.2558083497868716,0.2618634132064277,0.46707438392778794,0.4527089053744872,0.24620695540856152,0.22881862056407504,0.9656354596044606,0.797953123490664,0.7610429397416317,0.2320311814546585,4.309765815734863
Media-104915.wav,Quickstep,201.873779296875,0.21778104806147056,0.20581509374464146,0.2137519060123481,0.19591394298749287,0.19854194181499524,0.2279686943258854,0.22895936932628774,0.2535267762327668,0.2568627426306276,0.27975159686177625,0.30086773300163544,0.38683086068265765,0.3557303837751732,0.2321687784053342,0.23066682671376249,0.9200510760939141,0.8388271409745149,0.7859411836261281,0.22185298800468445,4.507489204406738
Albums-Ballroom_Magic-15.wav,Quickstep,208.6029052734375,0.1747782160913823,0.1629901297885915,0.16303874934239218,0.1534895557294933,0.161432406487439,0.17808281565652823,0.20695298211406524,0.16030673482693628,0.1698672556280994,0.24661697808056113,0.23065350045200655,0.33819371337967746,0.6138559182429455,0.2893374884553373,0.2205862735823356,1.1846237003571887,0.8945259413843011,0.9292835214985737,0.24573484063148499,4.069427013397217
Media-103313.wav,Quickstep,201.873779296875,0.24757715481676038,0.22425219726968765,0.25138735993699374,0.25970331578823663,0.22014901248267593,0.17888698433865424,0.19938098573447563,0.21077349361534284,0.2339904611031523,0.24136094001094746,0.23712431946272192,0.3864757460664676,0.3925238042470825,0.24546629494503627,0.24536499390855224,0.8767112822349687,0.8739490412220066,0.7405999260665033,0.245356023311615,4.075709819793701
Media-105819.wav,Quickstep,201.873779296875,0.19658208209098124,0.22318184609102362,0.2154273307200214,0.20684649592878204,0.2099111395880145,0.2661351038414401,0.2145119702158928,0.22258696433018996,0.20336042315206185,0.2136889812824578,0.21921998888070895,0.4629477341579863,0.4326525701650311,0.19837891180569575,0.18963419831067127,0.9589467703273077,0.8685462015889157,0.8496771823931947,0.26438865065574646,3.782310724258423
Media-105818.wav,Quickstep,201.873779296875,0.16508561820837653,0.19409333383028513,0.18224225570675062,0.1815573563656975,0.1849624585932649,0.2140649665497924,0.16855218975870423,0.16666665084267013,0.1932233039839155,0.19681269470953774,0.24629451315307646,0.5284894746596797,0.4934762742254181,0.20931636371783632,0.17120718869048446,0.9467976827233524,0.8762769086255783,0.825172369913175,0.2459356188774109,4.066104888916016
Media-103312.wav,Quickstep,201.873779296875,0.19963546336562155,0.1979494729188421,0.18587425856923828,0.21073410218278385,0.2316660954280504,0.25445276284810064,0.21936868397303905,0.19957864578421905,0.22812322000224958,0.21994663898881206,0.2851021194768369,0.5362620472484922,0.2789549821710023,0.21600329884170497,0.204655090136895,0.971589405791598,0.8515156662145208,0.833018110267672,0.20408685505390167,4.899874687194824
Media-105207.wav,Quickstep,215.33203125,0.15063140545499673,0.171776807658723,0.18769795818786053,0.17072956708169323,0.16731649159437326,0.1882082318510803,0.2037014641371335,0.17388060733170094,0.17187063534580496,0.19211602380089798,0.17679935476203076,0.20042002181466795,0.49651528121810573,0.5707533809890752,0.1952351791726271,0.9667314168770922,0.8779373744148223,0.8298492454345978,0.24952332675457,4.007641315460205
Albums-Chrisanne1-14.wav,Quickstep,201.873779296875,0.29244640894940815,0.2700488273907398,0.26128438625785305,0.24189333157355344,0.2511795891087088,0.2768508534866282,0.22301021459436002,0.22776243002535101,0.20905432847957553,0.22929416606258643,0.2681090830633389,0.32922568333251045,0.2727002755334675,0.25686783794505635,0.23774328312323217,0.8951546826251123,0.9044328143608326,0.810264427005245,0.1972898244857788,5.068685054779053
Albums-Step_By_Step-18.wav,Quickstep,201.873779296875,0.19048158087773492,0.2659591302454466,0.22063292877507357,0.18521473983391445,0.20428882744499455,0.2971271702934269,0.22566154135237693,0.19930230728041243,0.21083458489813997,0.2076112104273567,0.202685472275829,0.43790953744309874,0.38632633265620014,0.22617290389138847,0.2617901443861035,0.8124147312644913,0.8720598959879978,0.9675165809939127,0.235057532787323,4.25427770614624
Media-104418.wav,Quickstep,208.6029052734375,0.16688777695014362,0.19333005185529423,0.19727975552348057,0.16768663898079397,0.16724749389677743,0.19102174550164508,0.2110808399262419,0.20980097678873827,0.1960827601431126,0.2093400390451864,0.22326020617451353,0.41943362841908555,0.558522944419239,0.25094723384655376,0.17815011958127872,0.9914355546423247,0.9159320401481968,0.8640411464396898,0.24858498573303223,4.022768974304199
Media-104815.wav,Quickstep,201.873779296875,0.1524152260288479,0.22788725352122186,0.1897252207848617,0.15943661237477605,0.18177575502019166,0.2631259857841554,0.2205754672114406,0.17328920703215986,0.1929947236881973,0.2049381288609225,0.22007758924607662,0.4748149890582587,0.47151205882482844,0.23208941515433143,0.2305249940312963,0.9578594289019552,0.9233869191427563,0.9876064139868133,0.2619742155075073,3.817169666290283
Media-104618.wav,Quickstep,201.873779296875,0.2194518593116466,0.20315559395797522,0.2166854265984242,0.20658404030724223,0.23817027879046848,0.21606471371342198,0.20364111743788035,0.20839389362542834,0.2291335458428555,0.2488622601449069,0.3115560643602094,0.3873257859105348,0.37267903062741925,0.27202699565859667,0.24129025300104465,1.0266437045141343,0.945619827318883,0.8914444480407357,0.20741859078407288,4.821168422698975
Media-105314.wav,Quickstep,201.873779296875,0.18138621461766066,0.20628297344511332,0.1753449978820206,0.19146542677238956,0.21637646269949812,0.28607514548401786,0.21595631145920985,0.2213838157351657,0.26330819224965984,0.21014399725325886,0.2994524511557296,0.5187906411644018,0.24986621170586495,0.21539115893220553,0.2273810340170333,0.9477717377450966,0.8353093510653565,0.8298880154418578,0.19173984229564667,5.215400218963623
Media-105315.wav,Quickstep,201.873779296875,0.2028134171617606,0.2255426495095718,0.2017923006005324,0.17541779451485354,0.17858615397447797,0.2542688149668961,0.17993612567713194,0.19647429478554285,0.17473305640876177,0.1805821542197012,0.1996166002786711,0.47281552939813853,0.4939794504310863,0.25579155289506184,0.18163978092346647,1.033613358762911,0.9023861527013585,0.9045034692599124,0.24077464640140533,4.153261184692383
Albums-Chrisanne3-13.wav,Quickstep,201.873779296875,0.20622229637378198,0.21832048359741507,0.21948221692638667,0.21143658270029095,0.22681000899349493,0.21270563308619683,0.21096057073655505,0.2262528526885674,0.24597517478636682,0.22159735848460324,0.29547606047512787,0.43913212999477746,0.3373852691029132,0.2512795440335225,0.24047233047536,1.028083420282419,0.8892181858009682,0.9081080186833115,0.22307348251342773,4.482827663421631
Media-104816.wav,Quickstep,208.6029052734375,0.21784451690728507,0.20967518885637315,0.21788349522329606,0.19806811998024515,0.19432558855673834,0.2116626974912864,0.24426099319324596,0.1836967224451336,0.153843284786429,0.17784054091502416,0.17165680856714377,0.26474999068692584,0.6318733671731767,0.24273310865478043,0.1812939258089149,0.9631874229799102,0.9014010078899908,0.8215882930157289,0.1989239901304245,5.027045726776123
Media-105517.wav,Quickstep,201.873779296875,0.20827242041128965,0.2095956329751746,0.1575906276039381,0.16189874262832124,0.1899066426378556,0.26229547099154515,0.15777758300396547,0.16713276258541962,0.1783415975323798,0.18846451269323367,0.29558793861954646,0.5830240628119875,0.3061526641830676,0.2603044113904709,0.2187554847446803,1.012400732207898,0.8421784655992062,0.8762365286989264,0.18113020062446594,5.520890712738037
Albums-Chrisanne1-12.wav,Quickstep,201.873779296875,0.22252835111983493,0.23996643328591669,0.20328381440118298,0.19445628871798315,0.22372049771024874,0.24981225255926492,0.19428714546392786,0.21229992354616076,0.24161691476578517,0.22036511274497572,0.30376219151350115,0.44139385002318327,0.3299048632686782,0.26228543963298845,0.21636433271351202,1.0104752849641316,0.8744329616326778,0.8161904005806951,0.20363496243953705,4.91074800491333
Media-105715.wav,Quickstep,201.873779296875,0.16564232191258607,0.19584359904741214,0.22726255185997618,0.2406207888707679,0.2589950110845416,0.28376370604779405,0.22638786113846382,0.19534390598890597,0.2089265205290275,0.26751681871234567,0.23331847550867316,0.4055708907784208,0.41755217348488205,0.2166719548585336,0.1794796956074764,0.9521320129316675,0.9272202152286059,0.9024843500991646,0.22501656413078308,4.444117069244385
Media-104219.wav,Quickstep,201.873779296875,0.19745047283403092,0.24618319137243763,0.2309580495341434,0.22794146273137858,0.2093806542296857,0.22794982385251328,0.20904394789949077,0.14859428378006603,0.20351454210669837,0.23444873010401537,0.2269040059263632,0.4257856926610687,0.42593624219117454,0.2239602411974073,0.26978522972038893,0.9116039029647207,0.8502847536795762,0.8176454467290727,0.23971214890480042,4.171669960021973
Media-104218.wav,Quickstep,201.873779296875,0.19722986499465645,0.19263421047082435,0.18728358364886455,0.18942804631595,0.19604763215254917,0.20632689164070053,0.18782084608717523,0.15666990023016297,0.1909169016549621,0.2377659661016157,0.27176640245174566,0.45850948195809565,0.43909263523690334,0.26768552826635816,0.2658552291039778,1.1402614974171743,0.8201813121020445,0.9281590022682475,0.2633386552333832,3.797391653060913
Albums-Chrisanne1-13.wav,Quickstep,201.873779296875,0.24776994222369034,0.2225678406216353,0.20735157253665826,0.2383081260134969,0.26281690855526646,0.26343778468529605,0.24843238857402147,0.21484541168031618,0.238158983848257,0.26088725307787836,0.27889080129310556,0.3107458141051736,0.3404180411223848,0.2809470213927661,0.2213553841040649,0.89395677524705,0.8515243778537029,0.8309387721768103,0.17635174095630646,5.670485496520996
Media-105516.wav,Quickstep,201.873779296875,0.23683068964654228,0.2715007096490733,0.2247389304072024,0.20836780994879475,0.2642239311163872,0.257417680350622,0.20139984365853064,0.1915180633206989,0.2583554305373949,0.17812291116322762,0.21880673092336927,0.49289442701943925,0.23967306340171463,0.2468976165911341,0.2350668680403825,0.8299190655757023,0.8211192561017804,0.8082877501410795,0.19645747542381287,5.090159893035889
Media-105716.wav,Quickstep,201.873779296875,0.18461342225935107,0.2445167229534952,0.19691522477893003,0.20479308906020707,0.22569682130520896,0.2859321781015492,0.2185834114905354,0.2065395485465321,0.24978751794530657,0.22287203458336785,0.2660054677867963,0.5159869630391084,0.2568588327632679,0.20431482029745685,0.21328824235364374,0.9015608942359001,0.9041878682686256,0.901980991214458,0.2181921899318695,4.583115577697754
Albums-Chrisanne3-14.wav,Quickstep,201.873779296875,0.2213210642575947,0.21376134799501914,0.20559069593624898,0.20760592131967284,0.22481300791193154,0.21921565598977036,0.2290081530463283,0.20718027971851058,0.2603675513412432,0.264729014589766,0.3347773273864207,0.41954889840685944,0.327098793715337,0.23136052536772364,0.19874446251748817,0.967331404859812,0.8345063917438902,0.7791647663997776,0.2713744342327118,3.684945583343506
Media-105313.wav,Quickstep,201.873779296875,0.23596881547806145,0.23404174034245234,0.21812378499121995,0.2723363813208203,0.27044283586458,0.3111162917456903,0.2211822250017298,0.2202606966900674,0.24253244672077945,0.19480952216767594,0.25532457681919535,0.38967879411951256,0.2887154459749698,0.2342245035391203,0.21999636258308572,1.1028555111241063,0.9415609245449308,0.9480859112073164,0.2119908332824707,4.717185020446777
Albums-Chrisanne3-15.wav,Quickstep,208.6029052734375,0.2215848332688683,0.21764573412415564,0.22216974595910866,0.18845419788485995,0.22639126884595923,0.23367772247009375,0.2223395765049388,0.20126195923885606,0.20718130023167552,0.27020113209883045,0.2951431289440043,0.35267513614742063,0.40986302095798605,0.2715010093237684,0.23180619506817499,1.0195798839243413,0.8517301410038061,0.8199133542325566,0.20142929255962372,4.964521408081055
Media-105717.wav,Quickstep,201.873779296875,0.1755814994498571,0.2737795412507112,0.22228655968111016,0.16655272321774958,0.20414793192364494,0.26445197465444087,0.2466320457324055,0.18135428647498636,0.21235097158299981,0.27409791657730675,0.21887302666221228,0.40020501787014406,0.4277424957055437,0.2141917555510724,0.23367283858762783,0.8203896021402701,0.8175936804972053,0.8162198001835764,0.215736985206604,4.6352739334106445
Media-103817.wav,Rumba-Misc,154.7698974609375,0.18595262610223937,0.20075791817002078,0.20004830713071473,0.21892726833548182,0.27355312921749225,0.5144084443983947,0.3258549313819334,0.23529346641935064,0.20923969521490093,0.19840163635831293,0.22024826467635347,0.21519148100419092,0.18749772549299212,0.20315465456735682,0.285988198396318,0.9239484535758478,0.8458592990242788,0.748751146188366,0.21658630669116974,4.617096900939941
Media-103812.wav,Rumba-Misc,201.873779296875,0.13140662091500196,0.1717768764265908,0.09655230906200457,0.09906211244386698,0.11328599234640874,0.16160955816592246,0.10433716215190367,0.11373014938157515,0.16385056532710554,0.1436946314448375,0.2629165399179555,0.8098642810019688,0.25863513572816116,0.12887873307750913,0.123753471946777,0.894016278009989,0.8055060471929953,0.773196830244265,0.23066794872283936,4.335236072540283
Media-103609.wav,Rumba-Misc,201.873779296875,0.15611803625201479,0.14969444897087344,0.15080743917881714,0.17566218675752585,0.20751799873989216,0.1702384478555878,0.18793354213771712,0.17455759304830373,0.19978941630193447,0.17286605294956006,0.2574381173357712,0.6899562010811333,0.2720609049463136,0.19881662162177335,0.1900705469709884,1.0128066541048395,0.9255422377279563,0.8632387899039571,0.24408142268657684,4.096993446350098
Media-104006.wav,Rumba-Misc,201.873779296875,0.13069344010465236,0.15580968749524265,0.1490077068952469,0.19495186336600576,0.20886858036046294,0.231447824293868,0.18894740152458647,0.14901288410370714,0.1485327754637074,0.12028416877928577,0.2435505966051911,0.7358741702288615,0.24420090422516752,0.15981537595544523,0.14422174132017937,0.9177585551315502,0.8762576939207246,0.8054381668083506,0.22134330868721008,4.517868518829346
Media-104007.wav,Rumba-Misc,201.873779296875,0.12047728617511794,0.13067956422229332,0.10754562393093135,0.12758071140972907,0.14169728890903902,0.1609680173593861,0.14067339865877077,0.13205542341756824,0.1601023829750784,0.1645924475838985,0.2798440647418727,0.774251914351044,0.2940774305726602,0.1532996178762988,0.1298623475929589,0.926703975307586,0.8403722390590962,0.7938589230978251,0.24570965766906738,4.0698442459106445
Media-103608.wav,Rumba-Misc,195.1446533203125,0.1754890819635407,0.1789170590136807,0.1686598979894928,0.1422883768179663,0.15514313248834316,0.14526097836626448,0.17646183939850893,0.16429208652142002,0.18078120957483385,0.18117786436861152,0.3283197968520061,0.7067165008997195,0.22358488826463144,0.17831819261598633,0.17510672427679005,0.9082907639222004,0.8341465320412823,0.7418091943963601,0.18458087742328644,5.417679309844971
Media-103811.wav,Rumba-Misc,201.873779296875,0.16489325887343514,0.16479159714865171,0.15825436710676774,0.14675358737328917,0.1528270268359549,0.19962484567793448,0.16656124602325345,0.16252449710988312,0.1554785805247329,0.17414265789612457,0.31570024722587775,0.6918912143807182,0.29118820339099744,0.18176765009334261,0.1760694216482664,0.9700922564127333,0.8807305442298184,0.8455025324124719,0.2458077222108841,4.068220615386963
Media-104005.wav,Rumba-Misc,195.1446533203125,0.20143078745882426,0.17774007709875003,0.21479914223470029,0.19677553869836817,0.24915496918136218,0.20928570418809037,0.1968187062729858,0.1955260295645376,0.21577486395548295,0.24109906512377702,0.5739918714044879,0.31061173660256075,0.20297184431440224,0.19364154396653466,0.2253876551498618,0.9888696855238227,0.9519381848938536,0.8163169226545084,0.19340574741363525,5.170477390289307
Media-103810.wav,Rumba-Misc,201.873779296875,0.22663775194397798,0.2275022589173499,0.20496470861470148,0.2118346374077525,0.23610865187893904,0.24736233513662953,0.22201219231028627,0.21181924215766582,0.24022018917758398,0.22900929312548612,0.304727987644264,0.48998807438758657,0.2584316922851774,0.21338545752597862,0.20852489730489507,0.9251894177977936,0.8400845032775796,0.7328718261785033,0.2370523363351822,4.218477725982666
Media-105209.wav,Rumba-Misc,161.4990234375,0.23720768782321724,0.22446080978221858,0.21792480146822413,0.2043918346483018,0.21047600987815124,0.2513685827250255,0.3365209696580096,0.37888122885599845,0.2749498687783054,0.27676438737735354,0.23412455680749572,0.24769040410708085,0.22408116568658107,0.25522857487012285,0.23682094023734634,0.9473953895830726,0.87368871173859,0.7764327156749555,0.22906991839408875,4.365479469299316
Media-104114.wav,Rumba-Misc,201.873779296875,0.16518421051833718,0.18066893749021953,0.17445119106903328,0.19265023308620613,0.18321771121322059,0.25115653471285326,0.1636215162172483,0.14538938742533522,0.14752040102936181,0.16595949139028604,0.2975265716406453,0.676803584797438,0.2920512155603301,0.1720897641028232,0.13102823330554716,1.062790711231976,0.9004850571042364,0.8820889813933795,0.21126684546470642,4.7333502769470215
Media-103914.wav,Rumba-Misc,201.873779296875,0.16789876468743703,0.1758188427439371,0.15854234047167867,0.1742866043653584,0.1904567597108613,0.20764539306837368,0.14765203081036601,0.14424814018119955,0.19875500847442978,0.19644472995700799,0.3035758804150868,0.6448018315268195,0.31906296449461474,0.21236461837837192,0.17454369526327343,0.9673933101087062,0.8848990314700707,0.8481666471973319,0.1985005885362625,5.037768363952637
Media-105418.wav,Rumba-Misc,148.040771484375,0.16023274848517388,0.16539486504844392,0.1959691809173396,0.22001137207809904,0.37009383014001385,0.6174307372938935,0.2981352455985522,0.1955665833317375,0.13969734477947862,0.12690993874137096,0.1606709759179462,0.12532965228266066,0.13616826407277446,0.18980207474820085,0.2883213847695678,1.0240438476787297,0.803340588453868,0.7465264097512575,0.22308668494224548,4.48256254196167
Media-105419.wav,Rumba-Misc,148.040771484375,0.2181222087088181,0.206218662783369,0.255848768448878,0.24625576988345468,0.32730751288367,0.5023333647960609,0.3074253663835975,0.2210118812130976,0.1903384339717469,0.17751231130467524,0.18883622759483576,0.15672962928141732,0.19659104930895796,0.18269979249084978,0.2845708194038472,0.8728372763995593,0.7860304925231757,0.7241957300344767,0.1753058284521103,5.704317092895508
Media-104115.wav,Rumba-Misc,188.41552734375,0.21451262165363827,0.2274724448993565,0.2043813513305415,0.2316158262836789,0.239989631214195,0.18274421745882696,0.16400505217249806,0.20841643801222556,0.2381497483058219,0.3562026757649618,0.5272037894797851,0.28891308516298647,0.18240155117651227,0.19152807777448258,0.17473942778085103,0.9334394134289816,0.7848064955548416,0.7161078546771583,0.22538794577121735,4.436794281005859
Media-103911.wav,Rumba-Misc,168.2281494140625,0.28300033073490977,0.2875312877238759,0.27025179285299344,0.2629905196618898,0.22322248539315806,0.20879944865930372,0.24234950573833294,0.3334761927861705,0.3521227861086935,0.23013273675485488,0.20084663985204507,0.19926500262536948,0.23826056912536928,0.23188346811354305,0.25325065836145194,0.9679181296904537,0.8931449061254128,0.8143460768683121,0.10296040028333664,9.712471961975098
Media-105409.wav,Rumba-Misc,181.6864013671875,0.15735733456673778,0.14478475676023297,0.16209320319671464,0.16731566840370263,0.16561167421078618,0.16957488783440852,0.1879949666269457,0.18368451074676728,0.24205876537745452,0.6628684593180381,0.3935249085187738,0.17928077332727962,0.1688283872673239,0.174963945834518,0.17503265870731624,0.8982513548033129,0.7850242662701479,0.6759512417566681,0.17024977505207062,5.873723030090332
Media-105408.wav,Rumba-Misc,181.6864013671875,0.20199888106561933,0.19981446848417095,0.207390826732221,0.19349641231302253,0.19736711639248292,0.19131646569898775,0.21004892948267234,0.25005820394855466,0.30342108590998873,0.4972233662487594,0.3705308149387302,0.2443929190520856,0.19803650728995179,0.19568754781365563,0.20684510439718612,0.9277688354835191,0.8213924554094402,0.750486419523855,0.22192436456680298,4.506039619445801
Media-104112.wav,Rumba-Misc,195.1446533203125,0.1785606204513953,0.1706591888366252,0.17568097417748252,0.15428161489822576,0.1468647435837189,0.13815516766729039,0.1650450381082907,0.1481518181013911,0.16360394504485984,0.22889741361460877,0.6741392011963422,0.3711011438322884,0.20899660812375725,0.1865759692629385,0.21130504675342252,0.9301777100933948,0.8592580061917895,0.7498213687390087,0.19230465590953827,5.200082302093506
Media-103912.wav,Rumba-Misc,181.6864013671875,0.22587185385275688,0.23038010179073135,0.2300726474082352,0.2182316834780926,0.21453743680836154,0.2172186228631452,0.2576308251308739,0.29592482086824395,0.32187521276450043,0.43378966423727955,0.27842567849331673,0.22568781316142167,0.22465565343194252,0.19422815539455326,0.19941245746010394,0.9444170209716068,0.8594592476132806,0.7943061241510674,0.11713337898254395,8.537276268005371
Media-103709.wav,Rumba-Misc,188.41552734375,0.2070178066359782,0.23939202109317287,0.2337188640946329,0.25976065594497944,0.22404345207685952,0.22023604380300124,0.19650600752447275,0.18417963472587098,0.22147219239674368,0.4722796366768838,0.39472804243171533,0.20106026105490082,0.1861760514429572,0.22570231986621006,0.22926479735545507,0.9536120109457591,0.9477387462799474,0.7940653161774135,0.26403146982192993,3.7874274253845215
Media-103913.wav,Rumba-Misc,201.873779296875,0.1876746326455443,0.19179018354135843,0.178482443171313,0.2027081319709412,0.20693136159993897,0.23400109379199358,0.2004576464903795,0.16457485489248436,0.18692971208482595,0.22605075309057363,0.278345998632087,0.6066950213406996,0.28896831779009613,0.21470163886178534,0.17031280262737925,0.9311126319921328,0.8514288802994227,0.8416813658963681,0.1726188212633133,5.7931108474731445
Media-104113.wav,Rumba-Misc,201.873779296875,0.14283360043739918,0.16609153992052322,0.1282255327224365,0.1334365842304033,0.11922753891378357,0.14970281256552545,0.10762570004521788,0.12028688158022638,0.15697162571650775,0.1579852817285336,0.28627436797753375,0.7823990978506455,0.25489920650315767,0.15797621707192921,0.14647797495268106,0.9188280194416617,0.8406571045375053,0.7795908542332755,0.1992199569940567,5.019577503204346
Media-103513.wav,Rumba-Misc,201.873779296875,0.1791426656500861,0.19702830647524872,0.16604988493932643,0.18769039485397312,0.18386662593299263,0.20829927597449688,0.15739172796219783,0.15787395326415563,0.13857801193907018,0.18265271598174157,0.27497826728360564,0.703019524997056,0.26381753126975244,0.16535422774292138,0.1415575749905816,1.0332954386040574,0.9407711989823101,0.8582979559313553,0.249226376414299,4.012416362762451
Media-105412.wav,Rumba-Misc,201.873779296875,0.15738940403723797,0.17268707518362042,0.19088225875436923,0.2109865879829558,0.22658241561114575,0.2529395169388841,0.19745585359172568,0.19295910013284642,0.18794307959000606,0.1745005053002813,0.2762345482654138,0.6378548096521672,0.257707132058286,0.1792663579069415,0.15946676597881496,0.9748627365994339,0.9127956618895807,0.8654904265277641,0.2430221140384674,4.114851951599121
Media-103711.wav,Rumba-Misc,201.873779296875,0.1536321936178231,0.16774610136332962,0.135119119585185,0.15161410098385567,0.15121572335645966,0.18178906297701133,0.14533931342867298,0.1408292737536002,0.16487577059049446,0.16925517389988778,0.3042988163775923,0.7281425721580195,0.2941141565013713,0.15335797307529006,0.14663563709799218,0.9435157195630814,0.8690983368731587,0.8218966031508622,0.2516418993473053,3.9739010334014893
Media-103710.wav,Rumba-Misc,195.1446533203125,0.25882348341698774,0.20847690246372988,0.23600850915501134,0.17687840539985283,0.23498990269651246,0.1619689271515891,0.15248925821291262,0.18083347979160405,0.1700593968088359,0.20412568399580153,0.6538216745840988,0.2768719764971642,0.16342510671648508,0.17051913515203584,0.18612088026712006,0.9546880573460587,0.912116157177999,0.791485212433511,0.22081391513347626,4.52869987487793
Media-103512.wav,Rumba-Misc,201.873779296875,0.1565423924004657,0.18972034910412142,0.16534492693523717,0.19359040691929402,0.16241377705840015,0.21369078240285444,0.16029565771566232,0.17007345359245699,0.15511385189535512,0.15468163400698756,0.273141132085443,0.7056190813194085,0.2598882489962227,0.16417492589262414,0.18175925251620428,0.979242073665063,0.8920335219679973,0.8227707755861831,0.2344212383031845,4.265825271606445
Media-103712.wav,Rumba-Misc,195.1446533203125,0.1685772125502797,0.18023921105926724,0.17686694976994738,0.20459216571623487,0.18734624444957843,0.19164174800055497,0.17560942060403723,0.15643780234334428,0.16005913014445117,0.1472805753626484,0.308161361002104,0.7155965027906924,0.19070428251814453,0.15142217689028425,0.1586504877128134,0.9787558617930083,0.9194320676688464,0.7396779300967021,0.2121552675962448,4.713529109954834
Media-105411.wav,Rumba-Misc,201.873779296875,0.20582607727116167,0.2148013709374727,0.20514034326805175,0.21694682093347278,0.2135935367555434,0.21451807218318286,0.22638085910884698,0.2133283386898987,0.2026737005120845,0.19788940446309247,0.2720402183765496,0.5768583296283134,0.27305515208127296,0.19940089209852047,0.18061546919223134,0.9531907494945725,0.9083807875587067,0.83532375614365,0.2110300064086914,4.7386627197265625
Media-105410.wav,Rumba-Misc,181.6864013671875,0.22497467660026563,0.22379029533704253,0.24700540040806102,0.25781784724160023,0.2376800083420255,0.22078093947211685,0.2421145502846862,0.24031981485355847,0.25051927289729187,0.40020864145878776,0.31935285397268015,0.24355506930836682,0.23265679099438993,0.2512268684764499,0.2207650520037051,0.9122102399618938,0.8534369599952408,0.8216563762596599,0.23646026849746704,4.229040145874023
Media-103511.wav,Rumba-Misc,201.873779296875,0.18821350728575517,0.23475218245340698,0.18882851913858606,0.23251104782667584,0.20785618294775232,0.2769168502756942,0.1777249323153207,0.16731581304530013,0.2211998472374889,0.18564274540484588,0.26066896436447257,0.5783792651088049,0.27054536438743493,0.19901794548249627,0.20399804519583722,0.9795559635043842,0.9393067253090596,0.9233885802005817,0.25338852405548096,3.9465086460113525
Media-103717.wav,Rumba-Misc,148.040771484375,0.18797204518656158,0.18377684406109288,0.19297401920264204,0.22066556431245465,0.32255285819518204,0.5219877237857182,0.33715169949367413,0.22679127345116942,0.19333085424598206,0.1931117002910916,0.21327316293623322,0.17972621858592644,0.19394698686469392,0.1990478464682049,0.27138875361826514,0.9466310553960524,0.800629878124428,0.6834736757538172,0.23043033480644226,4.3397064208984375
Media-103514.wav,Rumba-Misc,208.6029052734375,0.1579263658513554,0.16363925513568278,0.16232539726660244,0.16019819864878346,0.15766550063864662,0.17643583545486824,0.1920247987971641,0.16554345194019043,0.17691732669538499,0.1619787697876768,0.1687164988884946,0.2863473289555008,0.721866012017443,0.2354064353476169,0.17747858036602246,0.9892631366366317,0.9351386574442209,0.9088107895626332,0.23627865314483643,4.232290744781494
Media-103809.wav,Rumba-Misc,201.873779296875,0.20904146568193574,0.2105732758699891,0.19530267196494536,0.21885979010864776,0.21247485147525197,0.21767974324144776,0.2468494864761575,0.2363254941516745,0.21331956840075134,0.2471548809399136,0.30155199081858086,0.5155810081918897,0.2578642750756097,0.21453785834373268,0.20182851332828675,1.055094906666419,0.9060215086764362,0.8860599040120923,0.2028186023235321,4.930514335632324
Media-104008.wav,Rumba-Misc,201.873779296875,0.18528834185487475,0.18832317301687634,0.1947306307907556,0.17625443599493107,0.2070790791217361,0.22085775020245807,0.1828700532855338,0.15082533694576444,0.21141248792156714,0.2112830475428554,0.29238139350566916,0.5510846678759412,0.40709153219598887,0.1979905940920274,0.17299303747430536,0.9054838360337718,0.8334792072780022,0.7658409707608491,0.1785084307193756,5.60197639465332
Media-103610.wav,Rumba-Misc,208.6029052734375,0.13579165302998472,0.15993695776789688,0.20616435979841957,0.13158767126491056,0.1509751947759577,0.16744893765055613,0.2743896977170382,0.16712333564495369,0.147794933880088,0.20421560293129595,0.17393454898094912,0.2797092845905956,0.676869222983272,0.2971956544000466,0.15360370485826977,1.0129041366930662,0.9481680852544094,1.0236072708178954,0.2528143525123596,3.9554715156555176
Media-103615.wav,Rumba-Misc,148.040771484375,0.21292793056931147,0.20260301090995841,0.2058521794183878,0.21217248434141986,0.30693662246658354,0.5115588225774821,0.297549471837381,0.22353036198543383,0.2051129612948983,0.211576329821892,0.2105774189662037,0.2025895289992367,0.1939831257808611,0.2265070892458801,0.26582184249166335,0.9387598686304195,0.8115805535102479,0.581667403893199,0.2097538411617279,4.76749324798584
Media-103818.wav,Rumba-Misc,181.6864013671875,0.12919031464689312,0.13875151157498258,0.15129890915119515,0.16277102704785823,0.13121493801071293,0.13902420513375802,0.17591083587439182,0.18175100048631038,0.26476080670681196,0.699205674046423,0.36840634526990346,0.19157316521877593,0.17356227557634865,0.149860972709323,0.1736560642651459,0.9036330193161365,0.8252348357083062,0.7827777387552071,0.24871043860912323,4.020740032196045
Media-103616.wav,Rumba-Misc,161.4990234375,0.2382213480561319,0.2115987403761843,0.2170478688236207,0.2295217981676795,0.23698603332999255,0.3446307962475542,0.475873856719877,0.35227304672212084,0.21476873901234728,0.19066378490486505,0.19453297296808397,0.20560494773779675,0.17778501330458496,0.1719139753719643,0.2223619760960004,1.0561948969362982,0.7583580179717049,0.7177665424207554,0.19907118380069733,5.02332878112793
Media-106011.wav,Rumba-International,195.1446533203125,0.24686193603998105,0.23284009224438573,0.23845606310762915,0.2247581988960654,0.2578777772392256,0.2407731648290902,0.23097294029219423,0.22839084197486373,0.2217827050672262,0.24719487069988394,0.4761486049731415,0.286313716488932,0.21055352107332045,0.20247829130232597,0.20776775234292771,0.9597486684727652,0.8971700728716846,0.8178836891224227,0.19983018934726715,5.004249095916748
Albums-Latin_Jam4-03.wav,Rumba-International,208.6029052734375,0.14411955012699626,0.14296553677151239,0.15020142079511528,0.15318164215228386,0.1460647766536911,0.1511096494991892,0.1586526464776033,0.15673837678491742,0.16019475302506417,0.1732543272867186,0.15856772397191152,0.31220787994821936,0.7458759564189018,0.24677067882490908,0.1527582653215817,0.9670306490311984,0.9289166864654411,0.8665256200816619,0.17549270391464233,5.698242664337158
Albums-AnaBelen_Veneo-03.wav,Rumba-International,235.5194091796875,0.4109963473152019,0.2551362398743363,0.2289823084321146,0.22485624668698875,0.2575833774267652,0.27977057220018214,0.2215397692467363,0.2664513071613835,0.2685164328097871,0.2604102091775532,0.2525940014021553,0.223373311052918,0.2042516167230837,0.20532281525784957,0.24659123207911307,1.042272863600871,1.031614438279977,0.79407901626175,0.17203783988952637,5.812674522399902
Media-106010.wav,Rumba-International,181.6864013671875,0.22948140272062248,0.22079034356809568,0.21261818064485558,0.23400093042857478,0.22413251467164483,0.2134192328523012,0.2015459436432523,0.2178764026782601,0.2544027123446816,0.4943346994296629,0.31842452332256127,0.21329696000701226,0.1985059107637424,0.2093804677714078,0.2748287726578619,0.9909234270476056,0.9193491591455359,0.8346807369793655,0.15638118982315063,6.3946309089660645
Media-106012.wav,Rumba-International,201.873779296875,0.16490564225703577,0.17721148181247595,0.13292375371801018,0.1475971300493389,0.16907479484718227,0.1898644777822603,0.20036627990766748,0.17878540843917878,0.18731386408886244,0.18447118597091797,0.28272935657392756,0.695092974364847,0.27852359952609546,0.17596928451254149,0.1563844282371532,0.9399077729059503,0.8706532076221747,0.8539598320797028,0.23381389677524567,4.276905536651611
Albums-Latin_Jam3-09.wav,Rumba-International,208.6029052734375,0.13971928361671684,0.1501447499114208,0.15266263586398987,0.14469958961797047,0.1526304393108634,0.16626049688392464,0.17580400496704066,0.1598241160121136,0.16539970905812765,0.1671821238500961,0.16291509648380686,0.31665337314345715,0.7437405944604019,0.22521410304417502,0.14252279273853916,1.0634855152990748,0.9413839317654334,0.8939093381882803,0.21523095667362213,4.646171569824219
Albums-Cafe_Paradiso-09.wav,Rumba-International,168.2281494140625,0.2108460185534052,0.21130435218127636,0.1593031298346444,0.17250159733532436,0.1897249184119603,0.2028432810706799,0.29791136942025903,0.5007845183972319,0.36262523369172583,0.21054370453813898,0.19172610902714207,0.23863429856251417,0.24357733805471882,0.238493041936396,0.23096122636343078,1.0177408239344108,0.9663622041198336,0.769044825918508,0.24767592549324036,4.037534236907959
Albums-AnaBelen_Veneo-15.wav,Rumba-International,235.5194091796875,0.4280482004673627,0.26936207386937727,0.2603838553421,0.2630088282936211,0.2431145805015621,0.244387758655763,0.22386642643670474,0.21752897228852788,0.2196176682310191,0.22319513612697567,0.20749183405717406,0.24270173596636385,0.2580720537717041,0.24553113567465096,0.2531572683046351,1.0362425176079624,0.9171875449194613,0.817205985956354,0.24314752221107483,4.112729549407959
Albums-AnaBelen_Veneo-01.wav,Rumba-International,195.1446533203125,0.22097123967392288,0.19888675575282355,0.18360429402696826,0.1642087116913976,0.1995965068570221,0.18640018872028072,0.18426474095897924,0.1865730119639391,0.20406834951196465,0.2442593832137389,0.4467460948132229,0.5098942394753354,0.23826215153944208,0.22071685977197456,0.20304782958417483,0.9632391164414064,0.8646144876032406,0.8698731437927987,0.24355743825435638,4.105807781219482
Albums-Latin_Jam3-08.wav,Rumba-International,208.6029052734375,0.1497209576864425,0.15384335137454766,0.15496535477415915,0.14222400686678188,0.15245953129842715,0.16519945766826527,0.16059270021018357,0.15359480154160626,0.13850371063205527,0.14895348353682472,0.15444931726072594,0.29328802224157763,0.7593784931427382,0.24193224643621342,0.15273506282467647,1.0297304022249003,0.9804702917807472,0.8714649884552731,0.22759687900543213,4.393733501434326
Albums-Pais_Tropical-11.wav,Rumba-International,201.873779296875,0.20535003330683588,0.24915292877185033,0.18365464515216043,0.20867108781441987,0.19015609428673305,0.21137443571584666,0.18856178171936386,0.18484934261493333,0.19928644060540013,0.19365213209875135,0.2971643248873874,0.6046963518514807,0.2501725803136251,0.19316678051677977,0.19193212454124592,0.956935042043297,0.9511992253908726,0.8560624273465384,0.22704659402370453,4.404382228851318
Albums-Pais_Tropical-10.wav,Rumba-International,201.873779296875,0.16565143376955901,0.1830474045095111,0.1566736933226017,0.18509565395876532,0.15944504821719796,0.1890158910230882,0.1710448867746999,0.1661511894280994,0.1662062585146182,0.18571421827433343,0.30365297999580043,0.6934691086863888,0.27164197549750285,0.16895995649686726,0.1570931043851574,0.9212876585215969,0.8590685493641175,0.7767364825029117,0.23120614886283875,4.325144290924072
Albums-Pais_Tropical-12.wav,Rumba-International,201.873779296875,0.19405612939210315,0.20427438290459254,0.19862293578843496,0.21603872228003754,0.1961397867383409,0.23418170729736618,0.1797938812875881,0.17732337094978895,0.19940352037087586,0.21590271532817842,0.3050568965965486,0.5834883129572197,0.28804751513668236,0.20056347426030405,0.1852510276782105,0.9781320576645245,0.918384558409547,0.8837726401849471,0.23955824971199036,4.174350261688232
Albums-Latin_Jam4-13.wav,Rumba-International,208.6029052734375,0.13361530715842498,0.1534762966302152,0.15618433754025413,0.1474698939096022,0.18140640408701436,0.1845192134067064,0.19573905299667246,0.20284304242302836,0.1593731290364426,0.14652112990945676,0.1785846028563565,0.324629769478389,0.7013086211388921,0.2437292210483586,0.17508129603479103,0.9833652011172241,0.9593679770480732,0.8005662337253877,0.22866584360599518,4.373193740844727
Albums-Fire-03.wav,Rumba-International,195.1446533203125,0.14347853626518864,0.13216755090735496,0.1360543348977958,0.14840181529479593,0.27868110201086244,0.15598849378708213,0.12724920659052333,0.15438091066177112,0.17964704841613324,0.25801781297512,0.6571852813799531,0.4116313884662623,0.18322107606027307,0.16846151277947627,0.1313848639441163,1.0577439990169766,0.8996743587724044,0.9789560636182593,0.24590428173542023,4.066622734069824
Albums-Latin_Jam2-15.wav,Rumba-International,208.6029052734375,0.10385006671519038,0.10356588362500165,0.11895971871037558,0.10311258449894178,0.11933535481428968,0.12630081405613897,0.11571830739139605,0.09611291883801053,0.0948269165050993,0.11119426806643826,0.10122367107781599,0.28989031115076175,0.8535732451245049,0.2117705781491909,0.10868032604505967,1.014078889647333,0.9847666498668762,0.8690207546517121,0.2667705714702606,3.748539447784424
Media-106112.wav,Rumba-International,201.873779296875,0.1433602647282334,0.14715888915853634,0.12700649308250395,0.1359736118935467,0.18946456998383984,0.21318349913518334,0.17280672261437538,0.15905126027226527,0.19040183994383042,0.1791772529126979,0.2816753506283019,0.6841762454264763,0.30906039465426466,0.21300430759388156,0.1731602722751423,1.0276295486399236,0.8930258889485102,0.9098679646748417,0.20937572419643402,4.7761030197143555
Albums-Latin_Jam5-08.wav,Rumba-International,208.6029052734375,0.14990308180003564,0.1706106841275739,0.17221724962908674,0.15380629858610276,0.15778699853597275,0.1342649097709724,0.16912206072868527,0.15488893096740583,0.1489708979044101,0.14300950738316306,0.15500246212026386,0.31032194513754846,0.7565376051985416,0.21434267306855725,0.1353801928283148,1.0752140154070982,0.96715669445713,0.8997529320957451,0.2189231812953949,4.567812442779541
Media-106113.wav,Rumba-International,201.873779296875,0.19599530246903724,0.20512494973094758,0.17496809744047667,0.16137270252306649,0.1583469410239111,0.17264797685843933,0.17301160780764888,0.17840005937034462,0.19385566756318875,0.21269567562735203,0.3077706333922951,0.6536347085111451,0.27706024448011835,0.19201682912699208,0.16673490917165246,0.9562393063152193,0.8639199299658156,0.8008175334183801,0.2100648581981659,4.760434627532959
Albums-Latin_Jam-08.wav,Rumba-International,208.6029052734375,0.11750235256917554,0.13298828009202573,0.15378981287908217,0.10092574390786613,0.11936604779632738,0.15101975986581714,0.18800186069834643,0.1230886982307922,0.11774930043312064,0.15057276648654536,0.1719968184528565,0.3577513264436009,0.7397230461833275,0.2848221634773677,0.15716052596904714,1.0922529524535105,0.9235300813343463,1.0079037110820832,0.267984002828598,3.7315659523010254
Albums-GloriaEstefan_MiTierra-01.wav,Rumba-International,168.2281494140625,0.20825265020690883,0.23657597384588402,0.22848386171681354,0.2066970410126025,0.20310663165237117,0.23398175662915152,0.2792016681507585,0.3470087117999727,0.4505007128118723,0.26334783396616074,0.25090138514797566,0.21506881535052402,0.2102207364530106,0.20670352346528048,0.2072137487732576,1.0148708495220466,0.7999828850765248,0.7581833348065178,0.2086251825094223,4.793285369873047
Media-106111.wav,Rumba-International,201.873779296875,0.19566949753098517,0.21259070675340294,0.2023671092351996,0.19603218248617818,0.20836340499976036,0.26062368571869343,0.20768357018106776,0.2070940379612256,0.17962863345038366,0.19984658541972053,0.3078143748202295,0.5778831221109328,0.26548320717584883,0.19175804488663703,0.1778228860065049,0.9747520620358058,0.8937115923396813,0.8366252051488289,0.1894732266664505,5.277790546417236
Media-106110.wav,Rumba-International,195.1446533203125,0.22143762448015275,0.2131985749150131,0.20878115200043693,0.22921249894176177,0.2662896466698639,0.2248735327504989,0.2198737366706016,0.21314310125955757,0.24587008208075095,0.27214856675956556,0.475543296051894,0.3100125615525249,0.22290470520133646,0.19686898176174092,0.2211809795100258,0.9739633464380484,0.9033630624490928,0.8677392912732319,0.20365603268146515,4.910240173339844
Albums-Latin_Jam2-07.wav,Rumba-International,208.6029052734375,0.16440764534158228,0.15356850261227684,0.1378001218756166,0.14605898116910682,0.14392660881147806,0.1502826663415621,0.1485711602399255,0.13598573154008206,0.1327399752528945,0.16762965535382252,0.14545641427572661,0.3015279679671089,0.7447106939821106,0.2818723901664882,0.18263936008249923,0.960920010283927,0.9078944510430362,0.8059371027490316,0.265889048576355,3.760967254638672
Albums-Fire-10.wav,Rumba-International,195.1446533203125,0.19020862905488678,0.1877940570631663,0.18089503292613396,0.17831050276381416,0.1799349037985347,0.21047109489030105,0.17521145873870786,0.1767859539640405,0.16032250424270097,0.1956869581198693,0.3305201375387569,0.6682994081723956,0.22075876014946486,0.1642605696681286,0.17271110240067183,0.9971016732963484,0.8582987596249776,0.8163695758713039,0.22678707540035248,4.409422397613525
Albums-Macumba-09.wav,Rumba-International,195.1446533203125,0.1566159178452132,0.1473878177894738,0.15185852046864617,0.1559878714790357,0.18340359347244242,0.1635953261971168,0.16537779100768865,0.2195455544688044,0.21778026167287226,0.2749372352980417,0.6663220475097064,0.3205699549037792,0.2013030095945414,0.1944670342012028,0.14931665775968456,0.9158922421540677,0.8467650197698234,0.7476473725377458,0.27857643365859985,3.589679002761841
Albums-GloriaEstefan_MiTierra-11.wav,Rumba-International,174.957275390625,0.1921216724111846,0.21365976174924053,0.20628928751670436,0.18462618496546152,0.15508126560980703,0.1873395896258414,0.2224507216007093,0.3458474294176175,0.5567108928506226,0.3114406664062853,0.2128830297552541,0.1912102386235673,0.19663986676807438,0.22666566036855879,0.18359786683156504,0.9516664699693248,0.8113315774994803,0.767251704220465,0.22493796050548553,4.445670127868652
Albums-Latin_Jam-02.wav,Rumba-International,208.6029052734375,0.10457124315545242,0.11368373212483245,0.1169289628865232,0.11538792984581639,0.1196667274717481,0.108339638813343,0.12434258269746738,0.09523878751621578,0.1073663796672374,0.1084227427566395,0.1288722338515658,0.3285783905221868,0.8301263225183816,0.22187952475125128,0.11122015586365029,1.0357771681274657,0.966778498975825,0.8741449291055551,0.251134991645813,3.981922149658203
Albums-Latin_Jam2-08.wav,Rumba-International,208.6029052734375,0.11869639470065517,0.12234636246144658,0.12943244974963997,0.12021915540136739,0.1424453689778707,0.1618293124319293,0.1838866890561804,0.14201431205857176,0.1312447273511315,0.17113314452542808,0.14989896488671983,0.3246326054196122,0.770478649671259,0.2357886168280282,0.12519568340709689,1.0973319216044843,1.000453860387991,0.96742998738418,0.2273433953523636,4.398632526397705
Albums-Latin_Jam2-09.wav,Rumba-International,208.6029052734375,0.13553654142134844,0.1349474964378009,0.1355393987938283,0.15235465782479166,0.1622669566368096,0.16959608054038683,0.17979851683562165,0.1704371409561038,0.1796300768032626,0.19393972176580046,0.1857947447712751,0.32562324160243716,0.7136243867492688,0.24728012145032185,0.15661877498880097,1.0331354504050572,0.9658756156613801,0.8870329518854051,0.2362568974494934,4.232680797576904
Albums-Macumba-12.wav,Rumba-International,201.873779296875,0.19433748584213545,0.2112864180975446,0.20125642911297947,0.18968105877451463,0.19536358283194208,0.2113160433435699,0.2006592749473428,0.22088626365060815,0.21507484849996775,0.21509579185357358,0.2908417099533087,0.5947696524159343,0.26742931708589046,0.18660026054879655,0.17897017728064277,0.9114542049261235,0.8702034404987729,0.7753953851906,0.23740264773368835,4.212253093719482
Media-105611.wav,Rumba-International,208.6029052734375,0.0935482203098499,0.08907155114139055,0.09976699799842588,0.0685611276638097,0.07339728657584522,0.10883370262147617,0.15841875010670003,0.08247806338747679,0.08538938152006649,0.1280238802069456,0.14121521561812056,0.33178659699723545,0.8244167942876063,0.26597972944123005,0.12416130107113733,1.125595711108701,0.9225130911603657,0.9486708566285739,0.16398487985134125,6.098123073577881
Albums-GloriaEstefan_MiTierra-08.wav,Rumba-International,181.6864013671875,0.21576802755255947,0.21120781325732862,0.20157797304956396,0.19263118400003715,0.21047202555562203,0.2183617650951811,0.21596939704211554,0.2640548627214642,0.38002405557323465,0.4641070284866692,0.2669693461145981,0.23039716651543657,0.22119601786551676,0.22255026859098267,0.20030346346685876,0.9807304267221324,0.8409156222415648,0.7514002473620517,0.2162865847349167,4.623495101928711
Albums-Macumba-10.wav,Rumba-International,195.1446533203125,0.23292158444543398,0.18192773357511455,0.18499777381341342,0.18527609792660907,0.20581368943388437,0.1913938611366263,0.19199837602101766,0.17774048488548275,0.17064499703480232,0.2358472760404176,0.6355094986882078,0.3197807451825033,0.19407930352299194,0.1781013458203164,0.19076141982992414,0.9554033910948541,0.9047859823071878,0.817209199230608,0.22907181084156036,4.365443229675293
Media-105613.wav,Rumba-International,208.6029052734375,0.13586121146825592,0.1589854803078183,0.18722444003424185,0.13745605680186432,0.16098845106199616,0.16028228230368624,0.20280612344232393,0.14939365935986543,0.13236952559761392,0.15743905100870131,0.1723129325404976,0.32440872566668894,0.7190385466747129,0.2576394703046188,0.16317373211331118,1.0604402997006201,0.9756213345238635,0.9357261193208979,0.21868976950645447,4.57268762588501
Media-106119.wav,Rumba-International,168.2281494140625,0.23163962863306153,0.243475919440613,0.22642991297441709,0.2211537926426035,0.23306311477663885,0.23516384251922598,0.2926401320499339,0.45469183677683556,0.32152469254367944,0.20471305488177738,0.21707998928817,0.19660888615084293,0.22445856604669592,0.22018364181633215,0.2344202836394036,0.9060387676896225,0.8612275214274823,0.7729791834126906,0.2586160898208618,3.8667354583740234
Albums-Latin_Jam5-03.wav,Rumba-International,208.6029052734375,0.18527215995734705,0.20425208544756174,0.19859781296112355,0.21088980745043245,0.21052051828629856,0.21185555736897838,0.2287596561418979,0.18999378996347357,0.16727938903902215,0.16523288012535636,0.19904304847315257,0.332333135570822,0.5923694147955323,0.2731605929933011,0.17760474053324374,1.1091993899687675,0.9806893421851179,0.8873483807819477,0.20344939827919006,4.915226936340332
Media-105612.wav,Rumba-International,208.6029052734375,0.1401695163805842,0.14184622653772272,0.1422594930261364,0.12352564040106107,0.13925213695197367,0.15201795708314295,0.1406021350995339,0.1277502190673331,0.12647861095410612,0.15654303938900402,0.16093819597602707,0.352902854776653,0.7389057861249465,0.29153371835875486,0.15565459184299693,1.173293916763925,0.9314741355780276,1.0051287771231694,0.20270684361457825,4.93323278427124
Albums-Macumba-11.wav,Rumba-International,201.873779296875,0.19631696108637445,0.18436062506787831,0.16618983744913843,0.16033502906573474,0.15015239109095233,0.18236887685317116,0.1631607421151022,0.17563371598282995,0.21697098504326617,0.23423984271317777,0.29154903467991256,0.652994193126838,0.2709331744880789,0.205710235970411,0.17833450305175547,0.9265119927611877,0.8371553601822247,0.7892254891859665,0.24920889735221863,4.012697696685791
Albums-Latin_Jam-14.wav,Rumba-International,208.6029052734375,0.11398509972670186,0.11468122610714232,0.13083140736463578,0.08424826816154947,0.10627459245138715,0.13458946203314903,0.16541546600060245,0.10423410364978593,0.10167274488631105,0.127473185113596,0.15701665605896353,0.3602003985317648,0.77292085326298,0.2853689986164234,0.14892253151372647,1.0702076879089453,0.9018084312729124,0.9909766033724234,0.24435555934906006,4.092397212982178
Albums-Latin_Jam5-12.wav,Rumba-International,208.6029052734375,0.1460018995726321,0.1603981376113306,0.1706443454362771,0.14941200616837128,0.16513504162281073,0.16482428001559823,0.18104771666695785,0.17617360426257087,0.127272525396439,0.14493055328652535,0.15001912813871943,0.3261060442711101,0.7346670353897623,0.23727060963679136,0.14551067229443998,1.052766112870578,0.9828706530494202,0.8638139158448237,0.23866897821426392,4.189903736114502
Albums-Latin_Jam-05.wav,Rumba-International,208.6029052734375,0.16478450633648956,0.1622800745965138,0.16361320761602968,0.12314179637464485,0.14680573700557994,0.16426912608636599,0.18151533935911146,0.1478787581034363,0.14616720639656586,0.18010899187940466,0.17579264483057283,0.3118416951295286,0.7227010239813709,0.2604598225917081,0.1706966818312741,1.0644941484586097,0.9451340509186807,0.890548711430325,0.24116604030132294,4.146520614624023
Media-105615.wav,Rumba-International,208.6029052734375,0.11267055183755487,0.14515770002838152,0.15765662175534967,0.14099166806548064,0.14149233740994668,0.13900573453138793,0.1961423654058734,0.14465747860943348,0.1373172789980341,0.17183786627403194,0.16694849280609614,0.32136736117812764,0.7430083077054281,0.2669813474081826,0.1410198069771598,1.0325608069477212,0.9449863766218125,0.948725457335885,0.16057290136814117,6.227700710296631
Media-105614.wav,Rumba-International,208.6029052734375,0.1205756956924752,0.12127302316059116,0.13365929800210644,0.11662957998786355,0.15960268707737435,0.16922595660250744,0.20260316763087152,0.1282964079419862,0.1196565179334111,0.14940709383365824,0.1360043012060201,0.3075880084207694,0.7767757629889955,0.2369672484208424,0.13559814534915537,1.0671144078752581,0.9419760501316224,0.927060183523822,0.24274827539920807,4.1194939613342285
Albums-Pais_Tropical-09.wav,Rumba-International,201.873779296875,0.18084090620156973,0.2005283245637182,0.1711175357505769,0.1834633125400133,0.17635790675417298,0.21769555094363335,0.14819311259585763,0.14582454446274434,0.1795978811287396,0.189077936955622,0.29840211671449796,0.6808748653639835,0.2607157230477408,0.16850127819209768,0.15943606664822774,0.9566890564505531,0.872303305681716,0.8011159873521619,0.23946121335029602,4.176041603088379
Albums-Latin_Jam4-08.wav,Rumba-International,208.6029052734375,0.13901686236567218,0.13757636700451714,0.14121037259120034,0.1717596052064604,0.1637531239851154,0.15450230890229863,0.15978480576419354,0.16026559147651553,0.1539287075545925,0.1577125227409225,0.1636099112090517,0.32269918778782897,0.7482057107952519,0.21964492824698162,0.15125176039184354,1.0016785133650803,0.9415358140191055,0.8272700988992165,0.22209608554840088,4.502555847167969
Albums-Cafe_Paradiso-10.wav,Rumba-International,188.41552734375,0.2280937950068061,0.20211715518042628,0.19628707871926646,0.21901439726711364,0.2537010999435214,0.19448864676898073,0.17577833147825023,0.2426479065465036,0.21703197440128133,0.23962166256282186,0.5569071307559424,0.2984787474614894,0.18650846071637536,0.22182495922412623,0.20226613672837432,1.0048915334125414,0.8692040002458761,0.8000237619906997,0.24707800149917603,4.047305107116699
Albums-Cafe_Paradiso-11.wav,Rumba-International,188.41552734375,0.1570034110337242,0.13518685517959275,0.16720743529874296,0.13343563941603728,0.14645105348699772,0.14183806464729287,0.12642286569185077,0.1044144811130657,0.09814103875220598,0.19223625686399315,0.8127357192663783,0.28224614973306805,0.1135895998180503,0.09909645543424525,0.18261596129914084,0.9269448982972117,0.8613093452015882,0.6014296874205293,0.24756000936031342,4.039424419403076
Media-106009.wav,Rumba-International,174.957275390625,0.1617069548678643,0.19105863048155042,0.2189768373040581,0.2253906875460689,0.21133638254438847,0.20386219547888498,0.1884838974579918,0.24973277992991913,0.5775898915637198,0.3530136058124322,0.1897938834477425,0.20446117087012441,0.20342910638680373,0.20809275767396537,0.18368278748447905,0.9464185709525773,0.9120133170575775,0.8642762775252943,0.2519010603427887,3.9698126316070557
Albums-Cafe_Paradiso-12.wav,Rumba-International,188.41552734375,0.21811282948890134,0.21559453448112043,0.255354617898319,0.19574745673012034,0.21924613057135556,0.19116330816888297,0.1963189100054389,0.17296886505815146,0.16942116969269208,0.23413349394096813,0.6145579357986051,0.27239205173883857,0.17165282113046254,0.1832107664409461,0.22565313155280697,0.9853724781584264,0.9269668868511592,0.7556947944220515,0.15698383748531342,6.370082378387451
Albums-Latin_Jam3-07.wav,Rumba-International,208.6029052734375,0.15484252769750917,0.1752081475741826,0.18182196232817735,0.17095530733790876,0.19501010918396533,0.18647720135555532,0.18458201068762986,0.17014364975484783,0.15748984287779996,0.1757852848768847,0.18499957659004965,0.2963911770547397,0.6931081616547793,0.2508381884074324,0.16162943215258443,1.0691451516255654,0.9807809947273417,0.8880340213714376,0.2448352724313736,4.084378719329834
