track_id,filename,folder,label,duration,mfcc_00_mean,mfcc_00_std,mfcc_01_mean,mfcc_01_std,mfcc_02_mean,mfcc_02_std,mfcc_03_mean,mfcc_03_std,mfcc_04_mean,mfcc_04_std,mfcc_05_mean,mfcc_05_std,mfcc_06_mean,mfcc_06_std,mfcc_07_mean,mfcc_07_std,mfcc_08_mean,mfcc_08_std,mfcc_09_mean,mfcc_09_std,mfcc_10_mean,mfcc_10_std,mfcc_11_mean,mfcc_11_std,mfcc_12_mean,mfcc_12_std,zcr_mean,zcr_std,spectral_centroid_mean,spectral_centroid_std
ChaChaCha/Albums-Cafe_Paradiso-05,Albums-Cafe_Paradiso-05.wav,ChaChaCha,ChaChaCha,30.143537414965987,-107.41452616603698,96.18680054232337,71.07103841827535,22.19096176484308,-3.7802605367315096,21.60494127459767,33.67535489573644,17.50255642077995,9.117110494576568,12.76660446222977,7.479681340305879,13.693277091089243,0.1288176865493575,12.297960142585227,-0.6612841867987963,11.046775964421807,1.848180936159578,9.925004881683675,-0.84836960049303,9.664347250216053,-2.0510379020316423,8.353312465654431,-3.7448497964492655,8.077136672655703,2.745876112825793,7.875335329209099,0.11434302606177606,0.05560347736088554,2624.69002033687,587.1016926913609
ChaChaCha/Albums-Cafe_Paradiso-06,Albums-Cafe_Paradiso-06.wav,ChaChaCha,ChaChaCha,30.143537414965987,-178.27791759827463,123.4440996639225,49.38337476823579,44.77469385057609,9.882544360505582,24.55037202207673,28.056606950025238,23.25266656523624,11.958474898692684,18.65160988811773,19.535950279209512,17.675175079370657,0.5389464255699177,14.162716965891178,5.183228208117452,10.415145995868984,8.243425390616752,13.368880501597854,-1.5472336027255646,13.319005436759758,6.063556119180715,10.776993283223707,-7.967388803273756,9.029747261566845,1.276741950132049,8.894307575495992,0.15457476170366796,0.1111797868280692,3255.3124476167213,1187.2584226234283
ChaChaCha/Albums-Cafe_Paradiso-07,Albums-Cafe_Paradiso-07.wav,ChaChaCha,ChaChaCha,30.143537414965987,-134.75172658342083,85.7825742055717,61.56243275494931,28.77185001116448,11.641332748055039,17.51708769355671,28.45151354119511,15.433848747845246,2.5355865323935625,13.275797881723575,15.859800111898258,12.74054590798329,9.166526010414913,11.423303212127566,9.350190093747019,10.43869425934852,6.623825062447439,9.424412874951063,3.3784173345191792,7.808550194897473,2.958655647375957,7.331670032744445,-2.0897633054493707,7.724760289194778,4.46143319155926,6.983544746726175,0.12284402147683397,0.10269133241333381,2900.2622693185467,849.9367896462635
ChaChaCha/Albums-Cafe_Paradiso-08,Albums-Cafe_Paradiso-08.wav,ChaChaCha,ChaChaCha,30.143537414965987,-128.79896799967273,116.15442023539808,67.0488633352876,24.479639102528903,-13.557104648033809,19.07577349147767,27.35922867359331,14.46045461955785,0.5803584940516678,11.63606737151045,0.432763049231088,13.966622831627332,3.4687775305371686,12.220523510312876,-1.098337655194402,10.78971577448589,-3.2914795408687603,9.568567785756835,-2.7762280811688225,9.259929277679715,-0.10483373026529512,9.02117039627116,-2.9931304940498897,8.536412454030781,-0.3548744312138128,8.671722051395575,0.12357135316119691,0.06085192072156504,2668.006606372296,646.5568441782331
ChaChaCha/Albums-Fire-01,Albums-Fire-01.wav,ChaChaCha,ChaChaCha,30.71950113378685,-174.64350726342838,111.48248730252647,107.63881439963093,25.657110768762116,12.393847811934682,17.697899420782413,25.957365840855264,14.012924669675106,8.487765853972292,10.730736456356345,8.239726383314684,13.655126165856935,1.2060450875471966,8.873983853510875,3.159180445215415,10.413825009325858,4.590082414373484,10.652592515386083,3.260954402728137,10.370810024297088,3.6906829633384857,8.41648812646393,-4.91973626452101,6.739850354866338,3.915130472434572,7.784608187783695,0.04558673711144807,0.0343286672495826,1761.7727891130173,497.74618266227463
ChaChaCha/Albums-Fire-08,Albums-Fire-08.wav,ChaChaCha,ChaChaCha,30.71950113378685,-159.04538846061058,99.15738321920163,90.55475611179355,24.441573942185823,15.93029402041324,20.04133809508138,32.186269490297924,15.09482275979267,10.648033069213943,12.861579210737288,15.78705393107907,10.544623538261154,3.386181591364582,9.540319192433271,8.183882333290859,8.398274918039094,8.872287068762677,8.4884888004755,3.059473507758109,8.751998009101264,6.352216191706203,8.037363023174718,-3.1984156710586378,6.488949983209679,5.173926883939604,6.464147248967072,0.056769451288855195,0.04340632547114665,2037.78785608474,568.8818544690779
ChaChaCha/Albums-Fire-14,Albums-Fire-14.wav,ChaChaCha,ChaChaCha,30.71950113378685,-173.71231021625098,95.44722096090975,105.12718184748094,23.28575546505728,27.969494167666085,13.688076350689824,33.95571795409977,10.502444425535232,8.097484389976303,9.62965966981214,16.326818226570847,8.473694334721104,1.1289385968716414,6.038517609311409,5.728979973013915,5.867374937506241,10.241495180849059,7.701186218150568,3.999014787802576,7.801271991196543,8.02568023349303,5.794217424541863,-2.8752270548444105,5.540875560415976,4.972037371495581,5.360676076875847,0.03441253731520091,0.029439547746286435,1792.4351424011484,467.1618779579913
ChaChaCha/Albums-I_Like_It2-01,Albums-I_Like_It2-01.wav,ChaChaCha,ChaChaCha,34.06349206349206,-146.64602501075422,92.22995914825283,90.23197670064403,30.40426297893923,0.6194348888566521,26.412867860985678,40.07928831659182,23.420849049824195,6.527900823463639,12.376815605821323,13.189048611282045,11.799603162444779,-0.660772560100225,10.786122596897817,9.111103124209528,9.200073635272116,6.98018204943447,11.32885940477669,9.331684865911676,9.802098724269289,-2.7029596498026125,11.676189803029917,-0.03477895677575941,10.964618387691925,-1.2964603220403201,10.292018046198189,0.08078134345095694,0.047122773324765915,2101.5952284971063,657.9545099666803
ChaChaCha/Albums-I_Like_It2-02,Albums-I_Like_It2-02.wav,ChaChaCha,ChaChaCha,31.787936507936507,-175.7652498727027,121.636883202365,103.95165270678599,30.834101880133147,-6.564030975114318,20.343216671175295,26.870510911677673,17.168357421811002,3.8694080226018683,12.066640339181818,13.768948342271448,11.771724593339185,3.361362826376134,10.803988065570227,5.900676956732682,7.900186407398621,1.055594170404084,9.963426303434098,7.0981943953730005,10.152421795548138,0.16841914122519533,9.54188041540583,3.0319654047672153,8.559797286820233,-0.1995986378077661,7.864312071081489,0.08308507898351648,0.03870997236933268,1934.9433648342583,603.2015142433941
ChaChaCha/Albums-Latin_Jam-01,Albums-Latin_Jam-01.wav,ChaChaCha,ChaChaCha,30.143537414965987,-142.52690454444817,97.07636498519564,56.16486458726745,34.648966479290195,14.664995225353143,21.4116067970921,28.585912248655813,14.244191558185502,9.696576354534574,10.056576261244215,19.87638522599805,11.224881264818775,5.250805912564486,7.029946540400473,7.913692538201703,7.215626827696058,4.0961073218364294,7.835705456201249,1.2299659845122066,7.68558826373824,5.19623354176276,10.873627613347354,2.4914857985692134,9.331201604161887,11.112225382792547,8.859124257316525,0.13091216216216217,0.0965756652661131,3087.758960949204,994.4207649658209
ChaChaCha/Albums-Latin_Jam-04,Albums-Latin_Jam-04.wav,ChaChaCha,ChaChaCha,30.143537414965987,-165.5726844540087,99.29996012817239,54.24525405894717,29.93361459242321,7.877525729145573,25.450751972373595,42.16535945373152,12.241779258245794,15.38837664149192,9.843814229275845,16.378353764255564,9.055221704683714,10.565564743015926,8.898573129409813,12.019853629896666,9.74125908538252,7.591587820279768,9.41102785465919,6.338687282501298,6.89573226787257,8.698321614900857,8.680030271172354,2.4852764554053177,8.28863191095782,6.717839150461041,8.347347100378215,0.09683314732142857,0.07692555882601007,2785.8801183259725,849.02795140281
ChaChaCha/Albums-Latin_Jam-07,Albums-Latin_Jam-07.wav,ChaChaCha,ChaChaCha,30.143537414965987,-114.60723778024126,92.83598149399809,54.22125200029971,34.47671892772059,13.51634037177504,18.167350362466934,19.724197836180252,13.15779697602532,5.535513725204463,11.299124554148019,19.155750503916497,10.159667053472178,5.020567793735988,8.240782050254115,10.322388333612082,8.257901421200701,1.914077524541663,7.195473269939563,1.731559996329963,6.545933529531464,3.5652206477338435,6.181141203640179,1.2133139155931212,7.510896770778352,5.826387027559795,7.571388167792413,0.16369676037644787,0.1155669554073411,3277.4170445194445,960.6409027778983
ChaChaCha/Albums-Latin_Jam-13,Albums-Latin_Jam-13.wav,ChaChaCha,ChaChaCha,30.143537414965987,-183.33820376467807,98.71338468718558,69.56879884250607,27.32000625045264,3.0981847086078087,24.614829920634904,46.18178828480798,10.55145364844407,19.965652010213184,9.275586497092398,15.822551414663325,8.382467864811884,13.874801863045104,8.85395065725265,12.138387969355232,9.128023409932142,9.009226300533447,8.885131786112337,9.618162346786976,6.678559815919106,9.08104932723834,7.664910070339901,6.365903748188938,7.623507707214565,5.977361307688308,7.926275421375567,0.06686059664575289,0.05837866189342747,2234.9033911427655,733.8659102940993
ChaChaCha/Albums-Latin_Jam2-04,Albums-Latin_Jam2-04.wav,ChaChaCha,ChaChaCha,30.143537414965987,-173.14915517406877,102.99225746923479,68.42821169219586,39.580631907717645,6.24223612393207,35.269594145583596,33.291322939932385,21.267041925661548,7.957462754916867,15.906300100621317,13.51940010976522,15.394072758826352,2.5731624852916983,10.082394029252411,2.9117848735359986,11.014789613517921,7.088158055521716,7.677180897356952,2.444714727366968,7.974247633177091,0.13072044344992115,8.226599636603934,-2.9841442934118243,10.263437350875046,-2.7860698277850915,7.553297727850891,0.1150401936534749,0.08145993140662348,2558.140445731025,851.3781589383436
ChaChaCha/Albums-Latin_Jam2-05,Albums-Latin_Jam2-05.wav,ChaChaCha,ChaChaCha,30.143537414965987,-95.94435875590892,78.63702053441406,59.592728525746665,23.558400640659208,7.916375704597627,18.12359646615038,24.043291981709363,12.977724795346186,3.8570694825180136,12.436806132228348,18.33050664716593,12.596125986856565,7.9196786217530155,9.74204448307989,6.415525787355441,9.843265307844712,3.6227692007446692,7.655934937098148,3.6911095134015093,7.500716898641846,7.406684167157449,7.5199013787569955,5.563226636839475,8.050131544166094,7.2702492232410485,7.007988865582369,0.13269712234555986,0.06736594922795493,3023.887592566558,720.9425801780145
ChaChaCha/Albums-Latin_Jam2-06,Albums-Latin_Jam2-06.wav,ChaChaCha,ChaChaCha,30.143537414965987,-145.81805432542222,114.24471470136064,76.11816534178736,29.380124991806333,3.3631816718998913,14.06632852995395,27.124565202674315,12.550820268609058,8.983803871575377,13.625394772482002,12.58500682090183,10.368709987000686,-0.023828078374342206,11.405264752257908,1.764655824623459,8.432818762211465,3.167519636380593,8.69687537773606,0.07962812162235929,8.952821374750677,5.176116901864669,8.975213718363621,1.96740112084547,10.808259304833387,6.527250555622767,8.759678803748589,0.13103432673745175,0.08192822536810365,2665.04378715513,835.262846326586
ChaChaCha/Albums-Latin_Jam2-13,Albums-Latin_Jam2-13.wav,ChaChaCha,ChaChaCha,30.143537414965987,-77.94860943926004,73.97821933681085,59.13345501986885,23.773061906946484,11.128860749932043,17.85821126847822,26.17906961057964,12.004322677084707,4.878831449135046,12.21977081418184,19.445581617094028,12.67661878578064,8.634469398597565,9.574864666371058,6.366387571594082,9.699375235446484,2.718974799119398,7.7370593070869305,3.26138208910088,7.660787613980709,7.5277728360663625,7.258488188184648,6.133092975787266,7.839078571708497,7.590100031548395,6.875328638079017,0.1321635949565637,0.07025502840075354,3022.3868109824302,767.6121264144323
ChaChaCha/Albums-Latin_Jam3-01,Albums-Latin_Jam3-01.wav,ChaChaCha,ChaChaCha,30.143537414965987,-75.67949433221351,76.26772198200007,49.54950022664165,17.948975057769147,6.497181634350753,13.957955143018875,20.514228970262845,12.987810325646157,-5.261476766638495,12.525395471658342,20.26677243631971,9.895790962357038,3.7888420250579107,8.417446962063114,5.931422509101297,8.809989241130994,16.979392009928592,8.206102511324783,-0.8565757807941764,7.504936402877285,13.671963991670474,7.231391028626597,-7.271214019396926,8.630537481822623,7.599836255640562,8.659255467085115,0.17427002895752897,0.08521023521565912,3463.1998267549675,531.4342758657025
ChaChaCha/Albums-Latin_Jam3-02,Albums-Latin_Jam3-02.wav,ChaChaCha,ChaChaCha,30.143537414965987,-116.27118984893795,79.71316654010789,71.85267615426083,21.043306769090517,-27.623005227685084,19.599679465407604,22.540022651163525,16.93084429457391,2.6048935250217324,17.221469243095942,-4.32800542333318,12.440341848278855,-0.31748593773547595,11.49294323522334,-5.389883073133334,9.025463323719041,-3.565799112286618,8.51973672263174,2.7922936118965427,9.1015009411223,1.5129173030214362,8.64663548717884,-7.544335568323719,7.485721773983363,-0.6092445389196545,8.039080781834818,0.12757978402509654,0.03734833818879343,2614.1149299132708,397.00696361047
ChaChaCha/Albums-Latin_Jam3-03,Albums-Latin_Jam3-03.wav,ChaChaCha,ChaChaCha,30.143537414965987,-94.33692455709941,86.88115564330238,66.80035034325996,22.71858121308288,-3.9584802964211647,19.82614459042734,23.45123588239584,14.383516737277919,-4.101474209624855,10.34643401869501,6.399917987933061,13.249029264437628,1.6837812257367761,10.900650299150453,2.1196247286306256,9.402496391922586,4.637667206218609,9.985598034455737,-0.5213543834626467,10.908060140275701,1.2934775476527411,9.252195827333015,-2.834507119788332,6.244954098751497,1.813676007852305,7.147034648729624,0.12879916747104247,0.05560727363522539,2913.0153985891625,538.2462643403854
ChaChaCha/Albums-Latin_Jam4-01,Albums-Latin_Jam4-01.wav,ChaChaCha,ChaChaCha,30.143537414965987,-66.64842782120715,77.43009293294011,90.6564480613121,23.351709782177263,-11.580945244868472,13.3893448573288,20.916321425766732,12.732160896567636,6.736281364666999,10.742919273512548,13.718955059074764,9.891129949056834,2.3507100239624985,8.012508189184327,-3.252795800503555,8.073808970294564,1.3672693079206275,9.380898879073499,-1.2308494306808682,9.177248795567339,3.8446273156237507,8.362264986393846,-2.71946783455097,7.208132238417475,1.6870927137649254,7.518943303164418,0.10104443170849421,0.04437085782978207,2356.394586771786,510.635142477653
ChaChaCha/Albums-Latin_Jam4-06,Albums-Latin_Jam4-06.wav,ChaChaCha,ChaChaCha,30.143537414965987,-63.39420909671035,74.16701243951307,75.57275857340235,14.54376171804957,-15.922639987009871,14.081242451234033,31.84461842011702,15.51739891090427,8.71289429790343,13.099410228141268,5.310242100796222,10.08007161177871,2.671222600736458,8.278391164304347,-0.8575067733007207,8.069755654717854,4.662523744619657,8.309307735226962,5.430391885484777,8.658153951722944,3.0030237328354756,8.311891033450236,-3.9114163987049175,8.352239962008074,-0.44401906963912446,7.410636840365091,0.11495460304054055,0.03922959774796456,2538.396425355182,366.71016749164954
ChaChaCha/Albums-Latin_Jam4-11,Albums-Latin_Jam4-11.wav,ChaChaCha,ChaChaCha,30.143537414965987,-44.95149706170036,80.47325279806115,67.00708414651712,19.9675372848253,-23.137306480124227,10.52548956932719,13.211600670374466,10.181139843844836,-2.3147188025409964,10.893362148492047,2.5871564793630037,9.163697681528399,-2.8951597026865135,8.762130276704584,-1.6829944432269945,8.45660693530125,2.486656909756418,9.43680071624437,2.0473201365026217,8.460369850988519,1.51995821379381,8.047662643430002,-6.887154844891169,8.598977311511211,2.2197320640625993,7.6103036773933015,0.14806007179054054,0.04688006488641218,2898.936827247028,460.578793591533
ChaChaCha/Albums-Latin_Jam5-02,Albums-Latin_Jam5-02.wav,ChaChaCha,ChaChaCha,30.047528344671203,-151.3006523467361,87.52841533920656,87.81714117784581,23.826335789871955,7.669133833699769,16.858943217650737,31.829500883328052,15.91434273452346,6.776461643004342,13.23589305211782,7.274301088215466,10.087617844348676,3.486297953742545,9.67790068727566,6.774229877998523,7.651766133533717,4.289921932594987,7.985695564690216,0.3206772927230801,7.834438981024899,2.2600203009734154,7.359267686446627,-1.6538620002475943,6.6073116393464595,2.083477288848759,6.43455695401834,0.08906650912567778,0.040854768659358394,2350.7035458987493,538.9249908727269
ChaChaCha/Albums-Latin_Jam5-07,Albums-Latin_Jam5-07.wav,ChaChaCha,ChaChaCha,30.047528344671203,-126.91333654952537,80.0312554207974,104.10699416201314,25.04880704343256,4.312755751426229,19.05642051333721,25.547566881318257,13.834365890878138,14.158448643298874,13.139554293524764,7.113133624376714,11.780670940513872,-4.023251170088472,9.66483582397748,3.2234568186129553,10.03440425561547,2.9162448433831276,9.19056089266603,0.29968423745907236,9.139751311986366,-0.16267537941985227,8.885319008814152,-2.3454977710512606,7.846120706728006,2.622354764079918,7.861454793967228,0.06357111735089079,0.0292351462997085,2016.0171474044844,462.74563787038846
ChaChaCha/Albums-Latin_Jam5-11,Albums-Latin_Jam5-11.wav,ChaChaCha,ChaChaCha,30.047528344671203,-100.8233957629262,74.2298458765663,82.91750915172923,19.311231669836765,-9.984327055713209,14.46863821587854,21.510438960250415,10.274356040189387,4.91708090921504,10.0863794699128,11.69749293057979,8.261363603414024,3.792202875522869,7.850623230613831,4.517325105277916,7.579015830924774,6.790112738768197,9.06509544853894,-0.7315309017306207,8.49353914611822,6.044227703859078,7.693982688857117,-0.9577344667671988,6.500293560388684,4.297620017290827,5.8973680516523155,0.11114090639523624,0.042715821797550554,2529.1105966481305,431.82089104751975
ChaChaCha/Albums-Latino_Latino-01,Albums-Latino_Latino-01.wav,ChaChaCha,ChaChaCha,30.71950113378685,-203.4342439376005,121.16046602734478,83.88884040653406,30.405782045647694,-0.992215213500386,19.01946980812295,32.56078613719796,16.8650747218571,5.355138965560355,10.488856114041425,7.470085018275079,10.997660410903926,3.4316236744570507,10.501642416046185,0.9863443890797635,7.926995294894137,2.250918317456291,7.856982166542143,-3.4843244491076617,7.345914379734875,0.4564962886260166,7.9720778570064095,-2.958885487232066,6.682342722562474,0.38415915131074146,7.413307563437061,0.08932067084438969,0.07243745586171026,2312.4845806545163,731.4022690492019
ChaChaCha/Albums-Latino_Latino-04,Albums-Latino_Latino-04.wav,ChaChaCha,ChaChaCha,30.71950113378685,-197.81632079270636,108.97704380227894,74.59480919632895,27.205873750215257,-11.517542119643975,17.58582913645423,23.830755274450144,16.777111118557638,1.696609339723516,10.910025220924343,4.336402172867126,10.154685132961335,-3.0241093923455677,12.240419124826863,-2.949463918811258,10.006859010770222,1.551735297899539,6.790998163284678,-4.926862282171693,7.803947599333178,-1.1708969164619685,6.582269311936507,-3.859000201311515,7.656012855286297,-0.23765829528389695,5.929670250035191,0.10745741328658075,0.07372552128590454,2670.0739363928838,741.2386580482816
ChaChaCha/Albums-Latino_Latino-06,Albums-Latino_Latino-06.wav,ChaChaCha,ChaChaCha,30.71950113378685,-228.2281398097483,104.15702657096219,100.11609678404764,42.246708951690486,-6.065040402177766,16.535974405654304,20.640227873300017,12.7958480586669,0.7813220237234533,12.746376410233188,0.7909429749408647,10.071934647872645,2.698307982126204,8.580438662657723,-1.3465611331886935,7.996863192798942,2.448370131377544,9.57953054073331,-2.38202297592546,9.338528916156429,-0.07218824826132915,8.499014021184268,-4.4714899513853315,6.347277763003755,-0.19466348082622006,6.118076544981265,0.07598159709059894,0.08003837123332608,2067.676845694736,887.935705631982
ChaChaCha/Albums-Macumba-01,Albums-Macumba-01.wav,ChaChaCha,ChaChaCha,29.95301587301587,-164.01125285976562,93.60971259780243,108.18006756443145,27.155332180937368,-9.487689505025926,20.371571055904965,5.629384447198855,20.39890783468151,41.301557739894506,15.037586986034121,-32.732588503946474,17.86894361592149,21.100082681947015,16.320172216608878,-1.5557042186672685,10.256384523067226,-19.15679137633018,10.545437594094672,21.496837409442087,16.201689854025147,-30.211719777883395,13.103263935474756,12.318337841858597,12.982658751142818,-14.550931387381624,10.680645266049057,0.08183988627527217,0.04863430057945882,2157.736185172305,575.1604051004983
ChaChaCha/Albums-Macumba-02,Albums-Macumba-02.wav,ChaChaCha,ChaChaCha,30.09233560090703,-119.53084191627414,86.90968097674792,104.19093344099124,20.314131973289015,-13.043307827898602,16.851486082640392,20.318993861624488,16.98186352825173,54.372978486059814,17.57433704970881,-29.26182524204222,17.1350865722345,30.59050251792683,12.455201903885511,2.070303529354502,10.601141300909493,-20.544172180514177,9.716059167545332,36.906338197875634,13.994689553549593,-35.850688667984635,12.418930407855985,29.625511388604494,12.18677859165281,-8.387405615531973,8.717107722057623,0.09955419770704334,0.05196852248670565,2466.9518738758657,470.8348414064412
ChaChaCha/Albums-Macumba-03,Albums-Macumba-03.wav,ChaChaCha,ChaChaCha,30.09233560090703,-126.5857352213411,78.23212522761082,123.40613806277543,20.060281476690832,3.113577878571723,13.584105893427989,20.235279233055238,15.007708411266778,50.359482258983405,14.726590910011378,-36.16310562571278,14.502647918122255,32.37954876351474,11.923566080283766,1.1416363356621437,9.398638494213087,-17.542583247590546,9.73015397189521,37.81997763964439,13.327327928859793,-34.48196284614033,12.939854761308922,25.74585085953823,10.02118132448588,-7.762989882679843,8.70791274544593,0.0711473400009675,0.02870018153420516,2063.48795145875,372.29961257732083
ChaChaCha/Albums-Macumba-04,Albums-Macumba-04.wav,ChaChaCha,ChaChaCha,30.09233560090703,-166.00094571455736,98.41910982103012,116.16215408621565,24.650978366732467,3.251184959504233,21.890235705611143,15.096596017940158,17.020638252780802,38.035087714709995,16.699108776103905,-36.04506439946504,16.939289427293208,27.821212337632595,14.219796306656875,-1.3087937041947588,10.382890147243405,-18.458765057641312,10.199067927915825,31.677194389011188,16.15947147515454,-31.94777489940261,14.873903536849028,16.982361929558017,13.935353333216662,-11.328620751137343,8.575938291337437,0.07974554953560371,0.04634067361726726,2118.1759525544367,584.9128108180392
ChaChaCha/Albums-Mambo_Kings-03,Albums-Mambo_Kings-03.wav,ChaChaCha,ChaChaCha,30.143537414965987,-147.6008501210127,83.68604502387349,95.85425952925209,24.437467081889068,-12.880229728911248,16.848917374200603,18.21970337795211,11.247566789093469,4.341379553123838,8.935963377815353,2.8536208128745826,6.308763266758749,-1.862093912710165,6.643983057287586,0.5712580455057272,6.44145512142065,3.77442417307186,6.376677379862245,-0.6437822008083479,6.776168556474113,3.9362015035244724,8.02631992934314,2.3144084496238864,8.098204318319743,4.54766317408564,8.551875744548509,0.09716495234073359,0.04346190499962937,2274.4378653986078,512.7372521999611
ChaChaCha/Albums-Mambo_Kings-10,Albums-Mambo_Kings-10.wav,ChaChaCha,ChaChaCha,30.047528344671203,-152.8207449350453,78.42691019743957,88.27937961645408,22.169322319007865,-9.01797828788279,18.71797580911705,19.85195629023147,13.6719745573062,1.7163054772981268,10.356137029656592,1.4592441745843374,10.028986705653146,5.383232037509465,10.730885568508478,0.5198823013369469,8.315163637885336,0.6354932168092153,8.517339858942476,8.680822241101913,9.625150352754208,0.32006908493204184,8.784110941160149,-3.9594128574028162,7.849197282380834,-4.58355407475993,7.97998303175051,0.09038271265007745,0.03827170439354588,2221.6855699626603,485.55364807417243
ChaChaCha/Albums-Mambo_Kings-11,Albums-Mambo_Kings-11.wav,ChaChaCha,ChaChaCha,30.143537414965987,-190.87794336267805,91.76621452317916,107.23700308365378,25.820775267563064,-7.120668802966017,16.166365634158485,24.188123505004913,13.082236774702075,2.734197085193903,11.428282125894762,-3.409128184189448,13.307765761599205,4.851207233540936,10.14787162712809,-6.721784508861025,8.52793674786766,-7.469052661244125,8.809813227595166,5.2067283932991835,12.055395473413014,-6.077740663352239,9.371887685088318,-9.12188914812318,9.106546325664558,-4.572422206320181,8.021830983383829,0.08390066964285714,0.05438633593485314,1953.7167869622197,511.3738191077618
ChaChaCha/Albums-Mambo_Kings-12,Albums-Mambo_Kings-12.wav,ChaChaCha,ChaChaCha,30.047528344671203,-166.41900728756428,103.94303172984301,90.03193268552276,24.751391896803707,-9.861733868930752,17.82303511374135,31.629929339515037,10.935632634711522,8.081574458449152,9.982241237665356,5.12435893833652,8.888536932193277,3.6664587576550765,8.252438673886347,2.310218916614771,7.051011549361607,4.647812275892905,6.749869624267522,0.24607362060443222,6.944166433978916,2.384152006461835,6.534546333045969,0.014267486522704343,6.075099025007242,3.355673920283771,6.596651639128731,0.09317699760360186,0.050516952626814375,2318.121565891139,562.8337920841512
ChaChaCha/Albums-Pais_Tropical-05,Albums-Pais_Tropical-05.wav,ChaChaCha,ChaChaCha,30.143537414965987,-94.80931711616745,90.94814018481658,82.96154217399112,22.379131467395283,-7.349565375178343,21.873862827350415,23.900029124577795,15.733171161659998,5.270557526160267,9.896413977106391,6.992184069740417,8.518952410926357,4.949859831382494,7.9593024984879035,0.20843032883669452,8.459062637126811,-1.4846968952869697,9.479139056767696,-1.310713763688773,9.172939537085757,1.166441045192492,8.545014037413397,-0.2602901506367073,8.113721376205246,3.952025051330911,6.7909572021085225,0.11389471223455598,0.04007120673822096,2488.939688508403,458.2378804649806
ChaChaCha/Albums-Pais_Tropical-06,Albums-Pais_Tropical-06.wav,ChaChaCha,ChaChaCha,30.143537414965987,-97.62236650780821,82.94208230570095,88.46383738260488,17.454682483103777,-1.9416500196009854,15.908103634736458,27.64572109130838,13.744618832879194,3.509416808766854,11.701455218624584,9.05706179127748,11.925373355659339,1.7507855488527793,9.801324542075749,-1.3653019800621249,9.466585462122595,1.8898689160814677,8.14035238565833,-1.190037861012576,8.069019732344435,-0.4596640149492409,7.399220394297845,-3.3015110642542624,7.350022976262621,0.5187066535412969,8.404801023849236,0.09518656491312741,0.03982237677914043,2373.3593421837386,416.13253695174944
ChaChaCha/Albums-Pais_Tropical-07,Albums-Pais_Tropical-07.wav,ChaChaCha,ChaChaCha,30.143537414965987,-70.81817950728592,83.58101947992152,79.51897615359337,17.44964364390288,-9.862380934196983,15.543872241213235,29.054390035162,11.411271893011453,4.792101876197802,9.425396417548088,6.63277253245847,8.422540349747516,3.009238651893157,9.501460020019401,1.6282728140871263,8.288824238968665,3.286071814250689,8.414272164207997,1.124370399219951,7.980697579330675,3.2885377562257494,7.942163340369513,-0.3640133657663809,7.22470613091584,1.6348748000348992,6.310092087929229,0.11233447454150579,0.04318365912572486,2562.902097297605,412.9026063309279
ChaChaCha/Albums-Pais_Tropical-08,Albums-Pais_Tropical-08.wav,ChaChaCha,ChaChaCha,30.143537414965987,-76.86620941650388,76.86011198854011,97.41591749347816,24.117589012454566,-10.20006740145383,15.578564972025159,21.916528687725453,14.00365734594975,8.259781300507289,13.327648225900335,10.219030505112174,9.589071632175603,8.80636629823722,11.679516469635306,5.327282216213438,11.128783668924322,6.929308835902306,10.189720516871631,7.72903489227327,10.40290668905417,4.566247090650804,10.608142357109996,5.142354438841656,8.917621376138587,4.9133307117832326,7.290490238826745,0.09102278897200772,0.04411426759709775,2161.3481764203943,530.9202499746797
ChaChaCha/Media-103401,Media-103401.wav,ChaChaCha,ChaChaCha,31.787936507936507,-106.7341898432712,130.33383026636784,79.48614587387718,29.79831477033638,2.5374912479114347,19.062555023470527,24.696313515930335,16.553814245992474,10.023313502562315,13.463334533695242,13.185135324100276,10.940731998370481,3.320295365032302,9.737678313684684,6.26136259347777,9.565117156929004,-3.4318079206132164,8.71190523265839,4.070958057915968,10.409768668066322,2.3678270094727862,10.350246675255761,5.594599409986313,10.852985457268716,2.2627756775312142,11.690621520536432,0.09432806776556776,0.04320392376609488,2269.3445315599993,731.8448500572206
ChaChaCha/Media-103402,Media-103402.wav,ChaChaCha,ChaChaCha,31.787936507936507,-90.01113307423353,134.67076121446644,62.284293793173994,30.64055042712061,10.991950455448992,17.298540185547566,22.11513158308757,16.410666825511946,4.932626063739335,18.56234767331581,7.751233463633514,12.461989570853506,-5.5946167787070875,14.912361951469455,-0.2479215651183373,13.38031909235633,-3.9136307877555443,13.073478501117588,4.983714066428119,11.357136705867672,-7.732767441005296,12.90636670548289,-0.565449319193685,10.254948229664056,-3.1339984061861372,9.23401562594211,0.11899539262820513,0.08305278115530065,2703.0894683261045,964.9586996901085
ChaChaCha/Media-103403,Media-103403.wav,ChaChaCha,ChaChaCha,29.51238095238095,-64.07747121267873,94.56477584436148,89.9239618997257,30.44845802002267,-12.787047746423317,18.470285172178695,24.911714305855675,16.933752473454753,1.1527333155185577,11.823160593182687,7.175366488595214,10.693745616577395,-5.731788512159781,9.903185298193154,-2.697930774132901,11.78839067900306,-4.376969707226225,11.289270825242001,1.4042335165809017,11.364080004331756,-5.287313667804762,8.821853179436458,0.4325058280835195,10.341006580549035,-6.582845454206853,9.163550656992317,0.09924749963003157,0.05042072040060607,2316.7244505119334,657.8926431086002
ChaChaCha/Media-103404,Media-103404.wav,ChaChaCha,ChaChaCha,31.787936507936507,-66.71194679761712,121.24056591973209,66.43835403527731,28.21043800520596,-1.6282449668903562,17.04650956433469,27.005181193039718,13.743918456492013,16.26064665026698,12.348972893336098,12.56270031701543,11.432664487632398,1.7938302095278942,8.732811859174491,6.811937502942785,9.809892728913884,6.567364248704495,10.093025605172672,12.073659679588228,8.283476435285506,2.598647308241837,8.680698382844904,1.7851919355086383,9.27048360276756,2.402660018179297,9.265199957218096,0.10069504063644688,0.04931611556094608,2525.849105426891,731.8805362134668
ChaChaCha/Media-103405,Media-103405.wav,ChaChaCha,ChaChaCha,31.787936507936507,-81.58190943837727,132.63148614030064,89.17144102339768,40.944020610823344,5.792775061126689,19.40805888187396,24.848448742398077,15.701389275266376,11.749060592032723,13.737596430644626,8.983879990986699,12.009622938137323,-0.5360121085337508,9.820294422756719,7.198327551598748,9.296159080576976,-7.034048509966371,9.590484486313636,1.9216440135355692,10.550938963817131,-1.0432884139787388,9.266799425704372,5.78230369652375,9.490924240876645,-0.17182634747624473,9.064125146212778,0.08587132268772894,0.052043083640844416,2211.928507203399,889.7897922391534
ChaChaCha/Media-103406,Media-103406.wav,ChaChaCha,ChaChaCha,31.787936507936507,-61.50627495258756,131.98720080218055,73.03429719086108,28.948163553593993,-12.634015827385747,17.8950213683419,16.05399255313964,19.648352570793957,6.950812381022725,17.077081680315874,2.904722937605441,12.95719681409904,-3.8846566056490994,14.027612588042425,-0.17751107535647892,12.192184932103268,-2.1076667705438625,12.145936079764928,6.764257904141535,10.801389941400275,-0.314591282366053,11.052246101628358,-0.6230602549231831,9.035059735549781,-5.454470069757601,9.49269924217744,0.11769974816849817,0.054719770620790316,2474.4960395938974,812.2101458792347
ChaChaCha/Media-103407,Media-103407.wav,ChaChaCha,ChaChaCha,31.787936507936507,-86.39260707622167,141.50505577622562,66.11043560548943,36.76369357417654,17.39291475147142,16.452230975228428,26.965351527724096,17.95364209527413,14.18338335942422,18.653619564376445,11.652480802900437,11.476934351209565,-3.086289939289614,9.384488769534698,-1.5743437768024076,10.41468986239892,-5.66256070523917,10.953897054952424,7.716730198577543,11.116196999081868,-2.4853911841414145,9.988880690971694,4.616934963557748,9.877045673799513,2.85684778584905,9.285409545663668,0.10936069139194139,0.06169603547229355,2732.5483242080777,1043.8739482135322
ChaChaCha/Media-103408,Media-103408.wav,ChaChaCha,ChaChaCha,31.787936507936507,-43.0544393539986,126.4159994151043,73.52509087036029,29.96139219736976,1.2569101110654766,17.510013438327015,29.526883449408757,15.41505936355119,5.962161679136771,11.517410051340512,10.475977801184046,11.033004270966615,-0.12262380601165411,10.050429755536028,4.730726932339753,8.36146251390249,-1.9012081042244193,8.227284960655421,3.7961728793755753,7.773167355064957,-1.6264219249816734,7.358472055781414,3.3268277341219554,7.195256872071702,-2.121930282752759,7.478710456853277,0.10692679716117216,0.06108935856719776,2529.7864283770023,875.0911693019367
ChaChaCha/Media-103409,Media-103409.wav,ChaChaCha,ChaChaCha,31.787936507936507,-85.39111248550141,148.64116040412662,63.84290428318897,27.712113121242886,17.19647910480506,17.422821972243383,28.226725827444564,16.426868873198472,6.006776222138334,10.256168211286512,10.091995209466477,9.642475179703057,4.248504491300802,9.807782407091205,5.864913952616557,8.622915606413311,-3.1779753456654842,8.22711718536029,5.000119474953004,8.500525034032929,-2.0034778624484555,10.406773942279827,5.787760764421016,8.295523095951369,-1.6123858496254209,7.495769949185967,0.11464986836080586,0.06146907766469177,2721.8275379240604,977.10346935983
ChaChaCha/Media-103410,Media-103410.wav,ChaChaCha,ChaChaCha,31.787936507936507,-46.45899292950043,129.78303505695902,78.26382790791345,27.15781257748025,9.376788506725484,20.3584041202755,20.06814516774287,15.115705044041418,12.253910119213005,13.067478301693676,7.81060239754863,10.429874186966721,-0.32736161279216053,10.064627796845953,6.337312551267126,9.402425355868514,-1.6269529801832074,9.444214020739256,9.608527519574405,10.586516707133528,-2.7825178702020583,9.9626789581372,1.9881983959831238,8.0199848202768,-3.0444905168377434,7.9327818513668635,0.09636632898351648,0.04463127873062603,2427.6799467906017,763.7435943944445
ChaChaCha/Media-103411,Media-103411.wav,ChaChaCha,ChaChaCha,29.51238095238095,-69.82328567442234,113.57635736335237,89.82588890174233,33.29485820805686,-19.861478116582948,19.916818049845162,29.119251985736284,17.710347677334628,-0.4954744319230922,15.320705944600855,6.798454912213518,15.440305403351337,-3.4102596825853984,14.47851841629115,-1.8835121020345202,11.50604246781707,-6.707807233837436,10.90802541936665,0.7601177334620932,11.175983475358017,-1.9868757447745684,9.007495152717954,4.358167459566812,9.403535579022984,-2.7886457295034295,8.398661054244728,0.09890412268153118,0.05249028111782079,2193.5817614821194,686.6671696613622
ChaChaCha/Media-103412,Media-103412.wav,ChaChaCha,ChaChaCha,31.787936507936507,-82.96610998377733,134.96445219583953,79.7711404313143,37.336541576871944,-21.89511940251012,23.512779875752237,32.83431258924631,18.809239434369417,6.9674671928398775,18.65344379066425,8.995450941537264,14.059182146481286,-3.126376821109399,12.092292860028747,-1.9967391217455563,10.744236765314175,-6.153012614175842,10.618762916229814,5.748413407983603,11.64118189102696,1.8894623613314234,11.779610400877095,4.522776376971598,11.057786030721124,-1.1450927672163358,10.459400384993797,0.10050402071886447,0.05031143732343157,2239.496265540301,821.6815419150457
ChaChaCha/Media-103413,Media-103413.wav,ChaChaCha,ChaChaCha,31.787936507936507,-151.64679278195504,153.7658699564169,72.46833721659658,44.48504697102104,10.36697549435669,39.07437347773071,24.719861488602746,22.599301983151147,3.195391278202137,20.001966071754367,8.318478548116806,18.49695258579983,-5.069140561366305,15.198500158698925,-2.3883510475152483,15.65544254976554,-4.832571441241624,15.120050882941683,-0.2952465903745428,13.835967209363117,-0.6823960525652456,13.65893061341785,5.545753332790255,13.632262852359114,1.6865743014990955,13.10671199653665,0.10059344951923077,0.07226594969460727,2410.5901815059883,1003.5617295810523
ChaChaCha/Media-103414,Media-103414.wav,ChaChaCha,ChaChaCha,31.787936507936507,-105.03398291495945,134.67636106338597,76.71970612450252,33.32884691637784,-34.678301554243674,33.3485707392626,30.78459381176572,20.373524727249517,-3.138278357622319,26.810341981440622,-3.8025310373731576,14.615261058014427,-5.330263042748615,14.866199950670433,-8.429556688182128,11.986525914706576,-9.498380808981155,12.38622646338276,5.168722869478732,12.77102611986617,-1.594959284149443,11.347123552317605,-4.84788535804121,8.709773126014436,-5.161130345868854,9.888226125840843,0.12234897264194139,0.04599128945958234,2343.4711054071563,765.7800778012718
ChaChaCha/Media-103415,Media-103415.wav,ChaChaCha,ChaChaCha,31.787936507936507,-89.49043048625566,145.01355868850618,72.5644393245979,30.11682683265033,5.3302344381200575,15.756001681212433,20.9808170823527,13.521926942960148,5.706644417923488,13.532181109139113,6.074997962146237,12.01880144875498,-6.675219089139596,15.524827740069,0.6148023264928536,12.714674678794202,-2.627880043653983,11.576832215155912,4.911960988509451,10.19645615878138,-6.701535787530551,11.189616188742171,-1.9271734839808805,10.50416824839371,-2.416977679808483,9.739925211993393,0.10366407680860806,0.05338913027756887,2528.2367841335526,851.3665195276578
ChaChaCha/Media-103416,Media-103416.wav,ChaChaCha,ChaChaCha,31.787936507936507,-161.63495043653216,131.0354044550641,92.51380877423186,46.808953487237865,11.22053668943058,22.856590993917315,23.880364740227865,19.44640649470903,9.393211205815986,17.789295839519834,13.996417418597929,14.337761031219374,-0.5873017483580043,11.435948422585863,7.649779230296515,10.213357246481975,2.6911466926215715,10.62665264282984,12.102499813566117,12.615604324660401,-1.3809276159356876,14.405296902988026,-8.725665795638982,15.44488313330221,-6.420973777200097,13.165688979995918,0.06572623340201465,0.07047774355263174,1971.670635116874,1038.169467041524
ChaChaCha/Media-103417,Media-103417.wav,ChaChaCha,ChaChaCha,31.787936507936507,-134.39030616771282,140.74513153877527,37.59743335921094,28.31409417682037,-12.853731704782598,25.549599621846607,9.888559142717932,22.04477059496188,7.922531653808283,26.887638234507666,7.046070014000101,20.72985149572638,-7.288666196762694,16.806573404593358,-7.081098075519746,15.997932833362002,-8.020271217288078,15.836439046080951,6.19288214467263,14.800565219392453,2.275818517020545,16.31651768414755,-2.8695380117351794,11.765250338912859,-5.7045745405945105,12.837448460204268,0.15127954727564102,0.111587853541994,3065.4584083319314,1207.4239982233653
ChaChaCha/Media-103507,Media-103507.wav,ChaChaCha,ChaChaCha,31.787936507936507,-144.74999535003957,129.18055791768182,88.21024695615426,33.73714857479735,-9.505869617101363,20.57094403961188,23.110268852081234,12.659437885772608,1.8920709427791351,11.336799525624151,-1.0206117973027033,12.257224947010535,-7.499824534663942,9.821356693331866,-1.2881830748505598,9.181871849227214,-6.058682123329177,8.835543184734572,5.315958793783925,9.316655980089942,-4.575016017432964,7.521022132475428,1.8878402557875216,8.018148325694897,-10.069543275083875,8.374606376361077,0.09718263507326007,0.051857067275269904,2161.8378082340205,752.9008697689425
ChaChaCha/Media-103508,Media-103508.wav,ChaChaCha,ChaChaCha,31.787936507936507,-186.39579978087156,133.73272074676845,106.11331476112645,43.757600388642594,-21.93391048613181,21.018093813454076,32.51407410951356,20.966671585158466,7.611641781982007,11.4730334715366,1.951392428323004,10.370230244838499,5.30659676068925,11.102035203422624,1.3938665463242426,10.302738082030688,-7.875478675613118,10.511100760462037,4.688590688105919,10.480192580336809,-7.312804059608981,8.603025622337313,-8.443928747639543,8.861536448366808,-8.074282768664355,8.901395750554466,0.10082775297619048,0.05572006260247667,1886.3360851117516,715.8076408855146
ChaChaCha/Media-103509,Media-103509.wav,ChaChaCha,ChaChaCha,31.787936507936507,-171.02891925651699,138.6163094020897,68.16291825930848,36.59950756675585,-0.23954191294800453,22.270578465739867,7.247372285035698,17.31574512166165,-10.442619017671035,16.7585699036202,-0.5674616977303509,13.69767513948584,-9.618371352113154,14.316946303320549,-2.0174688722018685,12.639845620073439,-12.849598120485313,13.909735525759258,-2.9006487461809924,11.68917900644366,-5.541274315760086,12.732551892623551,0.007570430653407374,14.217423950148191,-6.336312352386892,11.192723316895759,0.12212862007783883,0.07135424899929049,2632.0509014148524,1002.7095766162471
ChaChaCha/Media-103510,Media-103510.wav,ChaChaCha,ChaChaCha,31.787936507936507,-157.55301734115335,140.3541804318936,70.18646820073052,42.08897498498304,-19.922053178681498,38.638525146177784,7.084277924620823,27.246871777702072,-5.031452080821081,23.606192562335604,-4.3864984637440765,23.382365229679515,-1.7349088441051668,17.33529105948199,-5.544812676546284,18.2042601738784,-11.223576014763715,16.2223432541052,-0.1829740138437006,15.350236875994238,0.5350449031119922,15.860390497777217,-0.6674818363888869,13.505334035384342,-2.691223386962571,13.793283121836707,0.11132526327838828,0.06953079475707358,2311.5369596197334,965.4434768448816
ChaChaCha/Media-103601,Media-103601.wav,ChaChaCha,ChaChaCha,31.787936507936507,-135.657148119733,126.83077801169746,57.31682284330945,33.89991979076413,-0.9830489529743668,34.61458548294751,18.97208311419397,18.665824494434887,8.897140336934932,16.643330152041138,8.850002853131691,12.76656694205583,4.358003953829846,12.805351889764578,5.117451342667028,10.921568225191098,5.635559481588522,10.429886363651162,6.986858046316249,10.253558242182041,-1.6921268037375443,9.162493577742929,1.771074931120173,8.19543040156269,-3.9494699816296266,7.654018138931412,0.14381546188186814,0.09285654615197311,2930.1145009993775,1095.1204747199981
ChaChaCha/Media-103602,Media-103602.wav,ChaChaCha,ChaChaCha,31.787936507936507,-183.02509847873998,160.53753859123765,89.90778029734558,47.2048523173438,-8.708728765697096,26.575842436405473,14.277367265013957,24.57665694937936,-0.5381574319490425,14.471799854015025,9.622075526988791,14.141661429398841,1.8415779614087227,12.686786623758703,9.775549587375236,12.902943665293003,1.8186658550895198,13.903532728594367,6.890848974757894,15.16554084963503,3.646710525856265,9.470477224971798,5.144941043906658,10.897631373136823,-4.307859252956371,9.568828896714768,0.10065426110347986,0.05573691698349937,2054.867621639972,798.1346050599859
ChaChaCha/Media-103603,Media-103603.wav,ChaChaCha,ChaChaCha,31.787936507936507,-119.52212793879539,128.0574582149442,57.72052318728608,36.2318602508959,0.28452855261529175,25.898294116994666,29.09204300566705,22.07096857299479,10.107214493791108,19.67126251434089,6.865487398112915,15.53204322422439,4.506205945618791,16.354130331832344,12.304759894359398,21.915745362479612,-7.603801924184558,15.835803278472657,7.500040317654031,12.384653284233792,6.79310741617185,14.74494183757908,3.5460662386326365,10.588343143297157,-4.575756113925483,10.968584293097019,0.13979152358058608,0.11044602281723055,2682.078133047132,1136.0077879427072
ChaChaCha/Media-103604,Media-103604.wav,ChaChaCha,ChaChaCha,31.787936507936507,-125.60758197689064,136.87528850030196,65.31252928032715,35.43503752332642,-8.739002681068751,20.086433055642825,41.63556050303429,27.447788610631502,-2.5139439687814087,15.328295302140214,12.500316911944513,11.613622392460341,5.611174044051863,14.836905229072201,2.6559926329624917,10.078382390271486,-2.853905803124394,11.82930944729336,4.0394390452876525,13.836646858645985,-4.727291603603907,11.23042768683106,1.7422195308383652,11.0537697433198,-2.406838979209826,9.692002806788148,0.12099251659798535,0.07347890138811207,2455.964674372315,889.4815191785854
ChaChaCha/Media-103617,Media-103617.wav,ChaChaCha,ChaChaCha,31.787936507936507,-135.70350710869516,134.5529540823678,97.24750103225625,38.06691403616697,-17.698951025373425,22.249637317893416,44.718691692693426,24.78694720324501,-2.5246937805327794,14.216502588829366,-0.5618558390677609,11.298615966028736,1.7949383701513975,16.45294924321363,-4.63314762023676,12.244110679751433,-11.93057990653426,11.704282353613653,-0.19408177072983243,9.547759854241397,-2.438269612016291,8.969823943163325,0.41262356610273837,10.457180900212625,-6.7909202218144715,8.774036815057125,0.09545093578296704,0.04320330123566931,1992.0967842420062,706.8746096191753
ChaChaCha/Media-103701,Media-103701.wav,ChaChaCha,ChaChaCha,31.787936507936507,-84.41147470322576,130.24195356671606,58.65280461067921,25.48901653501742,-30.380681680767747,22.23979476058784,5.129343114871693,18.183214518535763,-12.581765974813674,13.17254425711234,-0.4859422871899474,13.977124359269927,-3.6494906156078053,11.536019245695963,3.515001272373971,13.363269766745821,-3.9335272805784447,12.563807697348722,1.2180749459677094,10.76668347894553,-9.39295064540681,10.805016448376549,-0.548043806544979,10.765355609488525,-8.091915448405215,9.416784998337024,0.15163940876831503,0.06651584758072075,2661.83602978928,874.4568524591663
ChaChaCha/Media-103702,Media-103702.wav,ChaChaCha,ChaChaCha,31.787936507936507,-131.66098796584322,124.71107232173695,81.7203478067458,39.508488904427026,8.659845558144568,38.85630851701171,21.82084348033976,18.834611420556705,1.7919019497396418,14.996817026691506,9.982611651647762,15.72930316582684,1.5561424536201915,11.387115664336061,9.910308733952219,12.253843485039285,8.651267360925438,11.648375000472303,11.131712316462277,11.347876335024225,-1.6889245840746068,10.328971978089072,1.8310989616665168,10.085479828075796,0.9228132600596287,11.430549004516232,0.1017989497481685,0.054322065739214366,2342.4829011049765,886.1214468429002
ChaChaCha/Media-103703,Media-103703.wav,ChaChaCha,ChaChaCha,31.787936507936507,-170.6993052871945,128.16818905584788,35.39213556608232,29.960491095606493,0.0890370223619953,21.943721618909983,39.689380290422136,19.24901135165431,2.761547695749744,16.65325433604079,9.781848644413408,13.783636213552796,-7.107653657143896,12.899345145262831,-7.354646395491389,12.474857139833656,-11.055354484553764,12.78830952932977,-2.7982157929401366,11.589643773306827,-8.793389992143613,11.331278458560819,1.4790679210373292,10.550222855930476,-4.16388654987726,11.742502686346718,0.16057906936813188,0.08990714865642967,2900.009155545076,1014.7869773904471
ChaChaCha/Media-103704,Media-103704.wav,ChaChaCha,ChaChaCha,31.787936507936507,-90.04135209028038,132.95216330493096,74.86752048738607,30.629037119504833,-34.9885543511203,26.385985942698316,44.70756650459151,22.45942868254579,7.2910841333768195,15.2750450685859,9.288518900149493,14.860822685157025,-0.2890072692257411,13.773234258406834,1.6704277760992736,11.751965507271729,-10.433149933406446,12.745574691781634,-0.6711073413842847,9.607129382154888,0.6384601604695521,9.63287599482118,1.717224119273999,9.184137561165617,-3.9593938454331497,9.918558358054568,0.14128069196428572,0.06129433373754062,2325.895573827918,685.1610260803457
ChaChaCha/Media-103716,Media-103716.wav,ChaChaCha,ChaChaCha,31.787936507936507,-211.86113687627727,130.85167329321888,68.30091142909255,48.352033029860266,3.966453514195883,31.020884976599437,22.09339441204468,26.140387155929385,-3.0376593691641682,13.84336939513857,13.484905298326224,13.681082980011315,2.676615711516508,13.280022013088647,2.1658156161452506,15.047629537013485,-1.8241372216230058,14.558580321817553,2.116088949884032,11.800144175324542,0.5696633429298416,11.443674780624018,9.21597835795749,11.71628883779703,4.2389139975504015,11.566502329362196,0.12389072516025641,0.08791325767202295,2504.3348140826747,1155.0164038407017
ChaChaCha/Media-103801,Media-103801.wav,ChaChaCha,ChaChaCha,31.787936507936507,-121.36150660055074,131.09392683661974,71.62868455071342,40.36455350614975,-3.082875043808218,26.257421324034837,17.590683982091157,22.447945917886102,6.346813300454341,18.61065479999459,8.395779173070043,14.306489660894629,-9.816877212500344,17.703961903090573,-0.43190327235117726,12.34846111098533,-1.8798911738589847,14.623554514320906,1.4353721632251455,12.588711842526928,-5.091112953473131,12.140216393962062,-7.27627365453295,12.19494210873193,-1.4195696601929804,10.904330249494635,0.11658153044871795,0.07144924394221734,2549.469724695123,955.1885117350978
ChaChaCha/Media-103802,Media-103802.wav,ChaChaCha,ChaChaCha,31.787936507936507,-127.87843289917562,127.1610059400375,57.39034141256406,36.52887794771023,-9.138880907090481,22.92328795397354,13.87785797858093,14.403870597169222,-3.7437680821655395,13.402877734065344,8.088016581593754,11.468577491298703,-3.5363781389095497,13.859231629741483,2.9753356496561736,12.496360142424704,-1.1992731572745412,13.044176251831551,0.9080321770558663,13.504181429270005,-9.883656110154497,12.28333428364229,-3.313446882289303,14.983189574723227,-6.589031965965141,11.327264144780047,0.12540350274725276,0.0720468965881856,2682.684897324891,948.1898032914805
ChaChaCha/Media-103803,Media-103803.wav,ChaChaCha,ChaChaCha,31.787936507936507,-138.87143370675847,153.8843369110689,70.79710653875918,28.35737118914088,5.549774535994758,26.408796279709186,24.925100026416786,15.971249933225938,2.131258978663643,11.350052314653409,7.329617264933486,12.552996935316603,-2.465119134563043,12.706244656442868,3.3853426642073408,11.128298214260743,2.146330462409847,11.563731486302945,10.990175104481155,11.879588320905253,-1.4761397956722435,10.518322601637637,7.335212252173134,11.201468720505341,3.9187242942423324,11.335427334097417,0.1018543956043956,0.05365898870477148,2477.22022660868,809.0463549718822
ChaChaCha/Media-103804,Media-103804.wav,ChaChaCha,ChaChaCha,31.787936507936507,-131.12020238324672,119.3220261700818,63.14103982777172,32.514201553893365,18.856329797346298,24.668127258029244,26.829615662460508,18.78230927257447,3.037252948926604,17.076243293643557,3.930955368235448,17.75210508022572,-1.9772961578398325,16.044565955820627,-5.894070882750506,16.237680613456302,-4.540636108767197,15.630870356113054,1.0431443739022426,13.720287984683155,-17.88959957427151,16.07606319537262,-3.646908015421482,13.452640374821753,-7.761189471662739,16.302160446045665,0.091976805746337,0.07079244555773358,2469.725534042209,1000.7125890102648
ChaChaCha/Media-103816,Media-103816.wav,ChaChaCha,ChaChaCha,31.787936507936507,-159.46102986523312,137.24931011984745,30.33905694260926,35.77702982687603,22.859557953497728,25.483762160253956,20.958820862699095,20.06985349712341,12.33872084215256,13.905788935597474,22.39995195155966,13.907157752933909,2.9027028660906193,11.84896363067217,7.830531158883076,10.624658233775545,-0.18336064892534387,11.24145559974208,1.807043008280045,10.627284330245562,-7.385742668805968,10.367937692780993,-0.6811612204493919,10.003532326281265,-1.049646748105091,9.48523036179745,0.17714879521520147,0.12684110921003428,3446.889068754281,1400.5687328636773
ChaChaCha/Media-103906,Media-103906.wav,ChaChaCha,ChaChaCha,31.787936507936507,-81.45373188721503,133.55440627477748,60.632874664004156,31.163548752139523,-8.923395633212552,22.65030158459091,25.511509304176297,13.844368405548867,8.896572494300594,9.635511016967929,18.837239312266046,10.918138437640412,2.066597628638214,8.787422823884558,10.496882938861424,11.227839960462559,0.8702319074879014,9.702343519527114,8.098001642420302,10.772187019989467,2.6994369569905725,8.793645784212304,4.64283446466245,7.976385910017592,-2.4777161003149297,7.800346358609072,0.1306651356456044,0.07268477194070441,2742.2722261675103,964.9755899082686
ChaChaCha/Media-103907,Media-103907.wav,ChaChaCha,ChaChaCha,31.787936507936507,-98.91286437469168,124.27849819505074,73.2490213568922,40.87576793656018,-36.86979502236608,28.3502467748281,21.018330899770223,24.254297319836834,-19.165849447763605,20.853125398421156,2.580470457893606,17.161898052701908,-3.1796490263546735,20.964561849599775,8.08590279659884,16.84501758306237,-9.020446371269147,14.997829227117311,11.315606875952351,17.866104388255415,-3.1181297521565843,10.769839882055557,-0.5910838188339572,11.266830314741537,-0.1362110687314111,11.401232474720842,0.13441470638736264,0.07346943718183196,2368.872337999989,859.3148070720746
ChaChaCha/Media-103908,Media-103908.wav,ChaChaCha,ChaChaCha,31.787936507936507,-122.02881361168969,125.0944224785252,91.42883558856543,32.90350432476941,13.339136872229755,22.484318615389324,38.99363674394542,15.995093250953266,7.797789610797574,10.802375219298382,1.27574980138879,9.3591514719826,-0.30529650134250963,8.827984050702137,8.443264165088534,8.10191394304774,-3.1882318317617107,8.07387386132593,-1.5310603093973068,10.957751568405893,-3.0861893445207222,9.44824534865569,-1.139296968335005,11.865075243807695,-1.0788773321148377,11.49498789177387,0.07958805517399267,0.035958122443774006,2020.3717526644855,681.8082661982918
ChaChaCha/Media-103909,Media-103909.wav,ChaChaCha,ChaChaCha,31.787936507936507,-86.00264932329567,128.07431851719812,69.35222623445082,27.253982173523323,-8.765333136331448,20.79530338862428,30.64530889112852,15.956262770624585,0.8019728056095842,14.31427242813409,1.3653955021163995,10.174718371567927,-2.5746209706867895,11.101340596309509,-0.3322255203771529,10.554002911059774,-5.488618679224745,11.788693266444831,-0.926489625889517,10.069619238378165,-6.060417587949209,9.114643109789574,0.9620214037145634,9.062482643676772,-6.111493917180897,8.017909036510517,0.1268368675595238,0.058147139080501266,2503.965245750073,770.4996744797744
ChaChaCha/Media-103910,Media-103910.wav,ChaChaCha,ChaChaCha,31.787936507936507,-133.7695911924126,120.75136439176897,77.81203151405154,34.174313089074694,-3.4130580921809432,17.478509442827058,26.010583950696866,16.272378444749332,5.32405871449138,10.839947857015252,8.594609414995436,9.523695710388795,3.338410207127646,8.860322873242689,5.98799806819949,9.509472843187877,2.351417410336097,11.130633415559556,8.72396657302194,11.0644065156633,5.7879757946329775,13.560798237121254,7.087914550209799,12.992540417854169,2.388205361167153,11.295947374253466,0.08124642284798535,0.05436443523314142,2234.273776756025,785.0180653573951
ChaChaCha/Media-104009,Media-104009.wav,ChaChaCha,ChaChaCha,31.787936507936507,-106.00782681023851,134.89967326602257,65.66092599733076,29.424768351970854,-34.081609912157646,24.654491022811015,18.49971539553742,26.44905199764442,-15.169985056416731,17.61923117990969,8.395181975645997,15.767656650951572,-10.523149031146726,19.27584525152106,6.705135699831568,15.087366812853656,-5.421479195849103,15.967614562246826,11.190383489264581,13.173034488968474,-1.4427143671577225,12.070361404674248,2.567044971305761,11.463019167646035,-5.488528103947497,11.474199161770091,0.14773602048992673,0.06479569946082704,2481.469991457357,744.3562041127777
ChaChaCha/Media-104010,Media-104010.wav,ChaChaCha,ChaChaCha,31.787936507936507,-126.19830831266836,135.7439577257664,75.60099681314585,39.80364551595888,6.931963828445698,27.096508397340354,37.38811600356115,21.554331384663634,7.683122884467261,15.597672690933237,7.604777713440632,14.516994711097462,0.40182688258954136,11.242572773862266,9.737181252582204,12.33920676178107,-0.6019905058518314,10.326012081488136,-1.417823888078518,12.995063488995065,-2.522749523495431,12.875180302618228,0.5836813686567522,9.403605248393296,-1.9247928906717096,9.671823845896581,0.09672869448260073,0.05829255059766074,2385.8176149589667,936.0431377933452
ChaChaCha/Media-104011,Media-104011.wav,ChaChaCha,ChaChaCha,31.787936507936507,-227.57986512219563,151.47910180913897,76.58889690467586,57.278947509428406,13.155950410506815,30.87968505990141,6.726326166966362,23.239701643663953,-2.5429599525347797,18.0927545280933,0.6129649851571407,16.43708481936155,-7.163814328522866,16.750144530527013,4.9196604474081695,16.2496634250451,-6.444180877839246,14.727976388771589,0.9793599321066955,14.191584324765318,-3.797641168778289,12.441163078953373,-3.4449412066396885,12.172447807209608,-1.9952439394629953,9.515386718056883,0.11991400526556777,0.10472439059300571,2553.052313833202,1375.5657033180628
ChaChaCha/Media-104012,Media-104012.wav,ChaChaCha,ChaChaCha,31.787936507936507,-131.7722158673039,122.51543186740072,36.66673796703338,35.235249251833345,-16.940446206622227,35.14262121685819,14.10042715402588,24.15605644208098,-10.417931522145441,18.017876753767034,-3.9668491680414215,17.58487672367305,-9.504227168740165,17.414397908087068,-3.8631217073956905,16.661899293816237,-12.364120710203002,14.27093115872956,-6.526598246277503,13.292759321923343,-4.912170192336296,12.615909302510186,-1.0624207118320843,13.149270214688626,-2.6158162901929183,10.169799250827698,0.14756932520604396,0.07878108027224084,2910.625698884124,1012.0226198246536
ChaChaCha/Media-104106,Media-104106.wav,ChaChaCha,ChaChaCha,31.787936507936507,-136.8946730708531,145.98832091245072,65.57921789955073,38.10769501729864,-5.26025243508608,25.91334273404323,26.47179102493024,19.490983880174888,10.11233468466877,16.740428612145244,11.967749978289842,11.27878069401331,4.042057309550973,14.432898023574467,7.891897984754711,10.209223210324222,6.520265284518144,12.311192374596066,9.671870744865304,11.591703533715458,-1.5152354265258685,10.363062255339258,-0.3907576694249227,9.172963980546033,0.9207514209923723,8.915785224802205,0.1266251001602564,0.06600052272231853,2586.522673688749,979.8964519127392
ChaChaCha/Media-104107,Media-104107.wav,ChaChaCha,ChaChaCha,31.787936507936507,-86.48422047720193,134.61913206834103,79.94883291855162,31.084717842794575,6.7496102636300295,18.967585980981585,22.88711814491041,16.093449787389506,7.271155411342738,11.857878768056452,13.915208847917047,10.99766337799071,8.529116653118885,10.015066110957282,10.028736390962466,8.946578702944056,5.579516372445402,8.436454883576067,8.807256991731464,9.405259081954432,-5.175714218569055,8.386309825728087,2.7290139481855897,7.828149139447889,1.7216578525946127,7.468201746143672,0.09461423992673992,0.05797674222717445,2387.0832232098064,873.7157714064282
ChaChaCha/Media-104108,Media-104108.wav,ChaChaCha,ChaChaCha,31.787936507936507,-149.28996051174087,135.8040725139158,89.84695517680873,46.41487601275208,-5.77655550475691,30.271139213927796,8.866502950616217,17.668011910803326,5.866977253927252,17.295460384520606,11.04811239161845,15.210344879772558,1.829272801935292,16.69480708962289,9.110859672426978,14.779541282467008,6.327459519348498,14.794554543555769,9.926636255569598,16.15396624337171,-1.6625800517209275,12.60586950867741,0.8863367261474822,12.586782844094417,0.45123263800064256,13.189321127084598,0.0840645032051282,0.05276568440177218,2080.3004567681583,940.5489757822346
ChaChaCha/Media-104109,Media-104109.wav,ChaChaCha,ChaChaCha,31.787936507936507,-121.77544636819401,108.69647524300247,88.9927918725282,31.02875375326577,-20.078726424226105,24.974269803538917,30.002640977033547,16.16415787413044,1.0911434555951312,12.303386055560594,4.583680023737452,9.89467454652829,-3.679641000414843,9.550186937676573,9.177025354681911,8.912434132089341,1.5045256093547905,9.656142054588111,5.074172566494996,9.138532139287356,-3.287985042465773,9.125330910938844,2.741437922278306,9.036150440571548,0.7935429015741339,8.331567702600116,0.098910399496337,0.05306522208595079,2181.4517257149937,684.9210874460365
ChaChaCha/Media-104110,Media-104110.wav,ChaChaCha,ChaChaCha,31.787936507936507,-170.02605032269312,156.1947402158907,46.25269180860869,39.07559067141474,-4.12528261158502,27.815189381672443,30.199703235474903,23.523977285819544,-0.2042806479380398,16.13798876320609,15.623144920267437,16.953470420197096,0.3169446004564384,15.043297730458606,7.144072636005455,17.10006242408529,3.0805184407923356,14.321829844190143,6.9752509281201185,12.553747935912604,1.3702789750274946,14.574237194236977,3.922778387060205,12.643904707741562,2.1786657974273727,10.152207493476839,0.1000987293956044,0.08153861392602695,2548.6113833501067,952.7656692714025
ChaChaCha/Media-104111,Media-104111.wav,ChaChaCha,ChaChaCha,31.787936507936507,-106.4880722723695,133.59874602233106,80.51599309254075,34.967679932899294,-4.259871425115201,24.35868863877069,24.284713105033468,15.631515044878501,7.864280554492103,13.98610126919979,21.060432947486483,11.215151185107343,11.938404819173956,12.845689613874379,19.053981627712428,12.091994358084913,3.972593113344889,11.24118907143827,11.633852916817364,10.695656757288202,1.9151174298860794,10.51255920573763,4.2528407447555185,10.927260750820881,5.824704826541994,9.701568504526037,0.07482257326007326,0.046791526927720185,2164.0451958694375,795.171248365327
ChaChaCha/Media-105405,Media-105405.wav,ChaChaCha,ChaChaCha,31.787936507936507,-98.49618928599531,119.17753067071823,72.50295154785051,31.68076241011409,0.6602059273308711,28.506462276144735,13.376583891654219,14.6915931964892,5.801274762170302,15.839931770706485,16.95369504383187,12.473696803805607,1.4944777379926364,12.098335873786251,8.177436290770501,12.815225965663195,9.369730447226654,13.09901491606365,18.64499294497767,11.820665840521052,-4.111131034795084,11.599180917558984,7.185436668722664,11.48619160229345,5.801187718264718,10.112655230487453,0.10550702552655677,0.07679745473440046,2381.8268400244465,866.102873448508
ChaChaCha/Media-105406,Media-105406.wav,ChaChaCha,ChaChaCha,31.787936507936507,-61.75749713861171,115.70512691424008,68.63261949955543,28.44137644805633,-10.480834879306798,20.94397862348965,8.437508032674652,13.03874544869452,2.5936844183689853,10.030076149389501,10.522950590715253,10.602902359177746,4.319764809122854,8.639834648020532,14.166747699239355,8.88031180464918,5.87209285945716,9.25845067473349,13.541140524964035,9.249469747501953,7.703100419412263,9.680452175907172,10.059976412939085,9.5029114099913,-2.5367046218023064,9.356077367243888,0.13583590888278388,0.06469082165375205,2690.9526998047068,830.4194622611552
ChaChaCha/Media-105407,Media-105407.wav,ChaChaCha,ChaChaCha,31.787936507936507,-135.9459368192811,108.12318634767436,102.97006688791738,34.40843316504297,-8.004186458397848,23.018985476018,37.97597955661629,16.538559657973607,9.622901506510269,16.962133291553414,9.999165821018583,11.591879050674384,0.1697399598450168,12.619099245812155,3.522110974436327,10.16106017556256,5.45078228526977,9.850040834460394,4.63349256834161,10.593397995480156,-0.24689030313483865,9.383962755274153,3.695255068343497,9.164435951933724,-2.66562435656772,8.103878051943083,0.0816817622481685,0.049623296673109885,1918.9642033196767,675.3697540660152
ChaChaCha/Media-105417,Media-105417.wav,ChaChaCha,ChaChaCha,31.787936507936507,-121.9625435664927,118.98309775075141,41.02472829406209,29.374566892919656,5.067444892698194,23.08758263791693,26.087525199697236,19.373774677724125,4.7023338185777925,14.86951276329303,5.290956198201731,15.507867914282135,-0.18444778942223594,12.819394795212888,7.520437411358903,13.036549069952873,0.014477493987687388,13.0946919392033,9.264432998870237,12.556050860383863,2.3436641799708933,12.262656823803178,0.8338706246286971,13.201060749200803,0.07548508662981822,11.195301670376201,0.1562160170558608,0.10101131680905387,3157.7528900960865,991.1976055756338
ChaChaCha/Media-105601,Media-105601.wav,ChaChaCha,ChaChaCha,31.787936507936507,-128.46203979825086,147.41892027984142,76.96834695808366,34.762274043857104,3.4021682065984824,21.32140807847379,32.678149900119,19.7394450707197,11.751627691925751,15.939051207730673,16.996970082287685,12.794089109302611,1.484576295191006,13.951257962338941,13.997396246844191,11.235663484448496,2.9144433157722136,9.680447511085458,3.597371377511951,10.429377562980202,-0.9027774105746629,10.75435601750179,1.8753396427788005,8.966363930949132,-2.3519929294028286,9.690072635975913,0.08751359317765568,0.05913375188230844,2237.2696394277423,878.7281547903766
ChaChaCha/Media-105602,Media-105602.wav,ChaChaCha,ChaChaCha,31.787936507936507,-121.92500472558004,118.60981807833156,63.79059087091242,36.26278580056354,-0.2566551144663623,22.95591643544828,25.609475762005076,22.541788266321735,3.8477717836464724,16.074598914779248,8.182630429777427,15.518911258386732,-3.272471886741449,15.019468340224325,1.5256907066357879,12.718793914354968,-5.7571698260141755,12.226721722210536,0.19327464969623806,10.537811787512757,-5.753886157137993,14.762710776642031,-0.6704269447036186,13.480892313694607,-2.3380078029390226,9.944254106884156,0.12162674565018315,0.08924158464168395,2674.588709499759,1022.5822157490079
ChaChaCha/Media-105603,Media-105603.wav,ChaChaCha,ChaChaCha,31.787936507936507,-106.8320055548224,113.51635080451692,57.76911789017755,27.927458123014855,4.749432223111931,18.948304076223735,33.80822560221894,16.785684497899723,11.425621654432625,12.550983834280647,10.238778081926299,10.29190309914263,-0.06525738699390306,10.682069189253088,5.209218550084312,10.44354473822638,1.4553193274181062,12.57252596066361,10.468672373013082,11.580465784242048,1.3641260774950947,9.357705732271791,5.010155759742106,9.331720673073905,2.057278172359626,9.013061893574232,0.11967040121336997,0.07275913871755599,2759.4501742847992,889.8126027217828
ChaChaCha/Media-105604,Media-105604.wav,ChaChaCha,ChaChaCha,31.787936507936507,-101.96824514447516,116.91114410892581,58.08533806779124,27.54569212435754,28.630195678350447,15.630548450065293,25.042551156090546,13.278522743503178,11.621390122376415,10.975899480830853,16.758439204169097,10.088064112642055,9.173244211875117,9.778578709421678,8.303810566311991,9.516327415390064,3.756655155146258,9.487027006007331,10.023757926362938,8.91333635219267,1.0372032992438593,8.534449485598486,2.3633952134915384,8.961754816909915,-0.5126053776389116,8.595707035656154,0.09513078067765568,0.07298423141068676,2815.1169640342,865.4913800399588
ChaChaCha/Media-105605,Media-105605.wav,ChaChaCha,ChaChaCha,31.787936507936507,-110.57070180052033,113.2015129997674,69.40073065389802,34.56883083482943,8.168042615505673,15.89828509832983,27.432422089821003,15.334345548033106,2.0166883279340633,12.11907606018064,12.45006256699746,13.123038419848854,-3.4145881821471793,12.58926700139726,2.9639124671628703,10.190812585381469,2.278229824799441,11.600027074367372,11.103655320016005,11.21627575415564,2.2309345737399813,10.544531662651673,1.2956274377066759,10.012999514897475,-0.8768722311963472,8.72956159520717,0.11479080815018315,0.074668624921423,2698.4974490306345,962.2274634622926
ChaChaCha/Media-106005,Media-106005.wav,ChaChaCha,ChaChaCha,31.787936507936507,-127.83994142355183,109.80876709915987,70.54810480732667,32.973849160953804,0.2913877753649563,21.07298645791351,32.492813099975095,19.944644314207263,9.101522747356949,11.45194068533823,6.220537228976804,10.360287244901567,0.40792319968627405,11.577027336501342,8.312249527314073,9.48055770095974,0.9331434114762336,9.219130433006908,1.5786346344885536,8.077361583011475,-6.4216859594270055,8.133140626443387,1.0168344721182603,9.139348056585765,-4.32277003360895,7.922484741909156,0.12256109775641026,0.06725430255323715,2713.3598565032717,820.4524191114729
ChaChaCha/Media-106006,Media-106006.wav,ChaChaCha,ChaChaCha,31.787936507936507,-133.10395880968315,105.07409288584039,44.38637586029732,34.77792840511371,5.559104698681589,30.832010021728255,30.63828232560798,22.526426931702233,-5.829404414191176,15.061210984406715,0.28274022830194223,17.110812218781877,-0.4323823995441957,15.103539900518722,-4.559802326508066,12.48493858002429,-5.212855758282409,12.988926532952961,0.9248814827965771,11.40509802653952,-8.1727161898877,11.248981203319849,2.234280418203538,11.242850078524068,-3.172116603915972,10.498498690653129,0.18049486320970695,0.10953333494053477,3253.844324056505,1040.0830880788665
ChaChaCha/Media-106007,Media-106007.wav,ChaChaCha,ChaChaCha,31.787936507936507,-120.9221321430102,101.85210091902916,31.748874937148134,22.720491518335745,10.448041653960686,24.467814248901888,44.46767916240771,17.9125619051807,13.740491116255932,11.647629341005038,14.599596003841912,11.30299293268992,5.1725349498919675,9.196137500890858,9.519810724332187,9.406583175317206,3.5067945056080396,9.795216451206343,8.493425818272323,10.20502678276793,4.123163174084781,10.063958675841588,4.54755267804357,9.451396101378684,-0.0656150219497897,9.337977972806904,0.17340852506868132,0.0827352077744963,3285.0156858919986,784.521247468054
ChaChaCha/Media-106008,Media-106008.wav,ChaChaCha,ChaChaCha,31.787936507936507,-116.99524733149038,113.2538439419218,70.91177632826052,27.9113848708147,7.6214507009529155,21.35498791787845,31.089321948629046,16.445407682269842,2.675018297581944,11.662016938738656,5.912471436404261,10.812312908158269,1.394155504887241,10.063978759746552,4.3171901593741815,9.097452889852175,-1.1836569217828672,10.094558963660287,3.871781970501506,9.559195756369665,-8.569534421966965,8.254184961506953,-2.546591510062533,8.003414894242642,-6.670282264858364,7.698914123677256,0.12092777014652015,0.05896637200291814,2677.1559509188787,754.4212350028129
ChaChaCha/Media-106101,Media-106101.wav,ChaChaCha,ChaChaCha,31.787936507936507,-136.42339594212828,118.39947978743497,75.79562627288193,35.56709791164617,-2.690746343401816,32.369570684286,25.481552340632412,17.103163987746044,6.635405649922068,17.625158220180218,11.234517255100789,13.74137058522385,9.68781788959726,9.721824528744996,10.642953074228215,10.275821470572346,6.23288012984986,10.861600832719557,12.090398763113997,11.96962319979232,8.4236845370553,11.707126127108351,4.473700606898535,9.527223664744442,0.07962425674252903,8.300153120288122,0.09385445283882785,0.06593738391136961,2324.6036268557637,787.866436354037
ChaChaCha/Media-106102,Media-106102.wav,ChaChaCha,ChaChaCha,31.787936507936507,-70.11325734284785,115.3790742227783,61.20205694145486,29.413680953546933,3.117199802270316,26.62047225137498,18.12404790778949,18.304576049243654,-2.2343878771358505,14.001392379416163,14.422608059489798,11.533339633092707,9.843316103485373,12.36534097400288,12.539044700011498,12.966703718371848,5.403233904054539,12.10329144336667,9.945388663912453,10.514312097124174,5.093408871429849,10.56484228725982,1.9096095192007805,11.171321646261692,0.9350498604743822,10.940197578398974,0.11913883642399267,0.07691714371882298,2722.871041880068,842.6968973230622
ChaChaCha/Media-106103,Media-106103.wav,ChaChaCha,ChaChaCha,31.787936507936507,-128.2095044819603,113.26274507296624,82.80111204521877,40.062007034120064,27.570067684718023,27.822961685158006,22.5227352083683,22.22954184817774,6.004587042139722,17.35277281621277,6.034249710024082,13.91794801912703,4.617023606184003,12.441199538210046,5.529664066542179,10.958623191256779,-0.11591538447947594,11.256724566005314,13.061346631649556,13.035824435479428,-1.4804181079425776,11.840500507503103,3.4275834435380594,9.961048387091493,-1.3215678970083096,8.85055628307078,0.10372488839285714,0.08493329054485427,2526.4100922902826,1076.620459732986
ChaChaCha/Media-106104,Media-106104.wav,ChaChaCha,ChaChaCha,31.787936507936507,-154.07442206063985,129.49073412486058,73.89216663138666,28.817119984028494,-4.9500830292888,22.74974119628299,15.542238488077574,23.28948946934855,-0.7095891187849849,13.857123395867674,3.9691056634966766,13.85759560673398,3.026283930083652,14.034957058966404,-1.0416804346056956,13.675886609410965,-5.743562029905701,12.643782020190699,0.14230358379260502,11.523514923032716,-8.933179584504066,9.402621412741528,-1.2656904448970936,10.424531090584212,-4.074156775950951,10.054988489540303,0.12547933836996336,0.06804245146508965,2531.6264318659823,831.2427215548009
ChaChaCha/Media-106105,Media-106105.wav,ChaChaCha,ChaChaCha,31.787936507936507,-158.9669665007912,117.78296495421117,82.20947300895787,31.35711687846187,-8.627722256065567,21.733889448915324,23.17663730087569,14.99356993415833,1.8880359666811064,14.571572965223877,6.415321314316981,11.650537791656285,-3.1535519340104576,14.393243061418131,12.723211674187027,15.973204476429501,3.1046443491214317,11.827776713990316,6.750466021573969,10.896543591835,-8.039795563557314,11.849685339620049,8.164709598095055,12.134259115572712,4.6810631489806145,10.301442925194792,0.1043709220467033,0.062215279223767274,2353.138515327726,790.0010784542778
ChaChaCha/Media-106117,Media-106117.wav,ChaChaCha,ChaChaCha,31.787936507936507,-192.6478405511536,117.9324650157055,124.4831898721455,47.18579743516415,-0.05111645808920336,31.099180337846057,33.777332925711214,14.989600408382323,16.72579713738181,15.130015742270489,9.53052209359261,9.01039224397766,-9.80399985180965,9.541617442218213,4.128221057505819,7.846445629032179,-0.8236551348964833,7.9180658531666515,0.506733061466546,6.811005411831967,-10.245519448653676,7.12315546183762,-6.874121495104399,6.494452752630748,-8.590253162880176,7.675126774061371,0.04628834706959707,0.03232746341274699,1563.0197747323004,669.6734597047083
Jive/Albums-Cafe_Paradiso-14,Albums-Cafe_Paradiso-14.wav,Jive,Jive,30.047528344671203,-72.18789182526046,73.204744936088,86.12775364706683,22.24565789125095,-12.141257949497616,15.153899083537086,24.15768679002885,8.922250604190815,5.633364768200617,8.118316756991193,8.309850228148665,6.8340584380055125,2.8230829979188137,7.109745501504346,2.281408962494531,5.55641287961159,7.089368285427569,6.793016706230857,1.7382565481790373,6.830092707077862,3.558887568254038,6.468572995785711,-1.0906516171674352,5.968274353657803,3.472504130311153,5.824572303523371,0.10582805843338497,0.04576491476813045,2466.7438758912185,497.78533470867256
Jive/Albums-Cafe_Paradiso-15,Albums-Cafe_Paradiso-15.wav,Jive,Jive,30.143537414965987,-102.40615897866707,100.82930569051537,71.52735320445045,23.654360317575197,-13.432168137063666,21.95882267977997,28.743139371662988,18.01778752377741,13.886179764366984,15.487105593498278,11.666454508303822,15.557740394578405,7.6942198287835994,13.498858050675356,7.574309092397651,10.757026152873344,5.5889815140610635,11.54751640732881,2.7726273323782165,11.592202567595283,4.088525946779901,9.924592293624016,0.27663940231513007,9.543169459098689,5.845054459929889,8.729836478658203,0.10461699143339769,0.05671947197065052,2491.3432511650294,557.8190446358728
Jive/Albums-Cafe_Paradiso-16,Albums-Cafe_Paradiso-16.wav,Jive,Jive,30.143537414965987,-142.43363065350084,76.16740007678132,70.38196118614756,28.35290676600235,-12.198902580153716,16.70634987595467,16.51375099978953,14.767973987167949,-1.7441404658773005,18.939906689131405,-7.000652755848747,16.393194885370807,-6.861701852793896,11.455658002450878,1.0399180666210068,10.747756860530265,-4.546104744864571,9.928475649463422,-4.186092896042238,8.628126541562386,-2.165231014224111,9.613594397948953,-8.195036650608753,8.777050740269699,2.1224693326341226,7.564654106290954,0.13965145390926642,0.07224600797129367,2723.650078734831,712.3129218634633
Jive/Albums-Commitments-08,Albums-Commitments-08.wav,Jive,Jive,31.679546485260772,-124.47759498441546,109.66719231985982,80.20564161773454,20.58885100599486,-18.281384346775468,13.026088250002582,35.713364043781795,11.064640571473806,16.880388376968092,9.163767619131823,6.821546978830676,9.654401326076561,6.814867775383042,6.1120258411242085,6.754420440785534,6.137723132577728,1.5203104911325511,6.276494168281062,-3.968021756204203,6.399666027438446,3.2373895689068726,5.897400601802839,-6.784055016338529,6.146965258215516,0.29910497465844604,5.053900385186961,0.11137871108100661,0.06429933562319433,2449.162711692805,496.45690416273044
Jive/Albums-Commitments-10,Albums-Commitments-10.wav,Jive,Jive,30.71950113378685,-144.24443284174248,106.31406780889023,90.53518331652174,25.075352373219133,-0.9659069298257735,13.503127119533923,36.9533026365081,17.649157948605144,13.8149500827437,14.2252856289153,9.31082689611893,8.488879676258072,6.288170928334513,8.044574845141511,6.935199331224841,7.581622559376773,3.3527393937968157,6.8419977128279355,-1.2839210888604407,6.553559837889934,3.197360792029178,6.458438993973988,-3.1438631632511522,6.820543303724688,3.6129841109975405,6.192647306660448,0.072974909969674,0.04558477291977673,2112.338371130247,566.2991221591337
Jive/Albums-Fire-07,Albums-Fire-07.wav,Jive,Jive,30.71950113378685,-113.16200058574132,95.38727093212117,103.28594437338204,23.63629851433606,2.9046229480352737,19.165199203154312,32.805327705392145,15.36568666363988,10.789263903747672,12.995068529437178,3.884205819413767,12.061888561243135,7.557012205210126,10.822473738249823,8.759731692343983,7.444340322817802,-0.21710256701772151,9.16617085896529,3.0755099899270406,7.542127376331578,5.0985337487189835,8.008557365508715,-5.1556711671321445,7.169342787667549,3.6695906242694907,6.518333248608624,0.06426802975739196,0.02770338650402177,1921.8320334163523,472.405837737438
Jive/Albums-Fire-12,Albums-Fire-12.wav,Jive,Jive,30.71950113378685,-128.85266833125453,96.69904911306982,97.73222639950016,29.524469626149617,19.29578622292332,17.397266370766797,46.51765204238023,17.4459732478799,7.117546844712741,10.53400929419566,6.2945202588110645,11.221601435929541,7.573505464227144,8.892084800042147,3.1770871259002162,7.0334914986601325,3.810892422054639,7.505406818387897,5.591913130694411,7.044824437533686,0.8802996113837176,8.813358352514411,0.5381810135283795,7.4091482962462845,3.2268879660540706,6.791663781544895,0.055518577639310084,0.047789466015413604,1877.0163569374704,619.7496190723723
Jive/Albums-Latin_Jam-11,Albums-Latin_Jam-11.wav,Jive,Jive,30.143537414965987,-164.5549975098246,107.3310882388828,91.3124178477362,22.468019846520303,15.39118736993632,19.345003289852325,29.01839947456298,12.20048220666901,9.154994385081872,15.357462195428111,14.228322344884488,8.696154089744324,4.979327553008055,10.653002381096117,7.937469722602784,8.347274696448801,4.2309519171735435,8.569633066005386,-4.117198778445123,11.674656344689037,0.023103436800474494,15.399452735532718,-4.614691361610194,10.764602822426415,3.997922747616536,9.733050091035155,0.0603511854488417,0.03575953227867698,2041.607654035807,562.4152789166216
Jive/Albums-Latin_Jam-12,Albums-Latin_Jam-12.wav,Jive,Jive,30.047528344671203,-64.09426847002527,76.11119294282918,87.04564669388579,19.821334415526184,-4.041199569363249,12.557227443485363,30.69331583512839,11.227066341587692,9.146640092853348,10.056074215976164,12.032550704771603,9.18118037915451,3.7244144008955744,7.349115381436226,5.545523043772439,6.489073995895356,7.299635937684379,6.370790034048886,-0.4899042304585848,7.049812171217826,3.0078621167293202,7.087093948036613,1.028977632949811,7.565007533894295,4.381652257496364,7.039025039319153,0.08654908077556157,0.03258028411488418,2317.8463961941793,493.19931988296787
Jive/Albums-Latin_Jam2-11,Albums-Latin_Jam2-11.wav,Jive,Jive,30.143537414965987,-66.7413083920627,68.7423040575407,65.05581748040726,14.75916294041544,-16.668380746487614,11.899842517137168,33.59591808959396,7.53714639502838,12.172757909883826,8.7970169816461,9.600772532188733,6.9991436752486775,0.7345143702145424,6.6435163719243935,-0.8140016073774851,7.089452572348847,-0.08400571945672221,6.220391706233265,-3.045707542777915,6.498687598407071,3.5815089562238414,6.858289737664929,5.844023376132306,7.323495179634747,3.3664046553443963,6.73757790283901,0.15367549469111969,0.04021570017448332,2864.5006985248065,341.2196110265163
Jive/Albums-Latin_Jam2-12,Albums-Latin_Jam2-12.wav,Jive,Jive,30.143537414965987,-39.97384502804034,66.08019183101848,71.12260344748873,16.612553956872954,-23.398914585704357,10.936469467090669,30.290000489316984,8.631589544598908,10.756041217221778,9.13291366812131,7.245220914634795,6.72071887198048,1.8956994140357952,6.5715357205846185,0.2374427563034992,9.023570340767067,3.396474379348892,6.697819794099143,-2.577844626078877,5.566777399177296,-2.6931205279805877,6.129650988646132,-0.22946431718891955,5.787529214460723,3.4954858795218566,6.270694562089563,0.1518852557915058,0.04162022805536863,2731.806064758586,347.08424197445237
Jive/Albums-Latin_Jam3-11,Albums-Latin_Jam3-11.wav,Jive,Jive,30.143537414965987,-32.26687905152034,83.47420740985964,72.334948928636,20.08172937301376,-13.99684136993475,15.130327455893232,29.195102390772306,8.131737755186284,13.27830947288677,9.305835417925868,12.359418640170789,7.29714325301828,7.715864188391031,7.152001983936567,10.090772002137971,6.767907808801311,8.890661630449262,6.1728186542404755,4.760677073748988,7.530768596972039,6.479881174482348,5.80291188114793,0.3078035793803856,6.6158611929342435,4.06887284652496,5.173471790032512,0.10566670185810811,0.05461401682396322,2721.86284135675,549.073809563424
Jive/Albums-Latin_Jam3-12,Albums-Latin_Jam3-12.wav,Jive,Jive,30.143537414965987,-42.592916929814265,61.216070857977805,77.17685868992861,18.89111621808253,-6.358282585830746,16.38368017368019,16.408696118762858,11.125147889965174,3.906914368463096,8.736637802151137,8.996794908592632,7.47235334313302,-2.096565561265869,7.865686866853696,1.4561632088644603,6.516759731435544,1.9188883673266734,6.090765107507925,-0.35758543571078194,7.244077060595577,4.358709189603576,6.923909516411069,-2.8305641691693535,6.837843063786533,3.36420124347166,6.2553190957684786,0.12998800977316602,0.04267479911775645,2800.4538321260407,542.5877489195832
Jive/Albums-Latin_Jam4-05,Albums-Latin_Jam4-05.wav,Jive,Jive,30.143537414965987,-44.11240339505106,65.3741132105894,74.13409383431421,11.64855918495134,-12.819237443698917,13.694780224397897,25.696209803959547,8.095370826018831,12.260168520435766,7.890277020563561,15.74612096051016,7.646591721483617,5.392554425501614,6.022312713319526,6.392516470199292,6.386788712426929,9.198963344564566,6.221995104557321,0.7107245924606902,6.430181063602626,5.367929712852636,7.0523500018175085,-2.691950083138872,6.409247193969997,2.0904744332352756,5.535654243319109,0.11511447273166023,0.035807296010673374,2623.592677328535,295.35520509353086
Jive/Albums-Latin_Jam4-10,Albums-Latin_Jam4-10.wav,Jive,Jive,30.143537414965987,-49.33388116521615,60.434541824611095,107.59659394479004,20.13954667659176,-3.61191566538791,14.271909505946132,19.822504644798578,7.476493899850727,10.687973997459169,6.1227687652447935,12.117560856589913,6.769281278760566,3.628568504220547,5.90887333352791,8.663861891763466,6.449796691967647,5.313370365108895,5.359648077110203,-2.8646401022298917,5.150789321756427,2.5486003493367564,6.336573103035684,0.47782289061323546,6.575582375622202,5.496625823699634,4.864407304175776,0.07092747043918919,0.029714018237455876,2065.523655844518,359.3061310003468
Jive/Albums-Latin_Jam5-04,Albums-Latin_Jam5-04.wav,Jive,Jive,30.047528344671203,-127.85156873624221,74.56281506857265,83.76982739039947,16.756045828608038,13.720288189964556,17.089040678180993,32.907411990975746,7.542513333944698,6.293860825328797,7.762607171540725,13.83450540236053,9.19637667225846,-0.5277494835120163,7.248979096761749,3.6495109693658576,6.600767445088568,7.087073911101808,6.5258885361438095,-3.2170153293773773,6.546245944081857,3.377233230382997,5.984109441219494,-3.632693603245638,7.119263907902862,3.418423533711115,6.3376300779249055,0.09118605066324555,0.03223843607610379,2490.035222654692,379.27815045094434
Jive/Albums-Latin_Jam5-09,Albums-Latin_Jam5-09.wav,Jive,Jive,30.047528344671203,-62.90015227373181,58.663527458906785,105.24561405288307,16.3658969906228,-21.744983748611943,10.536401242380341,13.771679323231231,7.380926233009165,8.954594960590432,6.755573508335029,3.0233596407025716,6.946745481098423,-1.1531828966711903,6.4477806090384195,5.722441317261998,6.553722765541929,4.584234333853529,7.038563649985357,-3.027028080533821,5.826654425924633,2.74333273557023,5.71402357543723,-2.4198702620926027,6.987040978816121,4.9775437542013545,6.643923377077662,0.10436056714756003,0.02062168347288406,2177.2810749523283,334.8460110506736
Jive/Albums-Macumba-14,Albums-Macumba-14.wav,Jive,Jive,30.09233560090703,-90.12582389511378,84.98472014563349,115.68166738585947,19.628771288125005,-24.525700305396104,15.259720186690169,0.16374264805047717,19.112202253938026,59.876077838021075,18.092801568136856,-41.26719159571552,15.431716419844411,38.02480814813955,12.085921430824696,-4.071983798112638,9.725973194986304,-20.897043803847723,9.669530765684963,43.573613498694954,12.009632908135965,-43.91827022939731,13.445440551529433,31.36379708828439,8.513042193215714,-7.044983825287119,7.865182328702133,0.11854954769736842,0.0332527040219576,2556.33479580575,317.6868675078125
Jive/Albums-Macumba-15,Albums-Macumba-15.wav,Jive,Jive,30.09233560090703,-106.55191750760011,74.67645510491533,122.65289932261888,21.95218244845714,-20.529493184258083,15.94035450896859,-9.898852568421482,15.998203918897756,56.87966885746985,14.310106896698043,-42.36266161765998,17.822504681143126,35.35670715080075,13.576309294481925,-5.394376999294762,10.405344741114677,-18.038573263737344,10.237657126100233,35.23795957904604,12.86270162515618,-34.87253601846474,12.455838252751269,22.23090945085343,9.885176545062809,-9.623879737318031,8.089470960860098,0.09570652633997678,0.03085263155311629,2304.9053273350496,310.983937306958
Jive/Albums-Macumba-16,Albums-Macumba-16.wav,Jive,Jive,30.09233560090703,-182.30167920248394,84.64364931766909,102.11563267003504,27.169156496871704,-36.33936879455299,26.02013591212941,-25.310186362087016,28.31818068725879,28.0311292841237,17.01230900065586,-43.87491521060068,21.778593948763096,26.64318679945909,12.989227529182173,-17.32349748490048,17.111163768150536,-35.71507567360032,15.329645430982968,27.799527364435754,12.996017142903357,-29.7626553083213,12.364966955372806,18.116268332814382,9.748423509118208,-14.776259906609258,11.411412021831806,0.12664435891544118,0.04903250397986172,2536.7961441988928,591.0225685286218
Jive/Albums-Pais_Tropical-13,Albums-Pais_Tropical-13.wav,Jive,Jive,30.143537414965987,-95.55600684132747,92.60284356681645,81.21132212581183,17.003698510910958,-13.446722052099881,13.113697640021188,37.678464148865245,18.4648966731679,15.364876471833751,17.74181320968859,-0.041536118604188786,11.09627581410128,-1.181449700767652,9.235366970056056,1.8301580479407615,8.905372742112986,-4.472195329234324,9.770262093667641,-7.627825507881674,9.123391451271791,2.845108223930694,8.380232950616442,-9.265042196508782,9.073626662199159,-0.6010831843141651,7.325706597545683,0.11177116011100387,0.03508956097095615,2413.716434370791,359.955554898226
Jive/Albums-Pais_Tropical-14,Albums-Pais_Tropical-14.wav,Jive,Jive,30.143537414965987,-69.0413753273335,79.76671524114991,61.33161132829923,18.650942195554247,-18.219340073677266,13.861673907399213,29.09876454471154,12.721315978278815,2.771661223023362,13.307759331804627,8.620059235601666,9.588161710846302,7.2058955371144435,8.543304906151603,-2.849106158122965,8.355536309229334,-3.8296636469538856,7.89462126332988,-5.315742055754581,6.9932349536645715,-3.140280748393268,7.378042403127852,-3.3514176526214254,6.5515096571480935,0.3635217849941887,6.40600269614509,0.15564822635135134,0.05092432252223257,2928.511316793937,461.2378274128643
Jive/Albums-Pais_Tropical-15,Albums-Pais_Tropical-15.wav,Jive,Jive,30.143537414965987,-78.43224831594985,74.2338623232925,66.8586079779182,18.5410004043587,-6.382792642218972,14.219621689657473,32.21251041342642,10.072114820779296,7.413004638112694,9.620865891186966,11.070101639757718,7.782379326844932,8.058075714228545,8.559577507965468,6.1043847444993045,7.9671895850139265,3.649769363768405,8.34598094144033,2.0457703398910945,7.249215215475066,3.523806028609211,7.60682146358309,-1.3420777898971925,7.689314554067395,2.064073312086177,6.280514867964339,0.12341525398166023,0.05755051617671997,2765.283400294121,509.93644635850876
Jive/Albums-Pais_Tropical-16,Albums-Pais_Tropical-16.wav,Jive,Jive,30.047528344671203,-106.15718164276174,65.47724764975986,85.30128890750116,24.45994524765706,-31.27537707076458,15.941764808997089,5.278573617781765,18.835176294110976,-1.3317028003486702,12.498119822947258,0.8098404229685603,10.494293449005871,-1.6390940351981396,13.921882523909417,-5.540392739531658,12.004386863062347,-4.343788583505901,9.955550897981182,-2.8840925628768983,9.900049348181536,-3.140140864494047,10.789834276140827,-7.416621436503093,8.617459934213189,-4.568604889795063,8.654284211211088,0.11386446432029435,0.05314997322722969,2347.1975608352914,576.7761289278883
Jive/Media-103515,Media-103515.wav,Jive,Jive,31.787936507936507,-111.0003274522748,125.35758428062968,112.68496853338513,35.9786820938147,-13.346247644408253,18.10149847777739,24.86365521569369,15.596466505523297,4.492931005037519,14.979020524655372,-1.7246715407304152,12.047580338033821,3.638328492813048,12.837824172776713,7.0115648504781465,9.249760748031765,-2.817124272838285,8.716127222166453,4.354611381153701,7.985487296549746,-2.9452318913341795,8.053313660378553,2.9240389133716067,8.149095596545262,-3.268895945541026,7.732639039363274,0.08355547447344322,0.03358312660286822,1827.4728184673618,610.0745009911216
Jive/Media-103516,Media-103516.wav,Jive,Jive,31.787936507936507,-131.5952917096061,130.3716879003111,73.53192647773817,32.64099097617906,-5.024136695496403,22.014064326174953,30.989364017461536,15.615200057476788,10.798760431924757,13.751938264896667,12.868423927115701,10.19639459912648,0.8267865668586093,9.938471690034124,5.582004090276136,8.251211529525492,-3.333208015591846,8.918671390880652,5.695567365097371,8.281706650804486,-1.3056323923342668,8.696714988701732,2.564350742027495,10.347550169144009,-0.5499760560058402,10.728310772403256,0.09843928857600732,0.047322531356947646,2234.404797153336,704.8923976282537
Jive/Media-103517,Media-103517.wav,Jive,Jive,31.787936507936507,-132.1086849137236,130.678689462095,72.08228892049334,29.732654493034847,-10.529789677540103,23.637812347043912,23.126566421552628,16.587005013028378,14.34860826845018,14.59956874086334,1.147750080888955,13.568281675031173,-2.14303872002344,13.32763282649383,3.5118821766897024,9.703409063881109,-2.877389641761218,11.694814714657666,4.265174777962606,10.500826022945109,-2.2237930846908704,9.271939905641974,-0.9460674274883581,8.408486090295261,-0.19511588437742788,8.681510831367927,0.1271874284569597,0.062086463918835606,2456.3966962341706,886.3007106984282
Jive/Media-103611,Media-103611.wav,Jive,Jive,31.787936507936507,-201.18711350783647,113.30047430987942,73.46189633554337,28.025281816591086,4.228084526518636,23.947812562732818,51.415069240727505,18.186024158645395,2.3596426472756176,12.227578712743716,20.005899888039835,12.060087414776564,-11.711387759331268,10.541964127286898,17.156696004068458,11.325928269800224,-6.299822918292564,8.571652767529569,5.289432344572551,9.155379683755237,-6.067912803463491,9.172003792542627,-3.1834216899290393,8.49173614351437,-1.6600795700226287,8.2238934300236,0.10102306547619047,0.07703024663480398,2264.2500855283092,777.0844547789031
Jive/Media-103612,Media-103612.wav,Jive,Jive,31.787936507936507,-120.11104359810253,127.26750371430967,81.46913968487011,30.721919579055005,-6.3720705911115125,27.3973820715026,35.36181463019413,15.49403098072278,16.147395005151218,12.54768601573866,17.34104947229972,10.690646638500754,-3.3354905301600772,8.69928039059367,8.426173186883988,10.215490723202965,-2.810553517558893,9.394560264740484,7.505805292892422,9.069302972846218,-0.3028062683891416,8.146192394312997,0.9259506938746436,7.590196808277311,-4.687466922210576,8.240881165853567,0.0907083476419414,0.03953357234965477,2157.91103828504,701.0096247166009
Jive/Media-103613,Media-103613.wav,Jive,Jive,31.787936507936507,-179.7875887670022,143.77514912337162,70.94272732388549,52.320988787691036,0.4874923382816939,32.01492633581897,5.609311777568439,18.58942500988852,-9.165864188605592,17.23393933337685,6.781094289955031,15.153681377442922,-16.446349247218112,13.061926597057397,-3.2140511416071815,11.35733625620571,-6.3987028350334825,10.130801901652024,-4.583468336757932,9.412207359284896,-4.653579199348437,11.00320794706142,-3.39875627201522,9.201420265722632,-4.7779301549246975,8.78331935148428,0.14762190934065933,0.10669237570685974,2720.2259183593605,1298.2509365718809
Jive/Media-103614,Media-103614.wav,Jive,Jive,31.787936507936507,-215.66892815176405,146.63605233430053,41.253706533380544,34.001962507607395,16.44250412815526,18.18295361219905,25.93960616674531,19.09655956016446,5.05856755240501,16.42934864659728,9.571646354863843,13.323400202616716,-8.014723467037932,16.49941486468224,1.3434271808305598,14.900971299673575,-3.8681552091268006,12.640934293399482,0.2868415638611488,11.448897034197152,-3.711926762375412,10.725744615875122,-5.582989979150075,10.706776151023176,-5.9380492002253575,9.746287558540027,0.16141361893315018,0.13186901508616963,3183.3388377084952,1311.1425967700138
Jive/Media-103619,Media-103619.wav,Jive,Jive,31.787936507936507,-228.01914430453934,128.17232536560792,62.47341435498312,34.298458963265794,-22.982532044793192,26.013399921109663,15.523264347798817,14.459661638123633,10.350236485250422,15.885111966606061,4.0154914532485675,11.83079731178256,-3.4851732236628385,13.000498446221968,2.882012917314068,10.321230552758983,-12.452613534647579,14.158546321705492,0.41370220740618124,10.345883544475612,-4.315503461629661,10.110352569607894,-1.2822876226332205,8.970005338198124,-0.1710869325129783,8.358868775213452,0.14361979166666666,0.08784401798524517,2711.5087597764696,1064.5074110805526
Jive/Media-103713,Media-103713.wav,Jive,Jive,31.787936507936507,-115.92584647556747,130.8942809445333,66.9722320111208,30.542125467049264,8.650460680842823,19.520421071499783,42.0456353382836,15.425224497466168,8.141615626457675,10.427443748245905,17.189577936472155,14.479607915471792,8.088623461073299,8.253761570484073,14.713729579561706,12.420489582167418,7.55380690633637,9.649229485949375,9.880063649775744,9.832777720770403,-1.4621220980573295,11.464619280257008,4.290543261828573,8.714325533378059,3.2733136983506204,10.582725665381785,0.09756360176282051,0.06700431828721282,2407.9288560035457,879.1009926123045
Jive/Media-103714,Media-103714.wav,Jive,Jive,31.787936507936507,-113.36328094746479,124.45709825699986,58.39671438735039,34.68029852072029,17.587194991682292,21.41740808006478,14.856953402844479,20.033075950235112,9.283506285655115,17.367374966941078,12.56898152008069,12.955689800616524,-8.712545938251035,16.154164248708923,-0.19888259255746923,14.259373317828151,-4.094883625534202,12.90216805342394,-2.244217986800779,14.726504748633964,-3.204248486091416,12.635348238060155,2.283120267127382,10.803148152927976,-3.2470026520785424,10.253310252164855,0.12908009958791208,0.09668249404453107,2987.1593339404303,1141.3461575651963
Jive/Media-103718,Media-103718.wav,Jive,Jive,31.787936507936507,-129.90816431829464,130.3508239982947,68.74377967995358,32.88879092777776,-24.057359107632973,29.707197640057743,33.193863458571364,18.553623451913158,-5.522648963052064,15.477834817379106,-1.9761246808637487,10.740186600303689,-1.462854694444116,13.40634474634911,4.605124700025622,12.452024209375482,-8.109189271639886,11.846353186269525,-0.8184953366880698,10.340253631369153,-7.775875721478512,9.939868346330467,-4.157142687092303,9.151276271853241,-6.832214707500957,8.879637331340435,0.12998225732600732,0.07356868972677416,2456.7676224143775,922.66474025707
Jive/Media-103719,Media-103719.wav,Jive,Jive,31.787936507936507,-124.11412260555257,116.30160476543118,88.91918610659219,38.512112975571505,-5.348095972223499,19.28232547146078,30.180567831706274,17.18267796572591,18.119902428470024,14.331227883700262,8.278899344127717,10.384897734968254,10.242396069422423,11.638427519054195,7.751615647882719,10.32174211536682,0.81458004367957,8.547969573682346,4.9398633172471,11.821367288574098,-6.323327325626289,8.593639165974139,-1.7187983794266997,10.13468431075624,-7.562401765344539,8.583306158430736,0.09619534111721612,0.0635207564649882,2091.2079190479944,796.3510431092398
Jive/Media-103813,Media-103813.wav,Jive,Jive,31.787936507936507,-113.69994303432865,131.1348123787156,74.24774221632963,27.56295792938833,-3.8979852459910314,15.69970894032601,27.20211463332989,13.237259760764669,4.494881800402002,9.57403569975958,7.454989258273001,7.8898223873527416,7.80510674138015,7.561514838588822,1.351709978861658,6.896511658087148,-6.409575064034563,7.889085774364917,-3.9426098959707687,7.198752366034826,-6.648865891920616,8.444914812592367,6.228577079176045,8.54894846342385,0.09740113468072757,7.922988425506449,0.11986464056776557,0.05285669898884209,2416.0602431704656,733.8509202916094
Jive/Media-103814,Media-103814.wav,Jive,Jive,31.787936507936507,-105.76523091973138,129.72626786227283,75.19027864962466,35.89945981573018,-3.606763039937707,24.27980021949691,19.85979152140494,14.633514923572772,10.468857738761818,13.42256497524262,15.990207098500381,11.48569142089845,-2.619823729142844,11.37934445212669,-3.322420158719462,10.389500484611522,-10.73590485849208,10.461477279946443,5.043065625308701,7.9812865628251295,-3.852861047535917,8.592773770248447,-1.105491148769633,7.756790303578009,-6.726005323024202,7.82691946710624,0.11517821371336996,0.06849976301985355,2403.2624253515432,949.9041009365661
Jive/Media-103819,Media-103819.wav,Jive,Jive,31.787936507936507,-170.37461300323938,112.99224099895268,69.13571239526303,25.272109745584526,24.96815073053289,22.48673967862784,26.97082162262737,18.266343220531173,14.782814074546172,12.660634056058491,24.60318895894951,15.849264223677084,6.05677702647797,19.09537044148009,10.446258305474057,11.24449951201078,-4.8987929229465195,16.218645599899762,9.48234076802419,14.589142091597525,-1.8365690806387451,11.256342488006867,-1.5363166422821908,13.052013966862646,2.494300883597779,13.634623458759505,0.0674629407051282,0.060806178547056666,2128.041595853777,843.6035039727984
Jive/Media-103917,Media-103917.wav,Jive,Jive,31.787936507936507,-146.87674469241838,132.48655282293976,70.34905048543399,36.90266616442529,19.319840973583993,27.62028436956456,35.89103896247364,19.979857100069562,18.242857182098312,14.473799752676836,12.212506493397926,14.62300382210036,3.9054315623559046,11.272286175254607,8.337596443076325,11.07943010168687,-3.971988460349148,13.356843428216912,7.216018072150561,13.22129629707252,-6.134944937470142,10.381306443950878,-2.5043839697658394,8.781540346863878,-1.4765124515538526,7.94778927833028,0.10433765453296703,0.07558781118244041,2449.5240283748626,960.7785153263027
Jive/Media-103918,Media-103918.wav,Jive,Jive,31.787936507936507,-125.23062182478688,129.26473079575953,79.88793865917008,37.71712871050012,26.147773398688926,24.582494214647486,29.354462956442347,15.12402411801621,5.113869211638784,13.490885683586088,15.495302687624948,13.485681312339336,1.820055355410284,8.734131223829344,7.886356224279527,8.243725521852733,-1.1804727714731182,9.232648282488638,8.502153151095811,7.411042922453741,2.7660761837682175,8.910288109287801,2.210195978812968,7.498217260659608,3.0030069765340386,7.557617646903824,0.07853279532967034,0.046359447021188646,2300.872533538886,906.0791288353201
Jive/Media-103919,Media-103919.wav,Jive,Jive,31.787936507936507,-112.37297249350713,138.15703513459246,82.01881588811173,36.591378316868415,-12.116352563821145,27.736731212831547,35.71145116641949,16.450469238296254,8.167049675439154,13.980726163438069,-0.6863663983538821,10.887592889223036,-9.713327963528725,12.10084688457275,4.271326163859134,8.366281914239705,-2.6317840456455492,9.311418069592333,1.9988460550508171,6.888957713614102,-0.5642587120340495,7.6882299942254635,6.208315393160218,7.279962969577973,-3.126514745322079,7.731264405283055,0.1244315905448718,0.061726057882809625,2352.6299580794703,882.3522536161973
Jive/Media-103920,Media-103920.wav,Jive,Jive,31.787936507936507,-64.00095034529645,135.21782500543398,72.69906289545408,25.927979755654324,-9.50932738131956,13.602863802438137,35.86573563935153,14.80670106002703,2.8646975426181958,11.265551774978231,7.027098895750356,10.783618531574826,-8.155936713234002,9.247317726050643,9.420412208470621,8.68855854747963,-12.14008751515158,9.579008254224732,2.1713807309616397,8.813694080609551,-4.446096656572704,7.375817364373749,1.7197576548370503,7.775907166676797,-4.807255038150726,8.299220201595583,0.13194575606684983,0.05248701434546278,2473.0112451389373,709.413872788405
Jive/Media-104015,Media-104015.wav,Jive,Jive,31.787936507936507,-194.8406929864409,130.14428196832034,105.68174446743555,42.77680024348632,-11.698556887371284,22.98055618897473,30.41642007991188,13.952341687870938,16.23941013751452,10.634759458330915,14.262906617520583,9.546969867979712,10.038691318461813,10.825881363649811,12.543267114560965,8.476071322583996,-0.33438677137666695,9.504996356789023,7.531495167210523,9.258669816872963,0.017312686427594384,8.35942618630623,1.6118729483098762,7.722484227862594,-3.0686915600881823,7.3284897037355705,0.06655040922619047,0.040300085412183245,1786.53256989148,727.4064880403387
Jive/Media-104016,Media-104016.wav,Jive,Jive,31.787936507936507,-150.8151628928508,138.19509541099103,70.23625556071613,43.28096526591582,-2.2061342885747326,37.91343572673995,25.69147501714942,23.927737175734745,-4.985184940274196,14.06722894578878,12.092662918412184,15.336024074265879,2.5678828278417245,11.907417773999743,8.60132881829718,10.447908291325396,3.247077729019253,10.175855135771307,5.577783808226058,12.492789179368957,1.9633459077339124,9.285305578827458,6.89829745944926,9.52896833227814,-1.2232081427396193,8.155675795646204,0.12596761961996336,0.09963053804324214,2487.183917554193,1074.595144875675
Jive/Media-104017,Media-104017.wav,Jive,Jive,31.787936507936507,-141.93668030013717,119.78537970824337,84.382717597751,32.72364318907321,3.7095020760698723,18.720327977578997,31.414805571415236,15.677919389520088,22.531756942283863,12.029356864156071,-2.998597152698354,11.751359841658143,1.9548606310042838,10.883371325436666,6.588526848291469,8.898241574057415,-1.7772941346030102,9.825865048093583,2.2821877039667133,9.37597436795473,-0.6282175447957974,8.790777206995193,2.8895910363446893,9.569167369779962,-4.116985406815244,8.986670029451782,0.08936763106684982,0.054843747097248,2173.431845951604,824.7230659857065
Jive/Media-104116,Media-104116.wav,Jive,Jive,31.787936507936507,-92.63464933027858,117.17131900550702,66.81029130062579,28.76154917600304,-5.230657069090206,22.199060138899227,34.488977816174604,16.93807828399321,7.896725226909816,12.160123578121137,16.26302326050336,15.259078889935417,-2.4009724846432365,9.139252445505937,7.683430749826655,8.670584168215253,-7.663420959814144,9.698093897974386,4.692524630417676,7.934646021356964,-5.708635753890523,7.057654582816957,2.01026778339385,7.0740496175812355,-6.800551768797147,7.4067148985265066,0.13080607543498168,0.06644635293565838,2702.640177903239,814.4790315766109
Jive/Media-104117,Media-104117.wav,Jive,Jive,31.787936507936507,-150.16662495017127,145.2383272720362,70.46669804853433,50.75630446149142,-14.098988062991964,36.4390428615953,5.050086155569185,20.37663532880224,0.24109995783741123,16.376807355050392,11.62320037654385,13.936435857742593,-3.138893872833605,13.521994770838559,2.6437401256275823,12.360395374105623,2.411076494053552,11.307667051436557,4.576375258699429,11.031595111487187,-2.418266357196973,10.680810709652018,0.35902419048758566,9.228755549179036,-2.897839217129979,10.103527257192477,0.1799908424908425,0.1199825873101183,2911.781539930764,1397.9978195518277
Jive/Media-104118,Media-104118.wav,Jive,Jive,31.787936507936507,-83.8460995539479,121.69390327447557,45.55387056442663,30.691074211664972,-3.2784397018612323,28.24086662164828,29.64972315459616,17.774279127514788,4.548277040875604,16.237639591016528,0.9454704431286157,15.691848636437117,3.2682820946180065,12.363978743071419,-4.7796221936144105,14.718415558463066,-2.4256735731922454,14.746084838959755,0.37753597876586636,11.13949465875121,-13.023298229823785,13.190125016459401,-0.3055249914631538,9.406835212068804,-6.9700734811973835,13.221567801675619,0.15728272378663002,0.0710737959072129,3019.341205965937,867.8524680255199
Jive/Media-104119,Media-104119.wav,Jive,Jive,31.787936507936507,-89.69263259247926,117.88552933790284,74.86228962202048,24.715499203840075,-9.062759996163871,17.020754854054463,31.779061995578342,12.410701395656266,8.123712376130637,10.620517234872509,8.988818639535854,8.369525015870773,5.408088999426103,8.815602382187777,4.265647655173471,10.021767965211495,3.104675816780706,9.01664343210759,6.684271506260519,9.836728050064805,3.13373070197612,9.979458350652601,8.848689366573984,10.282459311271966,-2.2411290187675723,9.689558299353475,0.11838477277930402,0.048093463915457414,2420.8431891356076,696.1019736977817
Jive/Media-105413,Media-105413.wav,Jive,Jive,31.787936507936507,-96.9335680922596,109.78915875119138,81.318254947579,41.310302163650334,-5.758354541081366,28.586916892333345,33.50721172538307,15.090351493382279,12.07852154144776,14.218882169406944,8.059272512060991,17.415467856713423,-0.6812789005788312,10.54942139558624,9.410436407295823,9.806798040507662,-0.3157553465875492,12.9239996024771,9.518887202788862,9.529776442102765,-0.31603166759144014,10.920211956150544,0.8453285243288268,8.658255604105543,2.8597964248630805,8.151170306691476,0.10990906879578755,0.06986561513653602,2425.075349166471,906.3619429786725
Jive/Media-105414,Media-105414.wav,Jive,Jive,31.787936507936507,-81.81414526649279,116.91929371228308,78.54638664284471,27.937836370273065,5.825905970172078,23.385248536142708,30.153977855048893,14.869042480451782,4.288370946407382,10.889238430050838,6.578805102857672,10.482350470998654,0.14051323303068727,11.673098099363903,2.6021631197937185,9.3053583103828,0.643288965923331,9.959714255027734,4.030859810892225,8.453791313041602,-3.7621140434448956,9.141219049591594,2.1277812359593904,8.542438986599553,-2.8878676943595436,7.805868224985965,0.10390303056318681,0.06736217039027444,2416.5009603644107,796.574058781588
Jive/Media-105415,Media-105415.wav,Jive,Jive,31.787936507936507,-58.08906624595856,112.73520003731714,84.6879515407294,23.301424364508065,-3.629589723246075,14.883406786213085,19.205965251417535,12.83482352439655,5.055824015132973,10.993059518692483,0.42425777416924726,9.401803818133931,-2.485359902460744,9.06930927626184,0.31731512354199093,7.186746704650367,-0.1748552745031809,8.780688222408774,5.023166561389351,7.414745387523427,-3.235423318137197,6.575220662305392,2.493379057200262,7.500497608012484,2.0392662949715343,7.111544004470739,0.10149346096611722,0.04443015151463144,2332.455491670904,590.4560038130294
Jive/Media-105420,Media-105420.wav,Jive,Jive,31.787936507936507,-167.8058933438831,136.142160332508,67.88971352472903,39.493944969222575,1.3347934567613249,31.679343059025584,13.37457875646,23.039195375881185,-8.860268698748783,24.74517636308571,5.512243982658045,17.420232776404873,-9.043385690278829,16.51913474918472,9.867726221945853,17.06299068949728,-7.243554622629843,17.634318068816146,2.912109898677182,13.84088694495699,0.11034794830255792,14.166765191978714,7.118615267349571,11.898242435932579,1.708693458108166,11.593887755548641,0.12523680746336996,0.11396436521841538,2494.6993890326276,1179.2033529174978
Jive/Media-106015,Media-106015.wav,Jive,Jive,31.787936507936507,-75.18023268709277,109.8319272423494,82.51665707627575,29.917082313077863,-27.971995949659753,17.288612431635986,33.198500770958965,17.33132435238399,1.058969903007729,13.880395459694356,13.616664023154769,11.321738062273724,-7.88176463936332,11.652415378812416,0.9690534440106996,9.403836932158821,-5.013800949796484,10.3951739007664,1.3620188915753402,7.927507860794109,-7.062694370062968,8.648634092832427,1.4349204224107652,8.171522855220221,2.951965781119742,8.968561993475328,0.11826815762362637,0.05706780817335192,2349.918111903754,593.7453475850447
Jive/Media-106016,Media-106016.wav,Jive,Jive,31.787936507936507,-105.24759786964303,104.8814925412802,36.55901246055297,28.231628843930622,-15.881705158106481,19.97699227849925,38.81735690634458,19.099150678012194,7.61639970641334,13.309185355278407,15.053260272109913,12.139046281219374,-0.6720083133643028,13.526048882767663,4.132081537166204,11.017299476017488,-3.5196795406480446,12.653207975911991,7.311567061733372,10.102938915800657,-0.5079580756863632,9.704139207451744,3.792089016408201,9.725598635694801,2.983848143790981,9.562519562733913,0.1726337139423077,0.07464663747953679,3068.599029586231,751.555168179285
Jive/Media-106017,Media-106017.wav,Jive,Jive,31.787936507936507,-103.42692521652143,124.4747579971685,43.86216887250945,23.852023474686103,1.7408485860853664,19.386419130572065,33.59762131502921,15.565771913472496,3.5191193510953016,12.635773127333067,13.342245629372153,10.121171987760063,-2.5616627691002782,8.544938553717625,5.093714980389611,9.35241458224341,-0.29257857690376105,10.109554984076418,1.2790188708229349,8.856995329635033,2.0629061335923966,7.730761374142841,5.005187035649605,7.589132127657855,-1.5376349824194984,7.050255689569644,0.16793941735347986,0.0932720189500096,3184.1991865643336,812.3500699853244
Jive/Media-106114,Media-106114.wav,Jive,Jive,31.787936507936507,-53.50848783178252,106.09764537638308,66.12621243647405,25.406197615884047,7.3472345245095445,21.511866137255776,21.899504095126304,13.173753924112095,3.3752096594224743,10.603692547490287,7.819115776432719,8.82129843180208,-4.75364663064664,9.59773375646792,10.420548661442897,8.399492933306234,-5.916795395999486,8.902020498431966,9.481194420565346,7.874370925162633,-3.7969468560054693,7.4942860760213055,3.774220170925567,7.372515499449265,0.8294763517108383,7.851407314358887,0.14686856112637361,0.06681418502575635,2926.2941297397865,758.9266982603108
Jive/Media-106115,Media-106115.wav,Jive,Jive,31.787936507936507,-96.87231796267797,140.1059596567457,61.53576628145484,33.84449586972401,2.7637833649808443,30.441559662110535,48.68064988436005,15.746168253977569,18.40202975325912,12.053154961135471,15.786654204874546,10.224078865210135,7.318136281327278,10.434071434791175,3.9592744814972796,8.442260467354428,-3.978570940666851,9.861450241609557,7.449240575005477,10.125830866462298,-1.8915503046042719,8.348431678731261,0.3364346103396589,8.326886399515727,0.6377125904762823,7.703929798368922,0.12822015224358974,0.06827421251688694,2617.520709902802,851.9290628543954
Jive/Media-106116,Media-106116.wav,Jive,Jive,31.787936507936507,-40.603236692913434,112.67283181545301,57.24559874681435,21.488481127900098,-21.0466019043916,17.883052793138123,32.46890541172054,17.891182678050015,10.159270852664624,10.108827233669228,13.659379504648536,8.429450950212457,-1.2834658605717697,8.33971993994731,6.397598925408275,8.646561342103404,-4.072470509300941,9.48241222845764,9.211647217523021,7.80036379440067,-3.46166496948201,8.735892693973987,3.8394954626228723,8.282273220931772,-0.6823740132770822,9.115650173925275,0.16856613438644688,0.05402681238742335,2851.0762274946583,555.8511376279117
Quickstep/Albums-AnaBelen_Veneo-11,Albums-AnaBelen_Veneo-11.wav,Quickstep,Quickstep,30.047528344671203,-153.37431708357337,78.13569012489778,93.91475237779133,22.31247701949383,-2.6889279205206114,13.362282661051406,20.66212951298831,10.681813032906406,-0.6084290184073846,8.76064226588424,6.741528369735515,7.91039404072738,0.3591044865848832,6.630098437267273,-0.3470566658253362,6.554031885560426,1.022360731792086,7.186414771118893,-1.9375038962415339,8.472903454611767,-1.827954731020315,7.434212671805573,-5.797956896302233,7.223278242598941,-1.9162000705709274,7.276513047176926,0.09721335507842757,0.049781664275605174,2242.040941873327,551.0895560941552
Quickstep/Albums-Ballroom_Classics4-18,Albums-Ballroom_Classics4-18.wav,Quickstep,Quickstep,31.787936507936507,-143.68943922413024,138.64934509602344,83.95078592747436,31.042007285985182,2.834829900948472,25.818043599442397,17.324025653867746,20.76755353984375,3.2233922510837365,20.125470185973132,-0.8393890621955247,17.975296121784723,-10.310487153263772,16.228296358688365,-2.0230559343207593,11.00203016771985,-4.305172092790315,10.493283909084735,-3.5084482352063495,10.559167826579007,-5.537898819975246,13.515370158587366,-4.66690874526066,11.96233452091614,-5.486060755934278,9.695188578161321,0.08684967376373626,0.04606879765778287,2159.3937851843007,757.8243055434837
Quickstep/Albums-Ballroom_Classics4-19,Albums-Ballroom_Classics4-19.wav,Quickstep,Quickstep,31.787936507936507,-146.14546550958616,129.90004763376837,63.23409088664471,31.701017409475188,15.682695780053166,21.63078104587811,35.82772469062056,18.460498329178904,15.279788920357772,14.773575171637637,12.130762474504206,15.895861347641702,2.7832269171304516,12.661349998480045,8.725617585155797,12.803272304663816,-6.965444937107442,14.38023752476715,12.626874195683644,14.962999091770822,-9.582453252310096,12.716008134137967,7.587619687005172,11.676831457965493,-5.253930160503223,11.62910641158903,0.09506674965659341,0.06326910423104071,2587.511755662274,948.5192489820793
Quickstep/Albums-Ballroom_Classics4-20,Albums-Ballroom_Classics4-20.wav,Quickstep,Quickstep,31.787936507936507,-125.70028096154594,137.5670877297121,68.16607639506601,27.3032287250553,18.633336059877333,19.578386775309987,36.36481117400622,15.590486965936408,8.37215267987244,13.106709036541451,13.512964225105794,9.071206555557982,-0.4761761654279509,7.429695790771254,2.5038022811693,7.490213548894964,-5.607344192558955,7.663512037177325,-1.1838055857720449,7.773224568046692,-3.6153509392667904,7.796352471928249,4.580134252692491,7.974192189603841,-0.22219028090205192,7.858171454151068,0.10495507097069597,0.05650515924543995,2466.254667778867,806.6109159849328
Quickstep/Albums-Ballroom_Magic-15,Albums-Ballroom_Magic-15.wav,Quickstep,Quickstep,30.047528344671203,-188.37586990476888,99.17911592457433,72.46367300319567,54.04857345969058,0.6319020118526961,13.350235761551271,28.70713664284736,14.221386130002799,10.972901439460033,13.712809261487864,9.716138616627946,10.984237748463485,2.7165214769639636,7.772829633653588,7.412198314013048,8.746294331416703,6.640184250435241,8.52536400326813,-0.3884341966542498,8.159324530053546,-1.085849144419996,9.758357771060584,-1.654909094827355,8.193605704704854,2.301924097067814,7.636871658543739,0.13368391750580946,0.14067901205503008,2685.7038629370295,1389.2095976556232
Quickstep/Albums-Ballroom_Magic-16,Albums-Ballroom_Magic-16.wav,Quickstep,Quickstep,30.047528344671203,-150.1834254088404,89.81154315136644,93.96957189865655,49.723402805808774,-16.29076276363434,16.57913888065974,12.558435780878968,12.86774292187735,6.025941866972324,11.33750791872739,10.069460626575772,6.856779686070189,3.011267058329449,7.294422712879619,-2.3494303664850644,6.163862148303883,0.43204954556960895,6.972712417627435,-1.0338740809692468,6.092706722802729,3.2894222844294827,7.311780180956587,-2.1612242732658338,6.377665734980293,-1.3469516401583068,5.378276855164797,0.14249869892525174,0.11910422499872576,2466.895840727982,1166.9186536021407
Quickstep/Albums-Ballroom_Magic-17,Albums-Ballroom_Magic-17.wav,Quickstep,Quickstep,30.143537414965987,-164.7216440603871,74.91987632104735,94.56207856903676,21.95417322902068,21.359197900251026,17.800495312120834,33.11065242563302,17.037189392427326,4.376100026822196,11.275800628261537,11.349793382975816,9.275368350146715,4.238823240006139,11.836808277281925,8.088795927051745,11.001033695513543,6.0798226249525005,9.603864781982203,-2.6217931311060045,9.44295006318084,-2.8218475590938508,10.194228986690234,-5.686345019474612,8.887858977531236,-1.6114380345275752,8.434409130899445,0.06310742941602317,0.03712822498093284,2032.1866659681805,500.6434395242957
Quickstep/Albums-Chrisanne1-12,Albums-Chrisanne1-12.wav,Quickstep,Quickstep,30.143537414965987,-185.20715845062637,99.7147257332166,93.05724140656872,31.447934156475068,-7.699064302697703,22.136539450175196,23.85864457573714,18.63422104365127,4.728877057359111,14.52139357261426,2.7487511798919737,11.82372356629077,0.9506432525902769,10.367986443205538,0.06227583886647483,9.359836624842133,4.315182747192373,9.548742188940011,1.270665242131682,8.531384442556826,-1.4489560493274212,9.82538195543108,-2.9606853623665477,8.056343515353499,-0.0946387909568081,7.70144326227321,0.10219783120173745,0.056971836316598176,2249.035865808964,677.0080421478533
Quickstep/Albums-Chrisanne1-13,Albums-Chrisanne1-13.wav,Quickstep,Quickstep,30.143537414965987,-199.24192174748447,80.96599213892185,103.30669262767518,27.5794150004274,-13.900677852917854,16.784694020793637,13.342470274411136,13.829532316183915,7.031830644866325,15.85356118356226,0.38590624412533575,9.280384307223988,-1.4663999518387894,10.784357260466967,-0.15709231556117162,8.20112944809823,1.844978359544589,9.625912242717416,-0.039732706525867,8.541083306498038,1.4343707119996483,8.939819830995166,-1.023426729447498,9.754375322306245,1.6397527865294816,8.018788418226379,0.09233568110521236,0.04101608763548793,2076.3164390788065,530.232172520432
Quickstep/Albums-Chrisanne1-14,Albums-Chrisanne1-14.wav,Quickstep,Quickstep,30.143537414965987,-143.54940128674937,89.20783437676285,95.6649576144268,31.05241793349862,-13.548526914910987,14.614997667019246,19.975846886674727,15.20807143480242,6.556878224325812,16.01117793483329,2.637771940366234,10.205161611469398,-1.5927407403814746,9.945389068262891,-5.597395577882749,8.135292460420589,-2.6030307562929433,7.980482330649444,-1.0853245278121337,6.848254556678453,-1.8542284104197009,8.037704316126197,-3.7371196787594765,7.14137968687719,-1.4058328794564925,6.381755811280522,0.11484676640926642,0.059593641759111846,2286.7814809930533,709.6166687732581
Quickstep/Albums-Chrisanne2-11,Albums-Chrisanne2-11.wav,Quickstep,Quickstep,30.143537414965987,-143.60432719331968,89.79430795714926,112.96862964721286,24.999925128650514,-4.93995899030303,16.275305370565164,20.237329125822114,12.418446041781404,5.327214275947717,9.569715872551003,2.852541995982242,8.613680558922312,1.218194126360964,7.997834602697103,-0.38326072031915676,8.866497467529362,-3.431443613898345,7.11747901485427,-3.2511490147385396,7.351931393723682,-2.213626258626182,6.88288483088816,-4.143024699378538,7.043481706461173,-0.1992013324184009,6.307449782222467,0.08043858590733591,0.040825911636707665,1920.7569840506812,525.4326172846398
Quickstep/Albums-Chrisanne2-12,Albums-Chrisanne2-12.wav,Quickstep,Quickstep,30.047528344671203,-131.1641717613084,62.414373541119346,97.16673100927062,19.90437403244943,-2.7803334616008333,13.135351793052942,21.378574526344515,10.351557877940737,-0.5817966095000299,8.971794522578067,6.56872441652819,7.871251422830866,0.34605141080409435,6.779316872840822,-0.583135024267754,6.797779847841754,1.1988142879344355,7.3479616946536455,-1.9599278538216938,8.485612636806705,-1.8773114057843716,7.359459622678143,-6.118546979405314,6.805969108995668,-2.3520909235166356,6.955661556368313,0.09523678047540667,0.04839259451962611,2209.373943095366,491.8280541966379
Quickstep/Albums-Chrisanne3-13,Albums-Chrisanne3-13.wav,Quickstep,Quickstep,30.143537414965987,-142.1829266381989,81.87119514122874,103.1904234758259,23.95916770333775,-3.9403505206897984,18.672340152082345,31.512287044268774,12.782333756838897,14.425456754711456,12.311312371919477,3.5457986696797144,11.900427132374176,3.3429922353534423,8.854776796364893,5.327216796946792,8.59878134073885,-0.10925622743111489,7.93647870760528,0.4829420021207436,8.552438324191131,4.763416575895508,7.633775209877082,0.08413880698154699,8.258747372193646,3.8616451103320624,7.395809189110523,0.07647690938706564,0.03813915543368844,1953.7529367833883,458.0314555945435
Quickstep/Albums-Chrisanne3-14,Albums-Chrisanne3-14.wav,Quickstep,Quickstep,30.143537414965987,-108.95076790083735,83.74069829792015,105.5895751150021,24.198079635967247,0.7411179801443877,14.573367723017004,22.4803863032963,10.06879339462667,-1.2686744811310438,9.296428442619804,-0.07658191640718245,8.742027871128435,-0.478239450361113,6.093184701126052,1.4766289579705028,8.014479197457344,7.649990551223647,9.914126108415777,-0.42932081798776794,7.108348875627724,-6.6368964006317865,10.537464123812734,-2.436989507389399,8.778993709397916,4.284483259521363,8.725911523145996,0.07743009471525096,0.03251776456736102,1988.7147568922458,471.4701976298488
Quickstep/Albums-Chrisanne3-15,Albums-Chrisanne3-15.wav,Quickstep,Quickstep,30.143537414965987,-240.17013146944927,120.34674928060205,78.11113888771126,46.3616115730894,2.0003951885356632,23.60056202010766,21.163451454192412,17.584772128370332,7.018097253553484,14.824523718219252,9.49398070086645,10.73061388454596,-3.992375581895625,11.515201654146994,-2.4580665922424725,12.698039799793776,1.812556179580287,10.610844758626623,-1.443254464943166,8.916810990313405,-1.0207147777878822,11.42076084217376,-5.144194494870459,9.014128582154322,-0.032302632827359325,7.745223564365903,0.1208011583011583,0.10830917294743828,2567.854337826057,1153.536684881139
Quickstep/Albums-Step_By_Step-15,Albums-Step_By_Step-15.wav,Quickstep,Quickstep,31.787936507936507,-163.75638330168726,124.00033066080928,71.81547910392926,32.14085314738797,-0.6027039854333753,19.34552995613571,28.76790767531629,17.219315642409715,3.513888616275608,11.064137728275153,8.166173287596562,10.175735520209072,2.308615814570823,9.264694657781824,1.4266194561696697,9.918708594640252,-5.702573277384391,11.65878858127865,6.1032160137532765,10.881462871643057,-1.839815767070219,10.545424607639863,6.893741819876529,11.104830663751805,2.1117733338154783,9.16357881694106,0.10152350904304029,0.056639959362063654,2304.0843060740676,720.3979953788266
Quickstep/Albums-Step_By_Step-16,Albums-Step_By_Step-16.wav,Quickstep,Quickstep,29.350022675736962,-101.57188436891272,92.12951921991535,73.68027670666187,22.833396905076583,-2.434345684971321,22.431786822147643,24.566713387932744,15.197627684874396,4.382007361969483,11.124777078257289,2.5771913621305824,8.80703316882249,-7.175308716941867,8.210907471749879,7.714467818146187,7.222215006527765,-1.8965693705523645,8.796915423002758,3.6971435052002803,9.214703175040748,-0.7600049830438645,8.184451767413586,5.963737913492871,8.171617783015455,1.4039508638884475,7.806346726778035,0.11480572524286281,0.050708138351799714,2711.1917866798735,470.40538137398863
Quickstep/Albums-Step_By_Step-17,Albums-Step_By_Step-17.wav,Quickstep,Quickstep,31.787936507936507,-101.76805439388056,126.9370475331851,70.86925327037044,31.689851472272558,0.6808034580973007,26.63112050645911,23.30513094373394,16.522541920446116,12.919619057443217,14.32321269302255,11.455929515432187,11.751679344538193,-2.9517493801647507,10.834132600263034,4.9838429384701675,10.511196723404954,-10.725321984703276,13.324140817932424,4.899501126989307,10.710900017627468,-2.681269873424051,11.12219793113743,2.7431680696019294,9.431237705883456,2.8786768276412973,9.296879614095708,0.11465201465201465,0.07267298799762328,2541.7841266003757,946.4270390948423
Quickstep/Albums-Step_By_Step-18,Albums-Step_By_Step-18.wav,Quickstep,Quickstep,31.787936507936507,-155.72323382751108,130.76635426584818,96.61573305121254,39.247743059720996,-9.482574175969233,23.302632287246936,23.741847242371257,15.501798985180482,9.275697660744417,8.187057134892882,16.618746228110002,10.14932287312916,4.561701750170089,7.212174023141369,8.719965584132272,9.417337850285104,0.8594549975243112,8.876137806950593,8.710413748673506,9.505898756591975,4.30390543720595,8.335949065279852,4.998602306268261,8.672923930808524,1.607975813906519,7.668272312929603,0.0667042267628205,0.04936220025961394,1846.160917674886,736.0437147748012
Quickstep/Media-100614,Media-100614.wav,Quickstep,Quickstep,29.95301587301587,-162.30336741881493,93.98701424403181,112.43608036066256,21.284618166251107,-15.759199531282178,16.11264385535889,2.4438623786701266,19.37948763100299,48.12689362122463,14.45497289727895,-46.34032408797667,14.013597980935016,30.922452833160744,14.285528436414364,-4.331732052373018,6.801361897295853,-25.05598264818074,11.444098585466673,35.201600756948274,13.356421286493687,-41.33164531058322,12.215278853518889,21.88008797231511,12.656722518860649,-12.04756699222288,9.462847012153672,0.10230972978227061,0.04217597535782495,2434.9560421446936,363.66364678164285
Quickstep/Media-100615,Media-100615.wav,Quickstep,Quickstep,30.231655328798187,-113.7592484152777,76.28691827025776,111.52336977234009,17.94645253552192,-23.450508610700695,13.719373871047205,-4.823195479949043,16.393797868142737,53.72955100484685,14.333012878796804,-45.59743472828576,14.404249619316504,38.99516248140544,12.281786586892132,-7.806639476532102,7.850942948590485,-26.060902208994985,8.965595486839096,46.90007076873153,13.059651503413125,-40.462665413140165,11.08665102867352,23.41259531733025,10.429797729832618,-12.025088962920275,9.65901457290038,0.12791426413231896,0.033241814958808756,2685.882324620305,316.4817266004487
Quickstep/Media-100616,Media-100616.wav,Quickstep,Quickstep,29.95301587301587,-166.1175212643055,100.89080429616301,109.63405910074908,20.460123582943364,-16.478514835622814,18.510533029871773,4.0327494056139015,22.528453716579374,47.47292667660436,17.593636840994712,-32.34990838054184,18.79763954673347,32.49719596817487,10.496151809878587,-1.0632336520637762,8.232524280132786,-19.564930474010236,10.00500598362766,32.89012701604936,12.846075964970645,-36.86328269366315,14.037099797432516,18.48739667207908,10.26083894513657,-12.155696489343285,6.731197103685227,0.09411753985225506,0.045135490277554424,2322.771942847219,483.5135658164068
Quickstep/Media-103312,Media-103312.wav,Quickstep,Quickstep,31.787936507936507,-133.24446226471153,136.7602863397194,94.19298281057593,36.75031380163071,-0.6439492510137665,17.76679063254013,35.69545409600205,15.63125248609015,5.673572031553561,10.340147336191219,11.022101726817654,9.436285792594582,0.47903619702554273,8.215902337298319,8.976567349265189,7.563711688676368,-1.4809596418428002,8.4389830442678,2.8019777924660243,8.59674497399201,-4.082373891759908,8.84599038676797,1.7554867456488505,8.37992208019847,1.9685598034300678,10.02205625600645,0.07837432749542124,0.050233379242807484,1960.0158359325378,750.3759812541649
Quickstep/Media-103313,Media-103313.wav,Quickstep,Quickstep,31.787936507936507,-187.00863462885098,126.7426129357144,87.53200691403491,28.971592601360673,0.5609335709865326,21.232647743650666,27.900371441872267,17.745666889991107,9.568824149480836,10.172178020544575,3.3424893004438196,8.392963407959167,2.9509059431090425,7.7035420319378085,4.270356437694461,7.04653095613584,-3.0330793149907285,7.356360509908923,-0.7566382341805998,8.548593471881082,0.6162138265176057,7.5031293433365605,9.101140171682628,8.302032558722443,-0.5558291505933349,7.109955315718939,0.08631810897435897,0.039253314609109004,2032.6502039674144,614.8652994978884
Quickstep/Media-103314,Media-103314.wav,Quickstep,Quickstep,31.787936507936507,-124.68349236493258,126.20217522285976,87.56888476634727,30.090196394248252,-0.08650214415549251,19.36641280456791,28.021038079764264,14.361864941860969,2.900338610635159,12.252045018562677,5.6958071135844275,10.332689739244314,3.255103064824221,9.999509017250062,4.786765993308344,8.586529385905962,-4.583291963749511,8.960767379615563,3.779251449938071,7.815113992430604,-0.3487376829653154,8.055364833337855,1.4561973126414978,8.195036889779617,-0.4534634540513634,7.554788841572142,0.09613989526098901,0.04694595799349014,2140.4897825120506,713.1495200363535
Quickstep/Media-104216,Media-104216.wav,Quickstep,Quickstep,31.787936507936507,-114.69309168361109,138.82337256951402,52.483009880196484,45.9914655378946,3.514827683900123,27.038051170878028,34.11761115380287,19.227737471683273,6.398441531276594,12.491052109031266,10.604603085748332,9.628387300878757,7.48463726582431,10.417611461440956,2.657324100072269,9.52926013438093,-0.2021975081691959,9.22094115706078,5.434150220446208,8.865408480905176,4.574484370671285,8.942059427226317,7.883419197697604,10.695864138193775,-1.7139426853783342,9.50769211277503,0.16000279017857144,0.14867337060776376,2940.79928738028,1386.3928156860734
Quickstep/Media-104217,Media-104217.wav,Quickstep,Quickstep,31.787936507936507,-116.02148456883633,130.17007420434288,90.31718802985641,33.004786257481605,-10.179902057637376,24.093483238487977,30.738299823146644,14.181971070211931,4.871394812245516,10.985867664635489,11.641976395147744,9.651200131375887,3.543291581439329,9.405831707126268,5.477334398941416,10.139491684067963,1.1203462651152727,9.751399628889502,6.427777731039988,8.181729588989255,0.6048782076656227,8.170008329218804,8.015307490937992,7.736053509172419,0.16009427524664452,7.698540175618932,0.08392249027014652,0.05882966976128475,2145.4572869200506,785.8558016662544
Quickstep/Media-104218,Media-104218.wav,Quickstep,Quickstep,31.787936507936507,-80.05295594728543,133.38835799627466,66.09895115527243,29.2171363917011,-15.967536314634053,23.88213129277327,16.54153479987787,11.404370632930053,2.272828456926486,9.447179362942489,3.441486621081051,8.829997729392336,3.925700999017701,8.302151202455272,1.2781592241756725,8.606914170662634,-3.744192611011616,8.532512020496208,4.550067800815747,8.643632059896053,-2.27915177940236,8.521535971418658,1.4743945661148665,7.715965488295507,1.8684222563584354,7.451928776456807,0.15271613152472527,0.059637550073363785,2797.9630159021885,855.7804244962593
Quickstep/Media-104219,Media-104219.wav,Quickstep,Quickstep,31.787936507936507,-147.7485951870619,122.4304996530544,88.71603234115533,47.56557792975371,-18.19290762522109,19.79699187540742,25.185807387994583,15.958433259055568,3.511912272812997,8.991560925352976,13.460759666875175,8.975549839703541,6.8454448857515136,8.823486305952985,8.892052503066532,10.46541097633664,6.93912788225123,8.801842668911465,8.488051435439823,8.567262414052173,1.36355610715492,8.912414789191967,6.924187656615041,8.193743114893136,0.42932456542280906,7.209715205689191,0.09226405105311355,0.09046175917963326,2151.2506675115806,1028.2098511490851
Quickstep/Media-104314,Media-104314.wav,Quickstep,Quickstep,31.787936507936507,-147.93966724601927,113.41299591970683,86.98811652985198,30.785096819548365,0.7682700150454977,25.635759996619836,25.135696290530085,15.821752345363464,5.962614267749631,16.18831102009108,3.813513605157285,12.938453840194914,-3.1924286572087635,10.948763952970829,7.764570028870348,8.762660274440579,-6.224833903267887,9.876460923880114,6.995591504136139,9.439391250566395,-4.176879279186503,8.270920469351225,2.8940148740151446,8.639058698273523,-2.1168851000990747,8.493300063505048,0.09809695512820513,0.05806958851813312,2263.94848688507,787.310734293906
Quickstep/Media-104315,Media-104315.wav,Quickstep,Quickstep,31.787936507936507,-210.7178794404874,112.56219655452868,92.66645740504404,46.88505873620673,11.751533289377951,22.70713182814155,36.263033610011234,21.829128725526534,11.000820421353993,17.399283395592608,0.10831012367040198,13.058569897351468,-0.4874337120769747,12.139588823628246,-2.359763597102135,9.020270649834288,-9.141153043810695,10.113322255656385,4.120830872146474,9.926428960379482,-11.178038109872777,9.790686960696469,-2.429932772338893,11.921779022656944,-3.3908695896615497,9.231343964590483,0.09716618017399267,0.07452879568000392,2093.977036547443,969.9006798334714
Quickstep/Media-104316,Media-104316.wav,Quickstep,Quickstep,31.787936507936507,-152.82192686169316,105.62867676502022,102.16756255646878,35.19748224355502,-31.505548296540606,23.674632410113546,23.29612509974604,15.593772589787772,-2.2020724192541627,14.381091191455067,5.4943912170978475,14.593566163793925,3.2269877002458403,14.59348699767995,-2.391061447470848,10.746029641453834,-1.3486431952897635,9.969733564966955,11.459445524006235,11.550189081401811,-10.182862273184755,9.507326088395141,-1.425884023617529,8.876198714321278,-11.166413446131061,8.729233057572106,0.1106928228021978,0.04440374447486297,2059.1125010677247,608.8842405049757
Quickstep/Media-104317,Media-104317.wav,Quickstep,Quickstep,31.787936507936507,-182.8932628069374,101.15816373603946,137.31530911056612,39.64210033877609,-11.709766507606409,22.540411519777887,27.592371032331588,15.315762966228316,-3.7871030405713695,11.367607898784806,-2.423508470083725,9.771431154152387,-14.995627784345308,11.549890174874223,-0.3455476485581684,10.631880263623353,-17.65979761942051,12.525425844059356,0.621256340978754,10.36810244711364,-8.147110280875031,10.456274171680047,-4.044512989743136,9.348178431032641,4.693836412541863,8.803177455724496,0.05801961710164835,0.03565108909084016,1406.0034147580482,531.1626725681718
Quickstep/Media-104415,Media-104415.wav,Quickstep,Quickstep,31.787936507936507,-104.05126259766405,113.31909386659802,108.85133597108185,32.69337110129003,-15.703928909681265,14.06218616554374,27.835075212225032,13.098311991461308,-0.17427862981962705,11.627883535437109,12.093270176011368,8.689178319256257,-1.1181568610637704,7.1392927925225385,2.4429033874107553,6.376225767573173,-4.483207542973174,6.698035191267633,0.1453891682659619,6.464892397540092,-6.15287478414302,6.490335790344153,-0.8900741501559211,5.584249677998643,-8.739737828765186,6.0754054999779346,0.07449383298992673,0.03236719481192651,1867.7418745263924,604.5531135404196
Quickstep/Media-104416,Media-104416.wav,Quickstep,Quickstep,31.787936507936507,-221.7237611200722,117.39239932495506,47.751031264847576,42.225394087049175,-22.045874144051396,30.082028018095635,25.39023849647795,21.05962677089172,-8.666499731050806,16.081434323063167,-2.2473369442977194,18.218819190892543,-1.8121586895149548,15.747230990353879,-4.338602787623061,14.330553021495701,0.3286108089671284,12.003560441361433,-2.3282110373084985,10.080836567585706,-11.776151668409138,11.170323482398416,-8.827725641717329,11.392565581777903,-9.46069590183604,10.524608892914303,0.16134708390567765,0.09116983363845589,2909.0516132256203,1035.274698159682
Quickstep/Media-104417,Media-104417.wav,Quickstep,Quickstep,31.787936507936507,-123.2713701180756,108.90104641445537,84.80265943781599,30.108380087752774,-12.404183141359518,21.247712393574673,36.20906865111958,13.344437986445,-5.717126478306801,13.066695889188427,4.668837318950766,11.851670437224369,-9.120453379366241,10.5711724665292,3.617096549569302,8.14273226895676,-14.767989627995243,10.75692088484804,3.263770635927153,8.686959880722839,-2.482731760147881,10.115423259194754,-0.3388773925402386,8.479213087222579,-3.4217664165963675,8.621214619032447,0.11625243246336997,0.07318709311544545,2245.954844704664,790.1256459944972
Quickstep/Media-104418,Media-104418.wav,Quickstep,Quickstep,31.787936507936507,-219.33185450828677,103.46980590067925,94.31210937978898,40.01853650977323,12.223108850765591,27.767795172451084,28.829664283234518,20.56486088042779,-8.628756973710363,16.726141927516046,-0.29867438681575653,15.156992874200824,-0.20790094029746733,16.666730856044513,-5.940358865343512,12.87034691181248,0.740661331378685,14.932180815716821,0.5121412103023361,15.012052532632087,-9.066484856387719,14.632249396777436,3.8448456229438195,12.549883317882195,-12.736926665307706,12.263669312015358,0.08484002976190476,0.06292312855872279,1994.9855471240044,847.6186315819476
Quickstep/Media-104514,Media-104514.wav,Quickstep,Quickstep,31.787936507936507,-204.54667091415465,110.05966058616212,62.975350998938566,39.921880961116415,8.329670491423945,29.406978746881315,23.99845811820573,21.69579724646727,2.8356061923764715,18.017710924906705,5.531494662088941,15.47453220100889,-3.1969186404050087,15.00914596077384,-0.5426768244955917,15.15231805873275,-11.40552297755022,16.668713014991088,2.3342007323313414,14.78774458367146,0.629417480243115,15.414716278715982,5.516493062138071,15.55781979628701,0.05939202295967013,13.919328310999932,0.12716990041208792,0.08879898018101152,2685.0703701870452,1112.8110339035263
Quickstep/Media-104515,Media-104515.wav,Quickstep,Quickstep,31.787936507936507,-197.29013134193127,117.4057604063004,90.6042092980398,40.386420835759594,-23.462857532949435,26.474730133744988,22.89158866749164,21.179472750291374,-1.8046800886221515,16.703851218075044,1.3195739287047763,13.949869065544075,-0.4853325986617821,14.699939132439154,-4.13619571659958,13.617446778067091,-5.061656610055589,12.195459055059574,4.782584370110181,11.057797218325806,-10.557562795745401,12.434442425084752,2.056547206943579,10.439667043134731,-14.256706803572547,13.314322791009772,0.09807728079212454,0.05634804171774651,2097.2290898201495,737.0739284585643
Quickstep/Media-104516,Media-104516.wav,Quickstep,Quickstep,31.787936507936507,-145.24095733562427,112.43265070412592,114.11527254724237,34.58715484980325,-19.64601104987904,23.614055815238768,20.40169633569881,17.466731918763784,-6.043358465057179,14.026613419369042,1.7253732164694575,10.991611893778316,-9.25123497440147,12.691084865148637,8.435606301127004,8.983509145233906,-11.812216249032245,11.55231260260335,5.14950231636767,11.344402290169727,-5.696260244291573,8.372989975888547,-0.6168763660486771,7.554653614541611,0.9138899728636313,8.824308889455798,0.09027873168498168,0.05372993326602753,1854.9475954591105,632.1556476778339
Quickstep/Media-104615,Media-104615.wav,Quickstep,Quickstep,31.787936507936507,-285.5554138856047,93.41252641740431,97.45663616461808,41.82643145592623,36.730836151669244,34.08948151631425,41.08153921746434,21.069634128292236,12.68043893601227,13.768004818077364,12.920032002480482,14.153795519077336,5.849125710215433,13.660695134185252,2.0751220564387896,11.253119140361388,11.908906147015484,13.77173099558161,7.425197955085594,11.456265346885353,-1.6229830127451867,10.244863191311545,2.784377091628341,12.792966000316097,-5.667940133443552,13.703843853583825,0.04890896863553114,0.03949474274067315,1676.3344824302362,842.0782820270416
Quickstep/Media-104616,Media-104616.wav,Quickstep,Quickstep,31.787936507936507,-176.84628051700716,104.1920254848577,143.44976011290177,42.87594256360743,-14.96053652910712,26.20496743728948,36.012878239354755,20.817782414293756,7.228673222894358,16.047957034597157,-1.4314489877975487,11.766808945723557,3.8221020339946254,12.858484152888234,2.6972879424932956,10.900698788071692,-1.4986877733427646,8.985327657336265,2.2830055800246205,10.875981519061348,-4.190028794678953,9.143220077509204,2.550934451367898,8.961628375233799,-3.2943192374144084,7.882980887215575,0.05479409913003663,0.027580088456347282,1372.242248236153,539.0495079548416
Quickstep/Media-104617,Media-104617.wav,Quickstep,Quickstep,31.787936507936507,-145.29197835631044,107.96087934566505,125.17986844425661,38.961438192081616,-21.436965518049913,21.59543838441685,27.254547146661036,15.741248061505113,1.7190492405013058,15.225286031393399,7.646274704848653,12.819675525390105,-11.607079566128347,12.73790265989823,-5.191385513724705,11.860382750870773,-18.90870877088787,11.506778914562977,-1.7912995646134342,8.490762307697738,-5.666143275538584,9.114395909506817,-0.9983379707175233,9.053134376797946,-8.249604699371767,8.278242780915368,0.06270890567765568,0.027829606030207663,1641.409280237169,528.1142141384797
Quickstep/Media-104618,Media-104618.wav,Quickstep,Quickstep,31.787936507936507,-214.0872829359221,96.44616251857896,107.16477519463832,40.10111220063407,-7.99164297859041,29.17870821850821,32.702786374850476,21.565585164239735,-3.196629078827291,16.620311332689127,3.551496089265884,15.414273714154477,10.915929377548325,18.046522181488047,-8.793931123138478,11.931793036192301,-3.054567701180536,11.347130911659649,2.7868520823189535,11.966227882944546,-17.154959619982982,13.535683901491188,0.7768292400407341,11.788476383191085,-6.535678150852462,12.929502718526287,0.10105633298992674,0.075743254633695,2008.1647347658272,990.5697411623609
Quickstep/Media-104716,Media-104716.wav,Quickstep,Quickstep,31.787936507936507,-187.46621754224682,106.823162505016,127.20737873609012,40.26650934063323,-4.150290876685234,23.216125253088652,27.234814398600573,19.35939431270233,6.050233745862678,15.777938473257663,1.9829213493583695,13.882794400418828,-0.7287145161951933,12.584539929682917,3.612077056814255,8.881127400946312,-10.344824720141892,10.725835771278623,1.2145820334549189,10.412797168184783,-3.1816531651916944,8.444246367226246,1.5905433678665728,7.735105789633324,-0.6421431448186579,9.09333046447944,0.06121365613553113,0.03661586973787073,1509.5802624352582,590.1704875750511
Quickstep/Media-104717,Media-104717.wav,Quickstep,Quickstep,31.787936507936507,-206.7765842420136,105.05209572600545,101.08000284985815,37.61802577197518,-12.292231083272137,26.020623007777854,31.27383870290135,18.416524465222857,0.22766968354841557,14.11877875751727,9.476689011773757,12.710199748120067,3.0230237771104105,11.885336014258815,6.418666971205894,12.279491225426876,-3.7432124511443754,11.375055382670206,2.3417104450927355,10.155424180656688,-2.3616479107552366,9.742804355782258,-1.4020704744610684,10.013832319009849,-3.901895465053802,9.554852715971682,0.08140918326465202,0.041978936484111676,1922.8577664111554,634.7501306768826
Quickstep/Media-104718,Media-104718.wav,Quickstep,Quickstep,31.787936507936507,-167.1266679915764,123.0554680317093,87.92725606903615,38.77896384258066,-22.210758775131307,28.81217887875636,25.001556969759164,16.638846236977955,1.2760075498699457,15.696103640883464,0.3767962132158073,13.815941867522445,-7.206886031570542,15.3059040419148,4.493977473151048,11.823106889275623,-6.814992940325348,12.2641736042534,-2.2192343038567284,10.448111953908036,0.013805595162062796,10.6084202877698,1.9534948330402768,9.965609684537496,-8.451997438183323,11.51678582881904,0.12056862408424908,0.06492477470423408,2272.416027917274,776.9058882035371
Quickstep/Media-104815,Media-104815.wav,Quickstep,Quickstep,31.787936507936507,-167.99644854468835,131.63607322173362,66.6413605725246,38.01068914653299,5.414973505215329,21.306938217772785,22.840800761305267,20.864603892884958,-6.962889073625506,12.991837486228558,9.15541041632227,9.554498681004034,-0.30982900958028564,11.176226161624259,3.3387210117568973,11.007733772759847,-2.3173673520531284,13.247720274264127,2.6141347733978275,10.00391903204769,-8.333083768542497,8.931826807561892,8.84045453849209,11.246288734556927,-6.600893329358746,8.345173844980849,0.14579219608516483,0.10616282505967119,2767.4086293753626,1206.0747353279153
Quickstep/Media-104816,Media-104816.wav,Quickstep,Quickstep,31.787936507936507,-240.84550138332312,124.28496072975327,57.856928773151786,55.10750528783973,30.50742385230711,32.32280037509491,43.36249248536317,20.055554656917074,6.555493537680076,14.324502624141216,18.94276182194525,17.173194348310144,12.174824893436558,11.931925027528777,12.596588637916817,9.622854684479973,5.189336884279388,11.278229934407559,14.033111940948508,11.475807406531882,2.3853374549785427,8.957046907989854,6.28293518514007,10.589126084343675,2.252992091280618,9.109480226295467,0.12775762648809524,0.12055090737798445,2686.681845604532,1367.0843051216316
Quickstep/Media-104915,Media-104915.wav,Quickstep,Quickstep,31.787936507936507,-197.3148143645631,114.72815929891067,60.256965089136955,37.4089862963647,16.00708784507047,30.420642486473913,38.309526273086256,24.843875238220797,5.478830466327663,20.591210435273638,8.384001724472968,15.598458579989046,3.8660568924027925,15.824904016209345,1.8333322716443252,13.740674804918816,-4.292900179883076,13.454878412238733,1.2039850317430256,15.90783243209372,-8.846892029896233,11.85009454494648,-0.17944585261489626,12.614277599682522,-5.8378714583413815,12.655983666517187,0.12982235863095237,0.09623773925298246,2711.0369082484744,1111.6971065641546
Quickstep/Media-104916,Media-104916.wav,Quickstep,Quickstep,31.787936507936507,-121.84730191126252,119.11092105387425,83.49413613912111,34.48471037583113,-5.395575552500086,24.48058083345204,22.35837378095459,15.331922295260753,4.782231220787212,13.486205254987935,8.841146810925665,11.353748815254681,-4.279919982801137,12.0329139382404,0.009742330052860527,8.740422790086438,-11.138465493710633,10.771864400743747,-0.23882227413471077,8.97788446191671,-3.962671726277117,8.460707471464083,-3.2694748580737003,8.523034346640793,-4.792271028859868,8.867891995361527,0.11802813072344322,0.062203123794101436,2402.520179109572,880.3209999109597
Quickstep/Media-104917,Media-104917.wav,Quickstep,Quickstep,31.787936507936507,-91.07776211722324,112.99392448731436,76.40294704815001,31.78468596189055,-8.378201308523812,25.925011081629012,17.418095346718843,18.60686420334311,-3.26946039126379,15.890979968602428,9.449041396003919,10.649813970503681,0.846733950847087,10.15951262024563,-7.3568420213848995,12.147859824606009,-8.851755109839539,11.237771066109591,-1.184738248755715,10.39044327424563,-4.164751333658581,10.105603826547185,-1.724219473189774,9.691942622757724,-5.872759808636968,9.38177275793962,0.13038218292124543,0.08877282863815175,2582.701594991192,955.7175561106907
Quickstep/Media-104918,Media-104918.wav,Quickstep,Quickstep,31.787936507936507,-160.1286609773174,113.47509824888922,104.63512964802116,49.30259337803692,-16.03953648328444,21.512238477988035,13.905220776956645,17.93317351932503,17.024628600251162,17.60170740930151,3.3247188504993312,12.793285989957651,2.425239918825706,10.895441927710158,9.50479053460236,12.230683070594777,-9.188256782605603,11.919017344482889,5.810183275889344,11.700657324902778,-0.42539128702707224,9.281094281623385,5.914761672849434,10.05345908491733,0.8114805731912893,8.790908575905101,0.09556361607142858,0.06971965205606585,2030.94172741098,958.6707196417015
Quickstep/Media-105016,Media-105016.wav,Quickstep,Quickstep,31.787936507936507,-137.91302672769785,103.01409798014046,89.09167587386538,25.81004871489293,-8.475605317139765,18.039491400137734,48.701626997737804,16.707996792413606,11.830868175273253,9.458245976139454,6.329829486842144,9.503942998840367,6.375350040778603,8.178891697753416,10.022716236322662,8.513565081198731,2.5013736776879063,8.920537990462627,3.089106677785746,9.158224612165029,-4.4087593841178006,9.601323361060954,0.14694419366264477,8.499652769833746,-2.176704791666319,8.41078442751009,0.07290665064102564,0.038344375353029855,1912.653015310786,520.0597300546988
Quickstep/Media-105017,Media-105017.wav,Quickstep,Quickstep,31.787936507936507,-108.47399841966129,118.6661903600083,92.94647592886453,35.97555736359041,-1.6742861130377256,25.597430568184123,33.85322598296665,19.06488601214658,-0.25983824098351604,12.69644797651626,6.193557675127988,10.78203287548375,-0.05505752404540181,10.84231472853722,4.560156625191119,8.917738343327688,-4.537837572550744,9.894442627810617,4.379116045587845,9.475976457021554,-1.0775637901451005,8.308182876716497,0.5245301168059874,8.868558624881118,2.9356740061306197,9.171767293555613,0.09250479338369963,0.05039811534009397,2213.053049802889,808.4982971793812
Quickstep/Media-105018,Media-105018.wav,Quickstep,Quickstep,31.787936507936507,-175.33093136493784,133.17725412199525,73.1245314842586,44.707345713329794,10.459343695586751,23.022668817873186,10.504887941324242,14.113555707282458,2.3714191027084066,11.986771465988879,3.1012412256704947,9.290057348915521,-7.434729897382515,8.461129573764048,-2.67066313684713,8.408061813241673,-3.2311934224687944,10.24359975069469,0.223269110570583,8.444850280200276,-6.930775291643149,9.345687644298591,0.6678219139825088,8.568599884088934,-6.097839275072867,7.790821692572986,0.1628423334478022,0.16222639681241832,2825.9400935790513,1524.8498804971587
Quickstep/Media-105019,Media-105019.wav,Quickstep,Quickstep,31.787936507936507,-141.93898489370912,115.33577000886987,65.50229918149977,33.27527448826876,15.221519281903173,29.37267617480071,16.54943941139425,18.01524275370361,7.054508194036889,16.353231124956388,9.621304901757165,12.14398655581521,5.018995262007278,13.501690684633628,3.319535127589931,11.07473275019542,2.999119184341992,12.107974301233021,4.471817305871822,10.223846132753945,-6.28918248803037,11.635350403419297,7.263095948239595,10.585908360722145,-5.235663968897484,12.24104316642066,0.11487236721611721,0.07893002619037996,2722.272534793199,983.7200805067422
Quickstep/Media-105020,Media-105020.wav,Quickstep,Quickstep,31.787936507936507,-156.96273021375302,108.29496071647483,97.55968397593394,32.01472239935988,14.476136658934465,19.169551306842163,20.00061150928341,13.857607564255567,12.91874479433538,12.867892489879454,5.629295701804501,10.393581533357743,-3.070703886828501,9.653724982912964,8.678855934736367,11.48737121470001,-2.6608166733115812,11.504312981314706,-1.6437365035864504,9.847959692624968,3.908473500329486,9.356663309082505,8.955815492371764,10.887116707982758,-3.455053928225547,8.729177393004214,0.06717998798076923,0.03991633837157295,1971.432676517939,687.0017994944258
Quickstep/Media-105119,Media-105119.wav,Quickstep,Quickstep,31.787936507936507,-146.32076919800477,109.53975543236878,106.55475382915593,40.66434339033103,-3.9388439484999247,31.714853578394813,28.869857610371042,19.873019334248706,-0.6440158408817914,14.389736289952424,4.11621075755696,16.36673142497995,14.391703406480852,15.603963739326325,16.74127918453479,13.126596534002765,6.953830603735121,14.673433256823223,17.720640897305223,13.921006274808196,-9.029576800578928,12.555291490214048,-8.281064484062487,11.417964945445803,-1.8932058264810068,10.10610348420791,0.08740305918040293,0.05867845237125035,1844.3411450400117,824.399116363459
Quickstep/Media-105120,Media-105120.wav,Quickstep,Quickstep,31.787936507936507,-124.15236152827815,119.45564188011657,84.71433656928764,33.91067211910348,-6.41114834516495,20.536841260379685,39.72010957031468,17.430767351439847,5.160557519667425,11.46858727210313,18.927283560010583,10.71550112369713,7.522261338715305,12.824222192251316,11.525884499074818,8.433038739148966,9.983268961568747,10.110281407532412,8.80129660064157,10.014664261330294,-1.8591615794057708,11.158343942070013,1.723570689402653,8.512025751076004,4.560354098628762,7.542334028044027,0.08925638163919414,0.05651692829730026,2109.966803028952,764.5943311776275
Quickstep/Media-105121,Media-105121.wav,Quickstep,Quickstep,31.787936507936507,-111.36778542234312,116.46429831835879,68.1756796977542,31.0691784013124,-4.151588578625713,27.2953952762382,28.425639529403433,23.550341267193886,-7.41050575485563,15.09445897149341,5.448208950178752,14.027487488017824,5.081573818947568,15.674295003071945,4.448854275918638,9.33096501753238,-0.6820074455462223,9.740636797562226,9.844614683677644,10.430889079398487,-10.821161999021289,11.709991217614329,1.818598297758784,8.974169931784793,-0.6203358916017252,8.12371331692213,0.14572816506410258,0.07745402518216926,2618.851659600935,911.9026499715371
Quickstep/Media-105122,Media-105122.wav,Quickstep,Quickstep,31.787936507936507,-117.9468895078319,109.19117957749145,89.37163265103771,36.25134470323082,-3.9798441486783815,24.714986983427785,33.024303224228255,21.48697865897691,6.9912228769971,18.775503371318784,4.28130771594701,14.017903522989798,6.7305041239175,12.54931822739223,6.595124593846986,11.221676181244662,-4.563630656310651,14.30644132873082,5.8075867930274105,12.686870894589742,-1.7411060159173497,11.56777459780854,4.002283088058383,10.02806666100648,3.845784405427685,9.558997182915295,0.08820612980769231,0.06159355244255275,2088.7888003841895,837.9859650368827
Quickstep/Media-105207,Media-105207.wav,Quickstep,Quickstep,30.71950113378685,-167.08204834465315,100.16954298878095,106.7641893177883,27.38431241051322,-3.462463801838461,19.36443676478664,19.57080701402189,19.11353293192246,1.6954857964038639,13.457625148078177,2.3015695579864004,11.434012365825643,-3.1668065648104227,11.109106466961284,-0.5106477376619064,9.456188005376378,1.386553492559903,9.687598108609068,-3.469459048561447,9.526330733157039,9.087967413829498,8.688138769799789,-1.2248390480812708,7.564566908437904,2.882512839987135,6.049696422303032,0.07867251172763458,0.05182022633712512,1970.3874185642155,606.1113120174921
Quickstep/Media-105313,Media-105313.wav,Quickstep,Quickstep,31.787936507936507,-116.58071298490397,111.51730207041331,78.92579178877662,35.65807682872063,-2.731360654619801,21.358896728017537,28.322505439537004,17.09966692796522,3.7729188175031094,17.75030246014107,8.55163953629497,12.892103763150484,2.5373709508643816,13.25979838244484,8.052714317875276,12.982801017309303,7.166272747420342,14.953256259191573,4.176230329170163,11.232890714023947,-3.460476373110043,10.923840647528511,-0.629273750931135,11.063241257719245,3.718311824530405,10.007814302530331,0.10520940647893773,0.06830208069250188,2356.998288484901,864.9154646942804
Quickstep/Media-105314,Media-105314.wav,Quickstep,Quickstep,31.787936507936507,-180.79544726492588,112.90632523053064,37.27242372870875,38.00789031055894,26.51780457160992,34.178020735831765,26.735186615638487,19.08262264388245,1.8832121071238201,14.799335872466045,9.762079918622115,19.39280592541251,5.774722823927878,13.383171572009564,10.821842887028158,13.060712475368078,3.193312120527003,13.588548803165072,6.589842938465652,13.787213204236613,-1.466339609611409,12.661860785152383,0.14297434207537146,11.84179074370571,-3.4356389040580093,10.670272366886268,0.15246895032051283,0.11454557005992591,3287.4705835630484,1285.3521919628338
Quickstep/Media-105315,Media-105315.wav,Quickstep,Quickstep,31.787936507936507,-87.2638764192555,116.37792579701652,90.01307775428616,25.353416742601457,-11.677543429502869,18.3610521072161,3.839228158252492,12.561176796171438,-5.2534116545257605,9.43035960551009,5.840086216079906,9.516282425807722,6.445270753654712,10.305600743376372,5.43937752325953,7.907326042624895,3.3144698838123925,7.754771366746441,2.8804606447692502,7.056957394400193,-4.406948953347129,7.138676194579465,-0.8097320661870501,8.026988153856863,-0.7091551274778273,7.518691241010056,0.10771770547161172,0.038287919058057875,2239.0848998584497,617.6346911900619
Quickstep/Media-105320,Media-105320.wav,Quickstep,Quickstep,31.787936507936507,-129.70788013714343,111.92179605921685,99.73654520195593,31.58479671097984,-25.290802058221416,26.43469755081825,5.7185469792205295,21.310375529316012,-4.912077679068357,19.49191202016933,3.7430900102302678,13.62410339948756,5.461404634904229,11.300715892006089,16.011429770782996,12.481127334713504,3.774774116122497,13.0359258644005,6.178336704449182,11.275077993081274,-4.411459799271154,12.165624792672414,0.8659087538387654,12.852622048243472,1.5089396944080715,13.115366431532566,0.09597069597069598,0.03819358629838555,1961.7822014118258,548.2463846612674
Quickstep/Media-105516,Media-105516.wav,Quickstep,Quickstep,31.787936507936507,-101.70845118314652,108.79895820431916,99.25827860329198,38.749489276830694,-2.173683485751059,14.26016725870421,35.34390435975598,12.312175782694416,7.294062177751982,8.904734646829382,18.954218093809573,9.331077388367182,6.690301971353097,7.852381196600815,7.91860522823755,7.58950849518867,-5.003108829910805,10.064957059280694,6.842095759162137,7.578422974340498,0.22585803636331195,9.44637042382116,5.106110247474645,9.601920941872052,-3.3249368856353088,6.802739507742533,0.07800659626831502,0.06673685115841023,1924.2875407902832,809.0340623893997
Quickstep/Media-105517,Media-105517.wav,Quickstep,Quickstep,31.787936507936507,-82.62226841588974,132.1225942899496,58.20095954536561,47.61832121888134,-7.443825363320336,21.104166194976152,29.92836400088255,19.141153386914265,5.953569257108794,12.879100284634452,14.864019924770767,10.382067808060784,2.284771944249318,10.96778770995379,1.8483728454910087,10.539536789778722,6.205803569300263,11.15337476849429,0.5407738622947681,8.688321103621867,-4.449170504394978,8.991843774728798,6.037356199688703,8.695786183933928,-0.41295213971135797,7.955695957809719,0.15441277472527473,0.15218804086338228,2841.3512772062263,1392.2658049014733
Quickstep/Media-105518,Media-105518.wav,Quickstep,Quickstep,31.787936507936507,-106.44862102969905,107.55662657620803,85.8618719548458,30.3626180002073,2.4638511511307293,21.27822123421645,21.702571744932097,17.12545915969412,5.18867336834363,12.100825414777095,4.65268860987957,14.496661540335687,9.164315532431745,12.595683793595537,-2.5380435423735253,10.469483155096627,-3.179845140948772,11.726892423684086,3.5469817682979117,9.41081765579142,-7.144885478568388,12.420967783896167,2.3854720271450054,10.513646352164724,-4.710413281846215,10.320597687281678,0.10849358974358975,0.06265431195774503,2286.991512302913,787.976629861926
Quickstep/Media-105715,Media-105715.wav,Quickstep,Quickstep,31.787936507936507,-131.0600487391612,122.19786315138954,89.90432535760903,37.16081253792569,-0.9103282733093749,26.91865503817034,30.943393502767716,14.145096198294542,9.932391244783124,10.375440516104664,13.689587877818518,7.764284739391539,8.029876976717414,9.183334209290232,4.631808622409593,9.817721278052087,0.23327950409831524,8.85570897365375,11.112586998656889,9.763705884248136,5.141754843235921,8.541238635175544,6.390120470236004,11.897482477384107,1.4982818306067363,8.917530268008692,0.08121029361263736,0.07737508435254396,2168.369203291701,724.929960103693
Quickstep/Media-105716,Media-105716.wav,Quickstep,Quickstep,31.787936507936507,-135.11956159601314,109.56757859972268,80.46017382393202,44.564605280850266,17.713034333064225,27.069694580389406,33.52924752456319,17.989937829666406,10.268631240295393,13.778286023223977,15.02975261313068,13.437366786125038,2.7157865989541357,12.89991116850701,15.731898058255657,13.48918908326724,-1.5725675481396424,15.880268326360195,11.024876216947275,13.271140976051644,3.697315762219914,12.17070123042427,4.093171560387912,12.633943611680856,-3.8092340665268956,11.43920421401047,0.09500164548992673,0.10559331515508463,2420.728457179466,1162.24279902706
Quickstep/Media-105717,Media-105717.wav,Quickstep,Quickstep,31.787936507936507,-133.46437089699543,132.83252365102504,83.61834891080605,35.96291044448436,-9.671924067729464,23.104295081300283,32.08822071886266,15.008985283552038,3.6509202883435963,10.04064406462833,14.593121249382193,13.243752464546287,8.4580782336329,9.558284224280237,11.141505457001491,8.274525754644463,6.92445179363921,8.94780268895874,10.618778134720644,8.536277087650625,3.6396419499478365,7.854935168886575,5.907185497074099,7.961676546888801,-0.6430775311457771,7.231149295987122,0.10030906593406594,0.08417153136062883,2287.92377888728,846.4091798606631
Quickstep/Media-105816,Media-105816.wav,Quickstep,Quickstep,31.787936507936507,-128.42922118547293,124.7541675763693,79.42476221807874,35.04176279042149,3.0412337634471593,19.184595238797794,18.011760838046776,15.66164866343688,2.7941626705996665,9.714430912667176,11.878797852750713,8.653030923898227,3.5183166370569983,8.492867879527308,6.232043532037659,9.064491843011893,2.8548021473902847,8.060836011285332,8.393757001744351,9.833769647645054,5.698683503285914,9.662391839964481,8.015171760225291,9.268892363649023,-2.237195245835464,8.45170374516489,0.09691184466575091,0.059795281157505514,2319.784416660829,797.896328163131
Quickstep/Media-105817,Media-105817.wav,Quickstep,Quickstep,31.787936507936507,-123.10216181374568,123.48252809767247,61.89172804494674,31.78162291782327,0.5235553066018951,22.775829749028244,25.142090005631726,15.47772896408846,-0.6543604376770826,9.740841455454687,10.092065260420354,10.096011780792173,0.18649545890048702,10.054617924257427,4.258672221375584,9.567443812191707,2.0685192445567004,10.13328653681992,7.118992069028055,10.030725620826805,1.0693817068546023,10.802063621248253,4.741412757467749,11.08571807711382,1.1436532264487111,10.621047743426642,0.13789527529761905,0.07727102518527272,2696.303736368669,874.1880969584172
Quickstep/Media-105818,Media-105818.wav,Quickstep,Quickstep,31.787936507936507,-132.09832200866373,120.31605885710829,74.56938124824715,38.39627018630044,7.1487419975571855,22.703906328590655,15.020812966508425,15.314556338820507,1.1524777557299082,11.146122515710005,12.754361085633208,12.68512306650952,9.328176707146772,11.734944915522846,10.180323978902996,11.798740966548923,-0.14024143622229626,10.963297296666724,3.9189587770312877,10.680645565741496,-5.010991626237727,9.784793443126937,-0.9455085455761406,10.134536105528598,-3.224608514509556,9.013516201495325,0.10825356284340659,0.08454448494207416,2529.057624886574,1041.7189225579798
Quickstep/Media-105819,Media-105819.wav,Quickstep,Quickstep,31.787936507936507,-78.33223393427198,128.96644196153858,63.96501905879687,25.395336345945434,-4.8507263392298805,21.33141778493157,40.461319207286685,14.431367753717193,11.144176019453145,8.681766397857235,14.142141617311738,9.853592210175249,1.6003592187957527,7.364739968773488,2.088300398814943,7.831460810275093,1.0029408355999376,7.803804246215586,-0.31456158275367174,7.2201824015024485,-2.451803396316443,7.730612382854224,5.4172834803428,7.254818120353072,-1.7043512464947783,7.1493797613705174,0.11585036057692308,0.0586190344590195,2510.949139171834,739.7251055563355
Quickstep/Media-105820,Media-105820.wav,Quickstep,Quickstep,31.787936507936507,-146.3003248205362,121.73852803522519,84.68065059872436,39.28327068973733,4.955468239369576,20.782750759748073,12.213925334168378,16.546037740426357,1.0890334723916564,10.023496255032548,8.858695492564932,9.661312291531079,3.6279448550062554,7.930295659812074,3.158187145563579,8.863682807935898,1.7897530442197311,7.520429654283711,8.869986179066583,8.692245643778605,3.7937640303339144,9.224159676957417,7.589421867633038,10.007909795534404,-2.2943760670827076,8.056180595562385,0.10672719207875458,0.06463160958632898,2322.8934187709106,867.6577471335387
Quickstep/Media-105911,Media-105911.wav,Quickstep,Quickstep,31.787936507936507,-207.946573622146,128.80840902425726,104.85175196593488,46.82609731981118,-13.201828476206952,26.36083589305531,29.483748680697325,19.814808655116295,9.581774399027612,18.621437162286714,-6.359718778929364,12.110526969151186,-3.2635004929745204,13.930127429840718,-0.8533241020626963,11.482459961865143,-7.940204960557496,11.62184599016999,-1.7567545065978203,12.546909719797853,-7.454709529028884,11.013799556956538,2.7147588623376904,9.056685924512026,-6.0143135281941635,9.396963931303544,0.07942386389652015,0.05776308438450295,1754.2788610005198,779.6516909422955
Quickstep/Media-105912,Media-105912.wav,Quickstep,Quickstep,31.787936507936507,-186.484684771129,126.4387956432465,98.30371111408009,33.588284917558695,5.683329694982819,19.876380960962003,28.483689050532856,12.062100116983055,11.347829445250106,9.424277068254906,6.335746459855211,8.253295833995244,-0.3747129152010525,8.80256380885292,5.166910301701557,8.860568355101167,-1.9349749506888034,7.474296717036484,1.222049946786084,7.989400074598929,3.071781836626108,9.084279161853495,8.186914950343361,8.07426173348082,-0.4764942324794865,6.8073019271339,0.07480611836080586,0.04819707761816295,1814.9994477218618,640.4647023791531
Quickstep/Media-105913,Media-105913.wav,Quickstep,Quickstep,31.787936507936507,-180.78715394880757,128.92725162535112,98.23242040635795,34.268860242625394,-6.350148179095911,18.49244110576688,31.167505834169095,12.401875468074545,7.180546608587719,10.371378576857943,14.925121138987665,9.307339521543275,-3.1596798510712034,7.95781129420821,3.954635676712924,7.9223995047512945,1.3810848365945283,8.22818095110194,5.940023372362708,7.452575039135773,0.9592028950439961,7.925359313410848,8.352664276530732,8.935634078580147,0.12789811635969184,7.283784210328543,0.08260144803113553,0.06305381660562016,1894.0827519970717,718.360064503059
Quickstep/Media-105914,Media-105914.wav,Quickstep,Quickstep,31.787936507936507,-199.5888357388184,112.28582300884695,100.8407970761264,37.18361005674903,16.312155570711134,24.546453178991072,32.09252146033325,19.385393030100285,7.812811436320369,13.575257166444208,6.174249840462367,13.258200483439325,-0.09894665175447549,12.702401350442678,3.51200813557652,9.092006531016557,-5.098154442883022,9.725931931856785,9.773195120476501,13.915616163585758,0.6680221253286643,10.852992036739897,4.669402494884073,10.835047669304696,-1.408193209345782,9.079060517892952,0.07092025812728937,0.04608031074586822,1782.5364130276498,758.7306433907078
Rumba-American/Albums-AnaBelen_Veneo-13,Albums-AnaBelen_Veneo-13.wav,Rumba-American,Rumba,30.047528344671203,-206.31729863595305,87.37140064758601,112.42627247150652,35.306081985270865,22.188065556859275,23.533812078266955,28.94466354702338,17.441303862856937,11.366428227848521,12.762632243748039,3.779805798662575,14.421277332046078,6.439166765153205,11.144316311217842,10.330156354437277,9.40578460702791,-2.3090621102100477,9.923791017309435,4.430305164766945,10.322223807995067,-3.5959815773514654,10.227883005490057,-5.874045045916879,9.428310307621919,-0.9971430821841467,7.705955930468198,0.05698745219306739,0.054546000753831356,1785.2186052356165,957.6141675112749
Rumba-American/Albums-GloriaEstefan_MiTierra-04,Albums-GloriaEstefan_MiTierra-04.wav,Rumba-American,Rumba,30.71950113378685,-192.47754656673152,95.09323151300946,111.77510288301256,36.78181628027652,-3.484028644648519,27.709235090413493,11.780362167968125,16.676476329736747,5.904132745272024,12.940319384822219,8.094600935362406,17.944925564200407,4.8156821343496645,15.711673310831921,0.6195819029428395,11.87155972189324,-2.5602563064616315,10.93105237346035,-5.065704414435168,11.127708011571494,-0.6548389894606625,10.565213871581175,-1.8924640647245403,9.232057013025987,-1.410588052672995,8.720620536884375,0.07024401476023502,0.04688433684035306,1722.8894194548348,657.3389809481555
Rumba-American/Albums-GloriaEstefan_MiTierra-06,Albums-GloriaEstefan_MiTierra-06.wav,Rumba-American,Rumba,30.71950113378685,-165.61592719798526,102.53747191864706,119.81951879849693,33.346383583761636,-4.569096279658584,15.955878536695073,16.759731357196433,20.069225641298647,15.859130343508907,17.433205091429834,9.064210570432554,13.854426114466351,3.7265745140564825,12.029522447588398,-1.127400484055313,9.13738275360986,2.2287704001590263,10.23875131698913,1.54514976569134,10.496444726196906,1.0028420550307557,11.752208550596533,-2.872566168270127,11.998154171000502,0.5472016301608211,10.10685972894548,0.07441384038570888,0.06244585996516573,1667.5419202772562,555.1781009345331
Rumba-American/Albums-I_Like_It2-09,Albums-I_Like_It2-09.wav,Rumba-American,Rumba,29.350022675736962,-191.54259271050597,80.57278384739863,109.7804887756693,35.08166496916379,15.619747748368017,24.417988338024546,25.06680137457085,15.09872872914684,1.160881289327592,20.39097876085684,12.803723634702127,14.892439763033414,1.0229252290866822,15.389299345487682,-1.4723798400422898,11.590126369869616,-11.701401725530221,11.181239280208143,-2.3331898107676285,10.513812479518368,1.4419589357753915,13.07410358228315,-7.674328796032273,12.841227911986085,-0.4342981643190518,10.061292190629525,0.058698685938739094,0.0398774668369171,1859.0442831068308,637.2516486688895
Rumba-American/Albums-Latino_Latino-05,Albums-Latino_Latino-05.wav,Rumba-American,Rumba,30.71950113378685,-195.54673943126954,121.16327889426007,120.26035335689919,30.573501500000553,-8.658496830307968,17.422361702410292,2.9222799483517936,15.155721036656413,0.3431567846455022,10.74484044479855,5.685148515883279,10.533053516110979,6.53097058424858,9.549810438656301,0.8998648560409885,10.258891927062855,-2.891881587699289,10.202029635244083,-5.5995331909616946,9.687387962103964,3.5025235905657945,10.04449969305779,1.8692905425214221,10.30795726544701,2.868641241413995,7.48361145316183,0.08921405598464746,0.05846304631653523,1712.0809890841542,524.5628784157042
Rumba-American/Albums-Latino_Latino-09,Albums-Latino_Latino-09.wav,Rumba-American,Rumba,30.71950113378685,-166.97540290995232,117.14476773135128,102.19254442212714,26.065726366818975,-9.05651328405767,16.860364855049536,15.864258667783716,11.945141374712431,3.1366587869230047,11.39501481451742,5.434490024572822,11.4492929227224,3.291110430635558,8.816704826028554,0.4709994583644189,8.60021573426007,-1.127098598425161,8.086542300075967,-4.280971577037274,8.910783370097219,5.230419091850156,7.7889926444724376,-4.859886078846514,8.811776013855498,2.3680957187830787,7.942772489345372,0.0760959859505307,0.0488339387522651,2001.493841475776,506.02387739794307
Rumba-American/Albums-Latino_Latino-10,Albums-Latino_Latino-10.wav,Rumba-American,Rumba,30.71950113378685,-210.5132833529575,149.7558357642772,96.9381292780717,32.38837206218495,0.5836986869251013,18.122346404200123,24.284537023252618,15.10901122878918,3.205752056146013,15.214143092663411,9.056869364323818,9.302745112264915,8.152510032020734,9.432033646728355,2.542622779650037,7.660090223596114,1.1199909291549135,8.816726506120872,-1.4335750492918924,7.341336998077358,2.943321505255034,8.061509994468297,-4.251368240781951,8.251975352415862,0.8816553881741812,7.2621026217526925,0.07345985950530705,0.05771889364550948,2107.4006435309907,677.7349059991966
Rumba-International/Albums-AnaBelen_Veneo-01,Albums-AnaBelen_Veneo-01.wav,Rumba-International,Rumba,30.143537414965987,-179.32047930222123,75.7941020675388,112.46616054752711,28.25069671885946,21.45590807714788,17.735328382236762,33.16869620442916,12.928520229314499,13.718296429327435,10.431937181712602,11.541082613272973,11.410157428394191,4.197116953625411,8.757411110476397,6.406629017419649,8.646970015164573,-1.0217265370008748,7.877491511138729,-2.9515776900944997,8.591870539343228,0.23875275906834048,8.270196441663034,-5.23370021606696,8.737841389804986,-3.08669903690763,8.01617567609052,0.05386703667953668,0.0396892811182447,1786.81228253119,635.9780365933171
Rumba-International/Albums-AnaBelen_Veneo-03,Albums-AnaBelen_Veneo-03.wav,Rumba-International,Rumba,30.047528344671203,-196.54607131217972,89.84161485041503,106.22658938596126,36.538998575906426,5.9148592065285035,15.14424972125836,24.024786485277957,13.489374285280604,11.17067294124036,10.226682612178704,1.3030458338826263,10.233145481944252,-3.741392230429959,8.883462716772684,2.977967070769786,7.753281779028852,-5.226185379420345,11.645472021817938,-8.112483168576356,8.55426173811791,-6.046247205823889,7.6803971866467755,-8.495526652764989,10.932710486975244,-3.6151100950320063,6.852695654763328,0.06468232595855926,0.057905444550257354,1932.8175058369904,858.2762045888791
Rumba-International/Albums-AnaBelen_Veneo-15,Albums-AnaBelen_Veneo-15.wav,Rumba-International,Rumba,30.047528344671203,-210.89592429526263,87.81015978737352,84.30381961749232,29.232269751963244,-4.327846709156657,21.69231659925897,23.68615910687661,13.75760746947118,8.676219671321416,10.485933971875545,-2.4076829633135124,15.135735509032267,-2.050732591393006,10.734202016044884,1.7749432458272707,9.484566315881304,-10.368369496944974,10.927876750010489,-7.861068251148543,9.423374017020105,-3.034890115631693,8.883809115573946,-9.257430888962087,8.838558625334738,-2.7738514176688813,8.40498875393733,0.08438074893493416,0.06363751374942517,2268.56698553443,766.2586024536338
Rumba-International/Albums-Cafe_Paradiso-09,Albums-Cafe_Paradiso-09.wav,Rumba-International,Rumba,30.143537414965987,-220.11052532397923,70.81809846204595,112.61366907406405,28.354981042463095,25.96457522867575,20.72213066423249,23.282446441053427,15.974625936405234,1.6073135708256259,11.65531961841456,5.9368451258474435,10.584391536712607,-2.512553892290349,10.821508221989966,-0.9563691451302004,9.607219717539037,-3.5566336610727327,8.81466329396759,-5.937800037958151,8.766352586416534,-7.805293606059173,9.70523913087328,-10.20259728621636,10.509538083649927,-3.4529434976532296,7.228995392716347,0.05580658783783784,0.046605572156080244,1757.735807753172,713.6123369417593
Rumba-International/Albums-Cafe_Paradiso-10,Albums-Cafe_Paradiso-10.wav,Rumba-International,Rumba,30.143537414965987,-147.68778228094882,64.39609226486101,109.5224434794552,19.684523380725242,11.384968931547228,10.61444395867474,34.27296540768492,9.83759044456464,6.783329572400279,9.386288044767785,7.279511734937366,9.251240944239727,8.670904051709678,8.314569026222257,4.876469125780672,7.001111379404193,3.713408096603986,8.19406988284002,3.3363057902347095,8.8173173682286,0.7923576621409016,9.037084798420725,4.688175213517334,7.820664148745521,5.127972340420045,8.248540666260828,0.04290163489382239,0.021261623571172537,1792.5738959565388,401.892760145933
Rumba-International/Albums-Cafe_Paradiso-11,Albums-Cafe_Paradiso-11.wav,Rumba-International,Rumba,30.143537414965987,-224.1503187839294,76.63490246503827,97.67003808392593,30.139216822541734,13.177654414841832,17.317311965222906,21.132982199348156,15.782853157002684,9.221604171028817,13.709477421895489,15.474114838870921,14.136564641330306,-0.4886270703799316,11.943748157813243,2.058578536202909,11.535646111907898,5.7016866301812845,11.070596461104012,-4.617196841703651,10.466184541771305,-2.3271337363940807,11.692363184282518,1.6285513564436713,10.462803195680117,-1.0352290314635502,10.325591679706625,0.08416498250482625,0.06174724691592598,2044.5846405867574,788.0085631567289
Rumba-International/Albums-Cafe_Paradiso-12,Albums-Cafe_Paradiso-12.wav,Rumba-International,Rumba,30.143537414965987,-137.3828535253587,83.06575476832339,98.46974389441424,23.682509569938393,10.31583891297951,13.761114338115107,25.640370229960343,13.062079909277656,5.005394784898052,11.657435753991956,8.89957997336045,11.953826052207107,-0.9684861822718392,10.71416998731893,-0.38580556955611495,8.276725198711665,-1.3367293744361168,10.36230233842646,-0.3002484952728031,8.964155425989704,2.1507361936241853,10.043683660774317,-7.136221082164577,7.092190078334308,-3.653614307293012,7.305110159433337,0.062309212113899615,0.03682790623649953,2017.2251897844742,549.2423180788686
Rumba-International/Albums-Fire-03,Albums-Fire-03.wav,Rumba-International,Rumba,30.71950113378685,-207.5002998253249,85.78896483769955,134.80125411830866,28.633780309118098,21.76818155918163,20.819118730333365,16.691671347037865,18.38268120074762,4.593386566719762,12.853604011089232,6.806409823461964,11.347629265127402,-3.277209674369104,10.89193910185166,2.015157865492765,11.061085669923385,2.392576133310848,8.756291883720026,-1.2883398269995143,9.737309454403684,-3.334706103358608,11.158116464150481,-4.730850441884193,9.330626083276181,-0.8497138857174491,8.318648445460026,0.04151168025018954,0.022372895671856973,1358.364857724917,430.2653571330695
Rumba-International/Albums-Fire-10,Albums-Fire-10.wav,Rumba-International,Rumba,30.71950113378685,-171.40465579576934,86.5686589067949,128.5312730157272,31.07722159984687,19.73372983684429,14.577528031804974,31.477225773553464,14.4030851573905,16.39772896016836,12.624476303196825,14.077228001500313,10.25038197216029,7.575359972654702,8.79971913545718,9.673175556339928,8.512053391054803,4.6898620633227,7.96431816231374,2.8844635239128067,7.844316431779704,1.156991221330293,8.30549109300056,-2.3678694412152663,7.828333564805246,0.22168289189858184,6.362505012049789,0.033328249384003035,0.02862675953458118,1364.2639908476879,458.0618157534581
Rumba-International/Albums-GloriaEstefan_MiTierra-01,Albums-GloriaEstefan_MiTierra-01.wav,Rumba-International,Rumba,30.71950113378685,-226.45934863648733,100.88818199125018,125.97775329310993,31.539938833288147,12.744616149672815,21.9985842137044,19.8921018409244,19.750931303069496,9.212965355251217,19.88897599236649,7.679207146350253,14.793042147484273,7.597289951662746,13.547940475848204,1.0498345052906324,9.229776902695267,-5.227856894956454,9.988669899154194,-1.8183968420656662,9.489411337699345,-5.122133249099009,9.29461653431206,0.5639723024756091,8.345892356688871,-3.48235832333499,7.835234688764952,0.041647540158263836,0.024370889231779196,1408.0955762593974,447.65282552941824
Rumba-International/Albums-GloriaEstefan_MiTierra-08,Albums-GloriaEstefan_MiTierra-08.wav,Rumba-International,Rumba,30.71950113378685,-231.43884706086072,113.37995998999051,105.79290069626384,34.25278366486493,6.569814864471869,20.655621840963715,29.74825502954316,14.548068811390955,10.633410758133683,15.245224558072797,12.174088044862124,13.349764276319927,11.571162249724388,11.05628510197127,-2.253453947382982,9.28575768988188,-9.075918815396038,9.505977550244124,-8.806163221857586,11.134993138730483,-2.5480621594623214,10.376021727425796,0.27882330667555033,9.603378885647448,-8.012255762111574,7.847868058235151,0.06711590516015921,0.059664871009044405,1771.788377964759,701.478698598472
Rumba-International/Albums-GloriaEstefan_MiTierra-11,Albums-GloriaEstefan_MiTierra-11.wav,Rumba-International,Rumba,30.71950113378685,-195.74922174775298,99.42574041612859,118.91771414178095,35.5743410574723,7.4724768806926205,15.194919883877878,32.12402820536712,13.419260524139109,16.828038678293172,12.440680405759252,11.122946360277053,13.284504369115536,6.2398480763480455,9.366807893570511,1.0124614149904159,8.086865147857907,0.27624741788747986,8.883889385883448,0.4722981590131816,8.22081194397356,-1.1955345123630123,8.72307399550665,-0.4701581245507256,9.02128552706148,-3.4789588891156167,7.682906246722089,0.051550505828279,0.06879362562764597,1605.8923305789774,696.1644320581879
Rumba-International/Albums-Latin_Jam-02,Albums-Latin_Jam-02.wav,Rumba-International,Rumba,30.143537414965987,-132.28369285518949,86.88561040952156,101.29097183790124,24.562044200380978,1.4806557221868746,16.07304109081598,36.98310279998351,10.513547761616095,20.00630799284117,9.63429210035447,15.534022455766387,7.221332290243239,6.249507886897835,7.5211307767780164,6.244480618097238,7.830717571150517,5.379369084670028,7.132445147281117,-4.507397022455676,7.193745591645457,-3.4871619117301083,6.329575228872545,-3.2477097870251876,6.737422718062842,-0.2807900959250733,6.825122013231048,0.06277034568050192,0.03214544588615816,2062.106219227638,588.5608941607956
Rumba-International/Albums-Latin_Jam-05,Albums-Latin_Jam-05.wav,Rumba-International,Rumba,30.143537414965987,-116.59801198437043,71.29807149096656,104.63878721660272,31.21410163686663,8.894690054001334,16.27357827185078,32.00631358318948,13.10426210865365,10.347952825147676,12.095408251276076,11.214202732136194,9.00079167721506,16.93742031491381,11.340733163505698,8.010852312105474,7.765821822007482,-5.15664350854088,8.335354925182969,-2.5498833964981515,9.023736516085345,0.47296519338320836,9.559062643512437,0.6417962557762674,10.477762443053274,-0.3057260119560016,11.484623099488486,0.07982512367277993,0.04642719702527842,1937.1147519052295,654.923962966898
Rumba-International/Albums-Latin_Jam-08,Albums-Latin_Jam-08.wav,Rumba-International,Rumba,30.143537414965987,-121.31709192198761,81.96111036894601,106.28909582078653,24.963899634313577,17.55441210090168,16.407937588681154,31.289469891595804,13.6261939140041,10.945335267121568,12.060089933671287,17.142915810346757,12.485093702717373,7.816977344501829,9.911612217913108,6.620395206799778,8.344581731613562,5.18277906474279,8.595083011484201,1.2812490425554577,9.348599600718877,-4.1440842222761995,9.402939005090653,-2.6236784866451393,7.987297784480404,-1.1094528212668318,7.568111118054305,0.06090318834459459,0.049178160249521825,1878.0791868947758,646.8894944384897
Rumba-International/Albums-Latin_Jam-14,Albums-Latin_Jam-14.wav,Rumba-International,Rumba,30.143537414965987,-144.7679743659668,92.26562102084532,109.87568578898069,28.251581438686777,18.76460647561462,16.804455198281786,34.49087972731832,13.247283414932506,14.432814198716617,12.777190698703594,19.968762647859958,10.031156607632123,8.146205090092176,8.953713845474367,7.0770964167336405,7.72902607934355,7.379320734255654,8.038957900456497,-2.121996226955119,8.15650582660615,-1.5858655160255395,8.308542230548158,-2.6656957976045206,7.6419008941397495,0.16888634222631288,6.922432190575702,0.0544273347007722,0.050200996472359885,1780.169378587621,712.2265258630132
Rumba-International/Albums-Latin_Jam2-07,Albums-Latin_Jam2-07.wav,Rumba-International,Rumba,30.143537414965987,-111.32955540723871,76.44401376554653,112.09246743486288,29.36558349106801,19.003646147685615,15.739132032741963,24.432078373210548,13.125828381659527,1.6872927084385219,11.544871369272736,4.022449621128549,8.851775083784876,1.3958001837281435,10.96300788673638,4.943634436587861,9.61032474524243,-2.8273704182314994,10.036562182794913,-1.4193766049949241,8.949181993567619,-0.6135618194280263,8.35452698171924,-5.171131416655292,8.952227955145403,1.8624566865147807,8.116056055410212,0.07037584459459459,0.05255401802836812,1985.5085280291269,699.959167192629
Rumba-International/Albums-Latin_Jam2-08,Albums-Latin_Jam2-08.wav,Rumba-International,Rumba,30.047528344671203,-154.96821437603094,86.78996538614955,117.36147292652215,31.27520853576544,9.939861831416186,17.47565934563701,23.829304801031633,11.707702655062715,6.813684385622016,10.940581016409327,7.415352547183716,7.289906728924622,3.3755458501308087,8.318820438456223,4.748608708099532,7.645720252171042,5.307505546360341,7.820463768120907,0.9107257719241699,7.889107818415848,-2.1606994985793118,7.3360396632904825,-1.824390326860899,6.990367420075974,5.416706277284466,8.099793532934768,0.0743828972211464,0.04293016310718378,1890.0496118482083,642.6118589202657
Rumba-International/Albums-Latin_Jam2-09,Albums-Latin_Jam2-09.wav,Rumba-International,Rumba,30.143537414965987,-123.93245491655307,80.34952767450278,108.3298074196509,20.50698398830097,2.3183554013457357,14.723096379385662,22.608941208080317,13.43374336233907,5.2802980572041145,12.241872309655086,1.7660706639497186,10.547911221059724,1.761511994568066,10.013024604562007,-0.03681531376887927,8.18119630910355,-4.9481214928168304,8.601649529846531,-0.12763403490714073,10.722063344347198,-5.632251137319743,8.43466253627342,-3.463762385708822,7.773564591722503,5.500431104188475,9.606161190004762,0.07376930501930502,0.02763454898096555,1992.1003036713153,421.45262926313154
Rumba-International/Albums-Latin_Jam2-15,Albums-Latin_Jam2-15.wav,Rumba-International,Rumba,30.143537414965987,-150.71425716192704,82.51623187279698,126.86334396735882,27.3036471132294,23.421329555887837,15.39096266382442,30.705673315483306,11.535209180597649,4.809058428663965,9.439707461888275,3.3619277404507995,7.8502256544203615,3.7774582455083436,8.7359413797198,8.463345562539018,7.309719136341907,2.4499071878786083,7.642459807866173,0.17081442314330147,7.165309043476768,-2.9069804999689826,7.585998042542919,-3.1266390078310464,6.87732575487105,0.5379509889650562,7.435180809332381,0.050084836510617764,0.021399209903267546,1715.4881932059586,557.3459464926838
Rumba-International/Albums-Latin_Jam3-07,Albums-Latin_Jam3-07.wav,Rumba-International,Rumba,30.143537414965987,-185.54613094420966,65.81881086414519,127.18121005512603,22.46988913543084,12.794923983405594,17.208080602257418,22.030454406053515,13.255621941262545,10.425202396565822,9.818688761748456,9.640917258928905,11.313664223240561,4.589819115997608,9.340304099205628,4.124912938346879,7.452473940760783,-5.334045579942674,7.965051080161041,-6.078664654650883,7.900561848735493,-3.2087612503523992,7.381287296423007,-2.2141273854226386,7.766636961044767,-1.8691775615151476,9.749021546111146,0.045883732504826254,0.02409563938579815,1461.8916779122924,367.85126931475725
Rumba-International/Albums-Latin_Jam3-08,Albums-Latin_Jam3-08.wav,Rumba-International,Rumba,30.143537414965987,-106.75157224834635,71.44817694037032,100.52682154019125,24.621718082320864,13.584167937452719,15.339704788359777,38.13884899572745,11.494020504262636,10.031665516504132,10.175622343502972,0.1695170852165024,8.147670130091306,-1.613333753039786,8.310770024539561,4.173023114911105,7.2210034384192525,-2.9497009545128043,8.351383387696826,-3.0968924909376225,9.397871994873865,-6.678919315756887,8.56881298537205,-7.298123752145462,6.919322929183655,-3.9408892356672824,6.760403110220146,0.0682926369449807,0.031034683140094547,2132.773370426042,559.5080867016164
Rumba-International/Albums-Latin_Jam3-09,Albums-Latin_Jam3-09.wav,Rumba-International,Rumba,30.047528344671203,-134.48815780439207,81.04327138496683,98.9656686825802,27.808452806852443,16.960823801933813,18.494398727427097,33.405759551431395,14.743172131713528,1.6747442719212893,11.682135411234455,-0.832189620390473,9.171351892343981,1.0097058984538114,10.130692679124769,6.296499938979357,8.791890231756978,-4.256941680038137,10.342170694380686,-6.790307828374623,10.583907250252551,-0.2634070344163656,8.781623553023081,-4.946781745078713,8.48557844725138,0.7065526235823336,8.83573325381623,0.07694192970565453,0.0461926886625136,2186.827242911819,654.3848710169027
Rumba-International/Albums-Latin_Jam4-03,Albums-Latin_Jam4-03.wav,Rumba-International,Rumba,30.143537414965987,-136.46136117249083,111.88786982868294,77.34428397327196,32.918008806332885,-3.516902629300354,28.340503392454693,18.317643105766173,16.44116927655833,0.4873605969158561,13.654009321252698,1.7916366689195136,14.197086136550507,-0.3689653886405139,13.481737671623405,4.725983993476087,13.057770696364434,0.2555815448631258,10.86047044790616,0.3312355549655455,10.867827839074184,-2.224747806813116,10.87397926563719,-3.726184780637391,9.789411977574792,2.730930358419361,7.396908134174952,0.11408135255791506,0.08499502872869848,2548.411632767116,892.8509128854765
Rumba-International/Albums-Latin_Jam4-08,Albums-Latin_Jam4-08.wav,Rumba-International,Rumba,30.143537414965987,-114.37753678200133,85.32687980243468,90.17748320315907,34.19542998161495,12.405177080440458,24.032319564229002,32.130164706698665,13.376603647662167,11.653545869310012,11.468373400911975,10.176681638730019,11.00885695572647,-1.7808211021616012,9.7627276766685,0.7704029962500453,8.436775301796027,2.690089796190952,9.218779034856574,-6.163246126756347,8.90649451263341,-0.37957359715984734,8.566951634920413,-2.8854258778746256,10.073097098062068,4.551429797878219,8.027761044589449,0.08233175977316602,0.04780287214120621,2324.089430045699,733.664289371579
Rumba-International/Albums-Latin_Jam4-13,Albums-Latin_Jam4-13.wav,Rumba-International,Rumba,30.143537414965987,-154.94538835195598,79.88935445410718,104.66776818472283,29.427856846229005,33.68756369604872,20.119714264615254,36.49045240666699,10.507816252292633,7.131572841861449,11.767394764518018,13.523621433600317,8.546577057084352,4.810952887413072,10.198116891335223,4.573681324659917,7.616288520707088,1.4194920803674622,8.782174176559096,-1.7011103197503534,7.357986172312289,0.45766908458200645,8.7381358371142,-2.100926634309295,7.656558095955385,-1.6364302073617594,7.451624230269165,0.055642570583976834,0.046784743858512126,1922.8259931728876,727.1696072258278
Rumba-International/Albums-Latin_Jam5-03,Albums-Latin_Jam5-03.wav,Rumba-International,Rumba,30.143537414965987,-164.9806114934712,93.89396189082359,118.3151250651018,28.025002460624666,1.262838173514013,21.434349991907958,24.899921153088293,15.91608584548926,12.392607077932512,16.78548084476007,2.991890384110612,10.15122720783652,-0.8508780957273024,10.912113827033526,0.4319274704928456,9.418516823941184,2.686009526902672,8.20883516405413,0.6956146021706663,7.6950202355885775,-1.7799734373996972,6.83065077368798,-2.0981664688528476,7.791199784725589,3.0219007918464182,7.980765459552266,0.06798873371138996,0.05242226342673227,1737.7235779856137,575.3787611162575
Rumba-International/Albums-Latin_Jam5-08,Albums-Latin_Jam5-08.wav,Rumba-International,Rumba,29.375510204081632,-121.02769543776493,82.89702080138115,95.96685442823339,35.3130054803459,3.2774740824134807,13.023257030744404,33.170904182330084,11.340374350293194,7.399724205953228,12.823637357628593,1.9577461714412654,8.946817945534915,-0.17771577082543202,7.80166920551336,1.0346872927217816,8.085576887257814,-1.974647975956027,6.948260226151692,-9.56565362112852,8.293246750303595,-6.009038497270042,7.544784462729452,-7.1453697018828475,7.629520594215724,-3.6668197426848255,7.128295823142094,0.09549767544076862,0.07804047181723435,2255.937811047503,768.8133504835184
Rumba-International/Albums-Latin_Jam5-12,Albums-Latin_Jam5-12.wav,Rumba-International,Rumba,30.047528344671203,-175.15161300479434,67.05514935045419,129.65631790395602,21.557925616609236,17.138590126834785,16.9959108450358,19.42690240373583,14.383222498751365,8.140706775180917,10.926345575492174,4.427283973403837,9.873240263008245,-5.793463323785449,11.83711085997681,-3.5733996310494156,12.02001418721592,-2.7409673166412185,11.766889597579434,-5.550468096560584,11.35637570567582,-6.432804430217924,11.851395848856141,-4.23404522553308,10.723605719961792,-0.9159372118618517,12.402619522837295,0.053280902038148725,0.017029116089418674,1478.1211133444426,323.7192981619583
Rumba-International/Albums-Macumba-09,Albums-Macumba-09.wav,Rumba-International,Rumba,29.95301587301587,-157.69544297906134,77.52060719358106,147.84362803437764,19.86909938270462,16.950023292804612,16.33724356494916,-2.310548000622778,13.572077095079838,43.27297847123841,13.456407432283616,-29.424749103858986,14.920848667673464,24.771901391647937,11.796197963269227,-8.478606113509718,10.435666855964973,-8.12802318923864,10.310050808458625,19.706432441742304,15.224749169411615,-26.29388208632729,13.231786011393792,12.080350241417682,14.921035816885444,-3.8196800228137984,9.873955739485936,0.05596705506415241,0.025436565415689404,1637.3009940043796,360.5025808009263
Rumba-International/Albums-Macumba-10,Albums-Macumba-10.wav,Rumba-International,Rumba,30.09233560090703,-126.144759794524,56.29922078736352,148.72314856545873,21.031213162180258,10.899481843435805,11.452183216737309,-0.3176813724230036,14.787726869996089,54.413380420361726,10.372172787094666,-41.13254582320001,14.473873179548892,33.88557340988193,11.234474082243013,-4.450374134320386,9.729563403325573,-16.115401045907696,10.719604685394497,27.212288374526654,15.080035341535332,-31.775228603929882,10.768781898535364,8.777014824189266,9.63417223433857,-7.380918298256503,8.345211793050181,0.06350679663312693,0.030580340256073733,1699.7572590968457,420.0477533217775
Rumba-International/Albums-Macumba-11,Albums-Macumba-11.wav,Rumba-International,Rumba,30.09233560090703,-179.95522638143697,69.85694573384396,146.5958890556022,22.333939105576377,11.210508283548089,13.166828596582615,5.478771542249638,14.340331910776978,47.47554973339241,15.137594371077585,-32.6272567116616,18.68645129102484,23.961039013413796,11.109313613374777,-5.440666840716086,8.733167766569407,-17.47099184337551,12.560866085633753,12.850871395781915,12.826387960609512,-25.70164602568077,13.654024951148495,6.204326609998635,10.637797078450427,-10.84221516673962,8.545049047358205,0.0473349367501935,0.025826094679000704,1585.3313621419154,416.7431697117353
Rumba-International/Albums-Macumba-12,Albums-Macumba-12.wav,Rumba-International,Rumba,30.09233560090703,-233.65209873854482,81.88204884240442,172.62763247337833,32.933195870540246,45.8225977792612,21.914170534109598,7.996656942768683,19.739498496340275,47.009882379307655,19.392584038282262,-19.493405313044317,17.094387739723647,15.836948905458808,13.331039490691579,-9.79193015592698,9.809336371069206,-4.833685214884255,12.027730932234661,1.154583056401804,15.783890573802038,-11.286177285992283,13.467076503675932,2.73828777442279,11.622528695928121,-1.2946436562331518,10.434779569694802,0.032746211663119196,0.020550777652425977,1139.984438570852,355.42482989039536
Rumba-International/Albums-Pais_Tropical-09,Albums-Pais_Tropical-09.wav,Rumba-International,Rumba,30.143537414965987,-111.59208510944104,66.64324051706396,100.98056678668982,20.98664636972809,9.489886845842546,12.409986311706216,28.66031348622058,15.016151068750855,10.772612270203552,12.013049776308165,14.003754757948903,8.856476414044558,5.1453926457233585,10.75116083004523,7.012639033634646,9.563795888777099,5.56043977277843,9.197879718104002,0.02451657092763374,8.018484346596377,2.5473034390762868,9.11265800017888,-2.658275401931563,6.6713015095900765,2.3576829083076034,8.100195499207008,0.07357474662162163,0.040900010979676306,2055.752488919928,506.1019039021699
Rumba-International/Albums-Pais_Tropical-10,Albums-Pais_Tropical-10.wav,Rumba-International,Rumba,30.143537414965987,-109.3884158137498,87.63826584879197,106.75938739315242,24.266310922177997,-7.844811376071084,15.237394651109927,26.836786866259253,11.600746845665752,10.966826402203356,12.71463436609662,7.680885719207239,10.729461093699824,5.150256594961114,10.028801397442262,1.9025489826855115,9.727049746448385,4.609305190570682,9.440954737301071,0.5844860436834751,10.980899394308082,0.3563717888835566,9.010797857995684,-4.425097753163101,8.405813871745224,-1.2577223055687912,8.284281796231358,0.07234329753861003,0.04759234030325848,1908.203855699797,537.9086807124197
Rumba-International/Albums-Pais_Tropical-11,Albums-Pais_Tropical-11.wav,Rumba-International,Rumba,30.143537414965987,-136.3010450216114,76.74905164383784,125.81770985295505,29.52263015181561,4.27951028475455,17.51987287394876,18.008539872331536,11.729827759022603,10.07868296784957,12.58853975338637,14.370395150095108,8.767395839446928,9.074475476864066,8.596413288566815,2.439109067967974,8.74473309038042,0.6937619395292289,7.715669858036102,-5.410385498295218,8.03079080609164,-0.7769106650719567,8.731882029441204,-3.610737604910324,8.24787820385854,-0.5946883958623769,7.63301223930235,0.0672531069015444,0.0451358880976137,1649.4301588808578,616.669112388884
Rumba-International/Albums-Pais_Tropical-12,Albums-Pais_Tropical-12.wav,Rumba-International,Rumba,30.143537414965987,-146.1519352538254,59.90509859404711,127.03851544233261,15.931636754684455,6.13262394313623,8.495314436750425,32.61651163123003,9.06257166173267,6.510965495429944,8.267313673085631,-0.36077305590333864,8.505365465543726,4.482142038400236,6.850294130127775,2.520205136953277,6.575986864030789,1.1340399737594085,6.936277304831359,-1.1204293264225793,7.974310579431403,-7.249188592068438,8.58789006493805,-3.835431759979059,6.628782703370183,-2.836303878831224,6.33830195197256,0.04961917833011583,0.01691976653769848,1514.6280618499443,273.4750331657874
Rumba-International/Media-105611,Media-105611.wav,Rumba-International,Rumba,31.787936507936507,-195.44002158054232,137.1637341192808,59.036108917512585,44.62184705324811,29.246959994325636,24.266916740001033,33.735116139086905,20.981858877624656,13.456211682457024,18.880853870800753,8.773167439596152,15.38113359031122,5.13770280269004,15.7529450560354,12.15052113327871,15.581022392933113,2.2617810604457307,13.713812121877453,0.9320820967184299,11.841512984609157,2.125409482198088,11.371184237007386,-1.8386458555019274,11.202177636778876,-6.350255254552174,10.249191387528475,0.13327466804029303,0.16595526910279382,2716.790697060332,1558.2781967084516
Rumba-International/Media-105612,Media-105612.wav,Rumba-International,Rumba,31.787936507936507,-210.11819990336696,127.15560060337928,74.94310077378572,44.90361162947414,35.943650666526935,38.35211698525781,55.51858249937168,24.448973071146575,20.330023336838526,16.658173966224968,7.364740054347145,18.852196977876865,6.188923477891538,11.6782178167605,13.055923395450716,10.965046675092953,1.627943389776847,10.76452670708887,0.8392674001079063,10.193086507216405,-4.592860254988305,10.216538167506998,3.638942844245807,9.533946585012549,-1.0998407894510234,8.872766770587884,0.07534090258699634,0.07139621279694258,2194.209386289545,1107.1368261776147
Rumba-International/Media-105613,Media-105613.wav,Rumba-International,Rumba,31.787936507936507,-140.87843232921534,112.01426882750528,79.22131934392726,40.41712093703872,38.7237177117615,25.487211963295742,32.602169638231736,16.968864835443224,14.022097636062245,13.928257514490088,11.298723832729609,12.956254175499181,5.644918865267413,11.262677864969607,5.191592288929668,10.848429811861635,-3.986311167047189,14.911099616984592,4.147827179856504,10.519657712165182,-1.8370118064583956,11.616680704017352,-2.453839439476671,11.541836363799671,-7.870690856356218,10.705261305457686,0.09150891426282051,0.10315061838638052,2453.7325581136724,1282.3266478201542
Rumba-International/Media-105614,Media-105614.wav,Rumba-International,Rumba,31.787936507936507,-134.29380647013025,113.27106516528832,83.48981838213713,38.58438305242735,24.985076800823727,26.88708743172405,36.03393470444939,14.720654437501421,7.544072339414853,14.952747443139065,15.299978790906032,10.925390797802269,1.243398887898263,9.426602213043175,8.404765900115192,10.51553586151482,-0.8415042446579869,11.480426426200415,3.2495734127556584,9.238109691520256,-1.5745341950721783,8.599116782183051,0.7088521408411611,8.402886819676008,-2.6715076153108592,9.452823519234252,0.07560596955128206,0.06261593263701008,2245.399544493149,891.8919186945935
Rumba-International/Media-105615,Media-105615.wav,Rumba-International,Rumba,31.787936507936507,-187.54805418048332,114.71455500143557,101.33340786025998,45.562945664424085,24.84181923873059,27.447491749408332,31.327910873510973,20.187610799674328,8.494084502135973,15.663702742165498,8.274679721409973,15.972782412378061,1.911004403243442,13.381083931412132,7.065707708396819,12.230614598821987,0.741820241717937,12.358177092527352,-5.204837967285724,13.156924389765665,-3.1566759441001224,13.39457945426665,3.7073531674929083,10.786544431401863,-1.5288053063494762,10.178857425221867,0.06878505608974358,0.07321271843541295,1862.519212602113,979.329132397975
Rumba-International/Media-106009,Media-106009.wav,Rumba-International,Rumba,31.787936507936507,-143.20557713626062,101.01496374831963,66.83052138859377,39.26612609042599,26.620578051774913,20.558310672891775,25.348838951376695,15.670736295300326,9.409657094134172,11.94454419692874,13.017211644422845,11.627602496565858,1.1659270954946277,9.593189336412912,5.060962470763249,10.57962624483165,-3.5095035443158245,11.737357851149,-0.6572312459842449,11.589454109172863,-8.462629916425218,9.242299357929006,-2.6841630596253006,9.085888207327272,-5.045825545340107,8.515963052354248,0.12857142857142856,0.12376861640807496,2805.641860461911,1174.7950757389037
Rumba-International/Media-106010,Media-106010.wav,Rumba-International,Rumba,31.787936507936507,-164.03386665163157,95.55954228009193,121.45230147512667,37.46120888679366,0.9857289232659574,20.414868743933155,19.413493539101957,16.501019563282366,8.494323902530006,12.643197360542446,6.460000991128239,11.417587158035873,-1.1525022349876952,11.066631918621821,10.227773802573283,9.964115945034056,-0.607619434345003,11.52373964409973,4.89982363993448,11.33830199474131,-1.7725766764205382,10.10637476130072,2.552846202814343,10.902297187561127,-5.281600443726975,9.327228873195226,0.05714393028846154,0.04885558391805005,1612.559218912861,681.0743797788714
Rumba-International/Media-106011,Media-106011.wav,Rumba-International,Rumba,31.787936507936507,-177.18406955056912,96.58990199346341,122.72118127593112,41.77341067650911,14.197796143344346,21.77465226748513,41.971966688406894,23.322399718200465,10.123815893213377,16.81662073172287,0.4656097873353353,17.172777467838394,-3.142358612276749,14.263354298558713,-0.34894774205295126,13.985960186909594,-5.366608214261915,16.890809506686136,7.871980003107783,17.895697169653953,-7.798265641866017,13.919701560770193,-2.845941230443456,12.371015693911087,-6.397059295523125,13.962341115220879,0.06021419986263736,0.058328392742258046,1585.1538090644722,776.7834425314097
Rumba-International/Media-106012,Media-106012.wav,Rumba-International,Rumba,31.787936507936507,-167.73831672148907,91.66986317036289,102.22495043880534,40.64989757564865,-4.047874847721344,24.26914401215477,36.99751328678533,17.240759523240925,19.784933643608355,18.125679017545828,8.606775072342744,14.758926179373619,2.101930288627595,14.907508543362486,2.3159358086091824,14.102595370626478,-4.879327625193061,14.088263529909343,-5.357920291542482,13.805983578676713,-7.237360633468908,12.10738592157065,3.438427341724257,12.811008377356607,0.5578793087765777,12.956507247092299,0.09652193509615385,0.048017569265922364,1866.570245274758,537.2270428699138
Rumba-International/Media-106110,Media-106110.wav,Rumba-International,Rumba,31.787936507936507,-151.45574112329388,90.10964314426946,102.24043952614362,38.07372638256073,26.39471387626929,18.428438219751655,36.87261161066344,13.28134139464731,6.127824406408603,11.314935252146228,9.248617968028897,11.155119271145978,-3.7429036906431143,10.394964420580552,2.7054209951374015,11.17503860411971,-3.7905902558917948,12.449521369649872,0.9610516217896538,11.94248512807512,-6.885751421972212,10.372798486933968,-1.5444074707415427,12.756517488893344,-7.708228910937776,11.821989647096338,0.06674894116300366,0.053733894081506306,1881.2085637776877,809.1957178149261
Rumba-International/Media-106111,Media-106111.wav,Rumba-International,Rumba,31.787936507936507,-159.13786623048412,100.17482949168853,106.60788842034998,37.145753548643405,21.85416177153288,32.27293537755501,15.05934526864378,23.280920239900407,4.751817105458112,16.277667213602346,4.52736135980972,15.51527320420125,-8.121508153671103,11.98399684454171,1.5538304538410788,10.286742380416051,-6.698881822180073,10.493333929706152,1.0039261650504698,10.523707725847006,-8.88097046614908,10.012839471370214,-5.431419104696343,10.160456818722958,-6.614988547865951,9.402175738832808,0.07205278445512821,0.05936080919097732,1933.9219908541586,781.4851401132321
Rumba-International/Media-106112,Media-106112.wav,Rumba-International,Rumba,31.787936507936507,-172.01649147375684,110.84858912067402,115.295868181994,36.64446863739519,9.044053954144264,27.326312855744373,22.855644914196077,19.136084291249286,0.7270202978745363,13.3830535298428,-2.3681649530091438,12.968723719731603,-9.942201452741863,11.775135655809354,-6.967158963781559,11.28522907120739,-8.721410321882033,10.876894697403428,-7.788626589483159,11.143846873539403,-10.66677116921075,11.07479484625932,-8.23825593690239,10.310433894553466,-8.733375421697122,10.020040951783415,0.05588477277930403,0.03511179591952524,1655.493317214282,582.4287551183379
Rumba-International/Media-106113,Media-106113.wav,Rumba-International,Rumba,31.787936507936507,-166.65252703220827,107.4267224359807,112.65897878950412,44.539991395571214,-12.081091571597652,26.433924175422323,31.48843048498565,16.73061656514672,11.823642297477456,15.36084475068605,0.37861292252006895,15.498257149331177,-12.18937424987605,11.360278947988471,-7.580777102320884,10.589913414527569,-8.96766772339733,11.11056798163739,-6.599633847173604,9.701346343508478,-16.790372984377537,10.282933815885565,-12.343500664251906,8.70190250639449,-9.967904830225784,8.890651721375898,0.07070169413919414,0.06881662417079124,1766.5467338930687,915.5756186127044
Rumba-International/Media-106119,Media-106119.wav,Rumba-International,Rumba,31.787936507936507,-157.26182250500915,93.18161577405326,82.79792417129977,40.337092453081354,1.9056059171588648,23.301201754772393,58.57193619286577,23.37691867068915,10.176295533001317,19.586781036649096,17.65265422386596,13.392874962539665,3.543923013426624,15.429019241443742,13.081337630484402,12.14765839337241,1.4784247925535965,11.398709343868754,6.07230737577913,14.15444154923055,1.8475632946418847,10.986238339612274,2.1412614427034993,10.302201920836525,-0.8918154107842778,9.746263351829144,0.08795572916666666,0.0719962682943374,2069.3118811311533,876.0720026022474
Rumba-Misc/Media-103511,Media-103511.wav,Rumba-Misc,Rumba,31.787936507936507,-249.40410132587107,114.98873219557196,64.5697772553561,45.51858868510984,34.73513716823221,32.253260749700914,25.2443694472648,26.965150153423295,18.061082986267433,17.191895586125792,17.23641908382753,13.748630966965484,12.625445170319999,17.94428337136586,14.121245773300567,19.501821101380486,8.630744034948355,15.422346095872305,12.909458266479263,17.076968753620186,-3.398355524830766,16.17676519315377,3.6928364064827504,16.080032062519017,-5.017180811806332,14.95353044203552,0.07921781994047619,0.07939729020600521,2271.2439007812095,1237.7259003925863
Rumba-Misc/Media-103512,Media-103512.wav,Rumba-Misc,Rumba,31.787936507936507,-235.30765709226563,100.64768687643326,136.34395811491356,41.217395584352275,21.868564591843807,15.90250423525291,13.281436352764048,12.313285312293596,8.93569692302162,13.147998646234752,3.045119293215268,9.901711899771337,7.536595899959019,7.879771252356178,4.341499253234016,12.581980704802275,-1.2106435810128442,7.48995798314561,0.3533142141439621,9.497006240959983,-2.9640738450342208,13.302536203424664,1.7224882559165242,7.286101002143797,-0.12997359825195973,9.14211504758972,0.03516877003205128,0.018407070416581257,1284.7723368262778,470.79325726092037
Rumba-Misc/Media-103513,Media-103513.wav,Rumba-Misc,Rumba,31.787936507936507,-186.70514305722875,118.83294021882337,94.30224214774817,32.85376978011926,-2.792771606486595,24.226612428445698,24.86409832417692,15.589129578127373,8.819208651839544,13.459371817566625,11.835081805789647,11.236199524692667,-3.8619158337602455,11.34821396616004,3.7618812377768167,11.307291324265933,-3.923772157161747,10.072017681188035,-0.7380209564356704,10.833214746753919,-2.9309805338814487,9.09926622566251,-0.25381794606393276,8.098804346730388,-7.1854969182302675,9.15588976098642,0.07879750457875458,0.04442718919567149,1972.581264166741,727.122522533565
Rumba-Misc/Media-103514,Media-103514.wav,Rumba-Misc,Rumba,31.787936507936507,-178.71868839246713,126.66790133537712,80.97289132424983,31.339770156252932,25.159729291319767,20.78540750749234,31.37274386963083,15.321284649988002,11.07675339107052,12.530783970666475,18.641625598684456,11.19013786197169,1.199214270924775,9.534373275697403,7.036441169511967,9.20320843058092,0.13570053657719186,10.76707133717272,-1.8781522681760352,10.370131584808925,-7.024559638941944,11.411478163580659,1.4782323130754258,10.720878777762596,-0.6110904153409096,9.634104516755968,0.08357944139194139,0.048591817486860034,2180.383846872111,815.6945016880169
Rumba-Misc/Media-103608,Media-103608.wav,Rumba-Misc,Rumba,31.787936507936507,-216.78748895007007,119.37486943723378,104.80777110069621,46.400908684556065,14.360321906706073,33.347887783964765,38.29578175059225,26.09661044003458,9.869904957934985,18.33303021780272,5.524226906363438,15.046284968835755,0.08426101500781559,12.934055565048917,0.11905608714615772,11.34589627489873,-0.38457658338990813,10.775689338155948,0.19839715667665972,10.2450461407354,-6.119384402284636,10.729612315005365,-1.7645850299088774,8.249623205189426,-5.697688000322988,8.585634437505258,0.058757941277472525,0.054900558948243174,1743.4292876785892,899.8476271565174
Rumba-Misc/Media-103609,Media-103609.wav,Rumba-Misc,Rumba,31.787936507936507,-242.52055136526255,103.43096438050752,118.50649489337331,49.37765847105128,44.80417297978524,29.12322472845731,14.682706352867106,17.78864043946017,-14.919974245994025,20.57270849928959,11.632017143062676,13.451863834645906,-7.50338040318057,18.538907095688494,6.907153548782313,11.9987927043462,-8.351540291577411,11.676505334961526,-4.917157398590547,10.438608355418076,-6.614198472269671,9.521091665606065,-6.362091973229554,13.225751360767479,0.44371347910092607,11.713371812965917,0.06313744848901098,0.043751104289602424,1717.2243713877515,862.072690242506
Rumba-Misc/Media-103610,Media-103610.wav,Rumba-Misc,Rumba,31.787936507936507,-180.25610979098386,102.94357371261029,117.05126354246227,37.63886780194554,25.535494537194193,18.655457266859184,29.935744736198007,14.120368523125174,7.525660876926203,11.423769820269733,14.724018321313045,9.920208221779154,-2.8127851126910484,8.944041494077467,-1.3277724577183165,7.827434364507853,-7.411465604109637,6.738991990540165,-3.1078051677104415,7.064394293901368,-4.092190212311337,6.747733675784562,1.1082455650205638,6.806911339059759,-5.256510240549328,5.965997230946137,0.046682906936813186,0.03855301884356958,1548.2359384976075,667.6851178731062
Rumba-Misc/Media-103615,Media-103615.wav,Rumba-Misc,Rumba,31.787936507936507,-340.52604441087954,96.55828755195718,133.47958921140685,41.05201915882462,9.17074142192475,27.147825697599732,7.290612477747175,18.828241062371376,3.0968070798379914,15.271626156574337,-8.039967832088605,13.227486890020689,-8.590627058507383,11.567233119482417,-11.031330529304944,12.721794858007774,-13.990699700427388,13.335690611179851,-7.94346886718503,11.55645011638848,-10.245926655263622,11.601434290842825,-11.24090467810608,9.743327930509185,-9.130911844432323,10.315831482698849,0.054239998282967036,0.029873905932019905,1219.1039987116199,517.1428077872469
Rumba-Misc/Media-103616,Media-103616.wav,Rumba-Misc,Rumba,31.787936507936507,-283.2030097456252,98.43835645827659,98.80341892204565,47.5297428416259,8.202614257787511,28.20739086524774,21.61255635339244,17.235443710174607,-3.488236998378527,14.932867802320857,3.4506187294691886,14.29921009445779,-3.500452146576672,14.164592999232005,-8.692099725677762,15.125098736588676,-8.228390573622306,11.747453044953055,-3.361998725997009,14.359599037737413,-12.303225084045286,11.39472072480636,-6.073336966049969,11.187550388595948,-10.986042976266408,11.515315397821585,0.09408982944139194,0.09471371783518967,1978.9731374957425,1223.8579375243419
Rumba-Misc/Media-103709,Media-103709.wav,Rumba-Misc,Rumba,31.787936507936507,-156.57568551741363,107.4075863157894,135.0737739601381,42.18300987285295,-9.742764896201269,22.722031874155675,18.42227764723614,14.759058000737607,1.4000593400317347,11.242881028706245,-0.10239840967108285,11.214443181776494,-9.480551288279589,7.284550554429176,-4.956228567805096,8.023151389671273,-11.092259033540147,8.845452657332498,-1.9737487161795528,8.105041927656611,-9.67042937632661,11.020754357149935,-4.6562552041599465,6.7626263114007275,-10.514711179714672,7.739348530239838,0.05039134043040293,0.02260934846038721,1404.3801908383548,561.8265588815582
Rumba-Misc/Media-103710,Media-103710.wav,Rumba-Misc,Rumba,31.787936507936507,-177.49690898338358,119.93318550983244,74.94347990894282,37.25719871305946,24.416695149590257,22.594780735366577,35.4772783396576,19.185024373806087,6.616598336752296,10.591680628723216,7.979059476366283,14.944494689773883,-2.826849782196028,12.91683815427611,3.528986507530247,13.579788778934235,0.6000378111607971,14.593100643381964,12.293131097209038,13.84335000013908,2.253410299393055,14.580305880031585,-1.451537533856494,17.845574226388905,-12.40165082541114,15.342259379559271,0.10841525011446887,0.10707962672407179,2271.1487287427385,1154.636722081262
Rumba-Misc/Media-103711,Media-103711.wav,Rumba-Misc,Rumba,31.787936507936507,-197.67501150175065,103.01377783924492,99.79104868529375,36.90625201249549,40.246075082702,21.385030778045337,42.92296563054657,17.428702130899765,11.33443899684735,13.548744750573665,16.581201453254856,11.299175524936095,-1.295183912449943,9.700699446866984,5.705638770910757,9.05340008085371,-5.079996026559586,11.1198349155787,-9.390532965026422,10.516988858594864,-11.695537734128191,11.336696726086764,-1.834759374679437,10.745276215739038,-8.979624083204175,10.729170060498715,0.04243074633699634,0.028636088546510764,1641.7819436429934,745.0668036752861
Rumba-Misc/Media-103712,Media-103712.wav,Rumba-Misc,Rumba,31.787936507936507,-224.53377982551828,134.77962192837757,57.82678130149015,41.6894593237981,21.43083496524942,31.04277601374317,36.42201267417125,26.102113052896676,11.015497888083564,21.17978947337171,10.592997201593136,15.528015411229447,5.307234303590456,15.516730899975142,17.174822865100648,12.87169919384518,-2.972247534723316,15.581183896884047,9.118751023631194,14.381435111170275,2.4718319172458987,12.450762030359767,1.5565915774901176,10.976656172016913,-9.766591503443147,12.621611388380906,0.07946392799908425,0.07751890982419123,2502.8786235289517,1297.3082448790492
Rumba-Misc/Media-103717,Media-103717.wav,Rumba-Misc,Rumba,31.787936507936507,-150.495573636186,103.35867820111596,124.41603060254891,39.545902548420436,-9.783216121862136,19.167854943437867,37.2148044681256,15.032921296691654,5.570318321247144,13.050760213664377,0.701262373944783,10.83376196128499,2.7089594640247183,11.210342280792116,-0.7483245952406152,9.893484960801635,-5.013016172236648,9.658118226336223,1.8504759199487009,9.945537010609511,-10.771424755598991,10.57091563544174,1.6924852709139155,9.155822041416215,-12.16224228262945,10.357493504532206,0.06469458276098901,0.036010186563692544,1538.7681277251045,636.4830291068913
Rumba-Misc/Media-103809,Media-103809.wav,Rumba-Misc,Rumba,31.787936507936507,-235.62851089512375,109.63169948555701,111.05186240499128,43.52911646781111,15.813527796293224,20.478778603752314,44.32815297505957,24.94425356386953,8.924245329000623,16.182643754446794,-3.8802148448262783,16.067439373509686,-3.0179990081215275,16.10196639675141,-6.652373436058494,11.6436601774586,-5.059900560023661,12.879627112691665,-3.7453898616072103,13.457011776928733,-19.19998288379345,12.98584733306312,-10.942865266770255,11.420969818241263,-13.527977697813078,9.493463115203854,0.047668770032051284,0.036573703269335185,1510.678328616811,764.7894187942612
Rumba-Misc/Media-103810,Media-103810.wav,Rumba-Misc,Rumba,31.787936507936507,-256.2845675950141,96.45088656301638,135.74803373505853,45.06383015574037,18.024251632389888,19.902917595624604,37.10762371166385,17.96816045137414,25.087141335505518,14.983559673456101,12.011139133547113,11.769921456961361,2.916985332520183,12.760081611206889,6.344088211790083,11.95422441935083,-0.39254269992674756,12.636495171297932,4.053726868695389,10.032266961326906,-4.518098187641875,9.199428586135097,-3.5461493528488197,11.302331082081604,0.46597035294184486,12.011738958269385,0.02816220238095238,0.02303152025066592,1144.1754939731268,588.8206076214763
Rumba-Misc/Media-103811,Media-103811.wav,Rumba-Misc,Rumba,31.787936507936507,-174.28772820992205,114.42614597971524,95.02773397900582,37.34881506894347,9.005711515842256,22.48773468218987,38.743158632818925,20.01145613115917,7.87519532746506,14.323716339951226,15.662596667005099,12.106603905934179,1.591920817100763,13.431997922299919,5.43319599866419,9.369038652201041,0.06837967092824004,11.36004224014498,0.8498884912456673,9.943689489784262,-10.440279054126886,12.209318722884793,-8.009072646489086,9.734775177812276,-6.748483242561445,8.799545543511972,0.057496637477106226,0.04008973830401557,1756.094310884165,710.899414114449
Rumba-Misc/Media-103812,Media-103812.wav,Rumba-Misc,Rumba,31.787936507936507,-208.88313020848517,122.45640745140913,81.14297873853674,40.13209703852475,16.864099203285196,28.013083487982776,25.12423247448537,20.57681470327479,12.441600556044069,17.373405855847146,3.038864169849381,17.0560999479551,3.271980229955377,11.402028935765397,8.764994432157495,15.530906589310392,3.420868771253635,12.436365941502103,4.447106074479974,15.241770503826684,2.53922759395132,14.966356429014713,2.3064041311577426,11.500433458894424,2.086405430526652,11.865092097365233,0.08016540750915752,0.07734021339838439,2102.352358150648,1078.4386736209012
Rumba-Misc/Media-103817,Media-103817.wav,Rumba-Misc,Rumba,31.787936507936507,-178.2969301332623,102.97936268124863,118.10736421076564,51.467090453212485,24.331613875712534,28.85969541228814,34.79518760947054,17.98084773801399,4.580582553330625,12.26361098817828,5.876346567907829,11.088613412456505,-2.2148457907321806,9.026996428088598,5.233375682288555,10.038338887419668,-4.514895705990006,10.19349500075172,3.4191797477060364,11.370816224741743,-7.152768483438356,8.576012338893568,-2.9802253434114467,8.948817580489472,-1.4844874379723034,8.029696555375347,0.04747059581043956,0.041121007227510775,1597.852157886087,940.2138835080353
Rumba-Misc/Media-103818,Media-103818.wav,Rumba-Misc,Rumba,31.787936507936507,-210.76004364966448,110.55539606611784,129.83861421218816,47.00194960599728,14.25893861710289,26.58653179403441,33.09599666619657,18.330784050941126,12.892773591445566,15.497671231131045,9.877614325442279,13.51420196927818,4.225411391950579,11.799953426938997,3.208979046611688,9.971644832014448,-2.221079139460347,11.548193162829488,3.107233437924728,15.215139488353664,-10.134685300915658,11.421617822331676,-0.27062063128206815,10.975681805999258,-1.9802631237979385,10.573227452450732,0.04404439961080586,0.028891548481851177,1363.4015541661759,660.0438453028717
Rumba-Misc/Media-103911,Media-103911.wav,Rumba-Misc,Rumba,31.787936507936507,-204.06263322145236,106.77089571685258,128.33661564872574,47.35681579711574,-1.7641261778782824,20.394572523260614,23.01397559059782,13.658236123191148,0.24849755981177313,13.320408836008822,4.779227825251931,10.323243781584246,1.5324054569720496,10.663664485422439,6.350021540454345,12.756251985936839,-2.803616821435039,14.23306192754521,1.9326690024020186,11.063734848129391,-5.375549825920953,11.880539905731556,1.062350266797201,17.50755223085193,-1.1994383047079784,16.761003784942535,0.06300902873168499,0.03518135943568681,1465.4065172486098,601.2759981376887
Rumba-Misc/Media-103912,Media-103912.wav,Rumba-Misc,Rumba,31.787936507936507,-163.34231238676935,115.84753860221929,115.46699089348003,37.37459504349181,-13.81011508922412,23.08928773573579,19.90337591908759,16.158950625663795,-3.4961655680666044,14.880213313792213,4.2469562490695045,12.522674207602925,-4.3625703838464265,10.668395779112409,-0.6545757181672073,12.883932031950575,-1.1733642911881874,12.830271481546967,7.763826443394284,12.289431604070172,-4.534696932634422,10.225853394332574,-0.7283628339290772,11.231844301496253,-6.381032573273565,8.873621297828327,0.06669564159798534,0.031835690408746835,1605.7879454340643,583.668829303381
Rumba-Misc/Media-103913,Media-103913.wav,Rumba-Misc,Rumba,31.787936507936507,-176.52399775705658,118.0359685601547,97.57162591687927,42.05228147368139,11.085254745436389,21.575890982029907,44.57671582510092,16.444510214842534,8.054743044954359,11.553584696548233,15.751102396747864,12.24326676166514,-1.8930173843996743,13.4348866938244,7.347910097462955,10.735382790859045,-7.611992694746101,12.695188619948462,-2.1248165237972274,13.442607330748263,-9.6023062722732,13.13759175908048,-3.96928737914992,15.278590888440792,-4.9112709535998915,16.058175592275777,0.07349544986263737,0.06567043110394409,1779.803394401223,855.6956368627932
Rumba-Misc/Media-103914,Media-103914.wav,Rumba-Misc,Rumba,31.787936507936507,-146.9771812310663,121.36497113455282,95.39666357998435,39.0272370170363,9.74863023551755,24.504719417880533,34.815261977937475,16.035557809328278,-2.3729046241171146,12.707531801576383,6.225851617463338,11.60488253968062,-9.113169799600833,10.133652339463557,-2.592766709446265,10.471881034139418,-6.380324264740358,12.794736173374814,1.3755701290390054,11.20664657307003,-7.019509263655263,11.523670446141939,3.03951393269358,11.725209722269101,-3.987355646029236,14.111006442687964,0.08489762190934066,0.0642368920627743,1943.2399027424942,853.2471333807287
Rumba-Misc/Media-104005,Media-104005.wav,Rumba-Misc,Rumba,31.787936507936507,-228.8979641958363,115.00982775154404,114.02451787741222,44.29315113653591,32.07208123095424,22.97984085517987,9.48037057612282,16.668178616538768,-2.0135520514309073,12.44139134194752,5.196178356802121,12.607492444889518,3.369501799460707,10.691324383929487,8.906940750370195,14.719534826480952,0.07282974499762448,11.636683925107063,-0.45647366171899273,11.550737807598491,-2.781134275961477,9.845030454494013,3.7241715309609984,10.264096038458723,-3.395866239575899,11.663056352135582,0.05935246394230769,0.0346720048834716,1663.1159447490006,808.0534091985494
Rumba-Misc/Media-104006,Media-104006.wav,Rumba-Misc,Rumba,31.787936507936507,-173.80826473292106,127.70107652306334,86.80139243561604,41.251842365649395,33.516588900759864,23.235437404461035,20.95777194452433,16.20078457762932,12.533541777583729,12.45758922620837,9.167764780549895,13.633503189163623,2.9442421174032116,10.88321513238198,4.247839295177224,12.04354789327589,-4.50439240687085,11.832422631562913,8.496498021915247,13.215845500785882,-0.03358154087792962,11.92881461698795,3.4622630666200704,9.350066678310007,-7.415989406727759,8.767638568846895,0.07690304487179488,0.062275055188299955,2408.338010849595,1094.327287672179
Rumba-Misc/Media-104007,Media-104007.wav,Rumba-Misc,Rumba,31.787936507936507,-174.07931182529873,110.98281934318226,92.10893709824597,37.585451639997046,35.97227850376228,25.150464360088925,24.980637991457893,17.755782462208273,16.272754388464055,13.260868652205248,12.452548011850325,12.980366945037664,-1.943449439968434,10.568186326652336,4.618302650873704,11.966507001560839,-1.2776162957720734,10.593249979699387,10.018424361164499,12.8741922749491,-0.9703394528911926,10.491033248869046,-1.5099218264343288,10.469838860888961,-7.3876595998298935,11.519408639839977,0.06149517799908425,0.05155206224320059,2089.5963046987617,904.3787202513262
Rumba-Misc/Media-104008,Media-104008.wav,Rumba-Misc,Rumba,31.787936507936507,-248.9154592055261,108.41448845915423,105.82037532132433,45.510356538424915,4.1151786520563425,25.958706906097287,-2.223961244298058,21.717893518268603,-3.88253320538773,20.64712916009985,1.6241973923643784,15.172261212254035,-16.529941339576773,14.025396907752567,-2.9874288592833094,14.77327045056423,-2.4625826895250014,16.765606282489777,1.903928880507789,15.924900359091708,0.6615448954508731,19.14835339742748,4.041254370805522,19.127495765643594,-6.308606496538822,18.729421306998347,0.07360169127747253,0.04604988752298786,1824.218940724558,990.3826528798301
Rumba-Misc/Media-104112,Media-104112.wav,Rumba-Misc,Rumba,31.787936507936507,-297.83118659567816,133.99349482277336,83.72252057025395,37.9968183788164,36.793893624066556,24.917140408806354,2.3506889140308416,19.01193973619685,2.1953169737198985,14.81472936172084,-6.397294227011453,18.72798224486083,-10.902171226850927,18.86974451781897,-16.128885250222744,20.962749821313572,-14.777596463386715,20.83634378506235,-7.096089504351328,16.762484707001406,-15.543204218098936,14.71646654070608,-3.92700033401953,12.489730946571404,-6.747197833207789,18.139130145452874,0.07453747424450549,0.09003900915521766,2078.6659044189305,1246.654531229202
Rumba-Misc/Media-104113,Media-104113.wav,Rumba-Misc,Rumba,31.787936507936507,-176.1593456323865,104.65393826434624,84.29693219315253,41.753620634799475,-0.9268992610846921,29.21655511330366,6.088274680985838,19.85443681774676,-10.33539049125064,28.27324096019531,-17.0514843292694,18.577653109393456,-0.16759427904443472,14.369633127746978,-1.6566493922253058,10.908236742879964,-10.108531766353,18.458261240933194,-11.468654520376123,12.87201295851999,-15.292907558445746,12.71072150312275,-1.090474312816532,12.426047574713591,-5.295385639990507,13.348609914989936,0.12124434809981685,0.07963809231626882,2552.608502702009,1176.6774471436634
Rumba-Misc/Media-104114,Media-104114.wav,Rumba-Misc,Rumba,31.787936507936507,-239.3902550034499,113.70859482356641,95.7953549114228,38.85634855708004,19.935387484298005,22.12721884704365,23.28520890957421,13.731344495263782,17.655540888945843,21.250643640137053,16.748247176867235,11.952860925748453,2.236001217550265,10.636496217615546,1.2319953083286643,17.347822180526407,6.956196422030421,15.99592923022026,6.106717388933137,14.749631680793382,-6.033949832008179,16.344387274676322,-8.63688942027704,13.923217425189048,1.7071598480640218,11.116387472344334,0.08840394631410256,0.08627498430524777,2036.2977345237305,1016.2321407669043
Rumba-Misc/Media-104115,Media-104115.wav,Rumba-Misc,Rumba,31.787936507936507,-213.9540331497033,107.70151607289198,129.10697920117022,45.83117900628325,9.579586075521508,21.66719943787428,29.782594366802066,19.82038865956224,7.7560707855285465,14.435480280607775,2.5502889029381506,14.852565486190356,4.125897108132286,13.865761666372684,-1.2250410225237005,10.684025216287392,-13.001860196557868,10.946897191800083,-6.042043893657206,9.640925771488224,-7.67690447218252,11.281334085977592,-3.077553158504529,9.395820341094812,-1.7393940207192677,8.058395024732762,0.04777680002289377,0.03678446749893153,1395.008421812613,592.3672378789591
Rumba-Misc/Media-105209,Media-105209.wav,Rumba-Misc,Rumba,30.71950113378685,-228.84747126939814,79.66291023204435,152.74475807179377,30.04154372367772,4.655531297054205,19.585807285703673,8.084990089876923,17.126380959589124,4.672213429431536,9.12651323634405,0.9532197364024482,11.743021642439738,4.778005465255034,11.174338629656383,2.725837705002596,9.475265691208294,-3.1791383356685996,8.878817981086192,-3.895337399209174,10.23865686249353,-5.474435638662909,10.514774304417925,-1.5700922659381447,9.286676204105477,-8.112745763037198,8.68543918768494,0.05164453421152388,0.036195043484059546,1252.0510941314712,403.23116679368945
Rumba-Misc/Media-105408,Media-105408.wav,Rumba-Misc,Rumba,31.787936507936507,-179.8665824799003,98.16603417714336,113.27421321071002,46.61047138303606,2.69625728670037,22.198399061750973,21.918253770838444,28.367278315731888,-5.099892446912437,17.187721456825514,-9.299528428311493,16.776449466933222,-16.8876720315073,13.632249692031579,-8.557275868076161,14.007951720909116,-5.125575602102403,16.492283111514123,6.868838122054006,13.02964680829588,-12.964565903247221,16.542694020892,-1.591681755207949,11.658947429072896,-7.414220573177597,11.024332110646943,0.077410642742674,0.056440622680052954,1900.9105733804759,931.724011787963
Rumba-Misc/Media-105409,Media-105409.wav,Rumba-Misc,Rumba,31.787936507936507,-197.82248906778233,126.99549433337936,72.29342692799992,55.948392744111324,28.476849359466783,29.866010528274195,25.555595059920286,17.798250713959455,6.87112733050033,14.845567620296263,12.020217587359898,15.241189084231817,2.196858388726981,14.24179318714524,8.527307212334541,11.97401558376662,0.8584549175662234,13.627531762433447,9.866078856806094,11.655428829474898,-3.2935620572341215,10.69025458452913,2.3368594057044034,11.06906803155872,7.936871206595037,11.825854281033573,0.10277622767857143,0.13526711263866664,2584.1776133271146,1546.415528688746
Rumba-Misc/Media-105410,Media-105410.wav,Rumba-Misc,Rumba,31.787936507936507,-204.9725647939857,97.2431290198601,87.99500095238727,41.953142515009986,22.879839391991496,32.55407637244659,34.17001032555113,21.274471659438493,4.828631922410755,16.795860784490227,4.807932670178051,16.03211191235727,3.6956991995727217,18.868773737574752,-2.5534318972677195,13.78198098101578,-1.6430360422502064,11.63706025082765,9.704846079677674,17.65342875702322,-12.63448788911698,11.720015004598034,2.3477310240151987,12.2014368938434,-1.860226945935481,10.420175856274561,0.08443187671703296,0.0760837716247468,2057.7312269382737,1049.9330244636485
Rumba-Misc/Media-105411,Media-105411.wav,Rumba-Misc,Rumba,31.787936507936507,-188.58844350125295,97.22378019201162,82.97850513056441,47.40406962860966,23.456111950157872,36.38486056888218,37.22165241871263,25.141064172562846,24.322382122254417,21.8529169869061,9.453192808073602,19.417440766163004,8.036384940970596,17.100488472279558,-6.387278630575189,18.769321943387943,-1.8051917098343337,19.476298680174065,8.374319554782955,15.065695321526364,-11.208434332573777,14.04983187550809,4.384129890444561,13.36619206255664,-6.057864871782172,12.128711753734235,0.07730511675824175,0.09092038632600385,2155.995147831138,1210.9482107791796
Rumba-Misc/Media-105412,Media-105412.wav,Rumba-Misc,Rumba,31.787936507936507,-94.11007522226866,113.02350059358884,88.03598987529932,32.8303330634941,10.655585577091754,17.25628754231596,43.7393943125299,16.808492820109887,7.993530914318505,12.054024646365468,8.74878095292923,9.675333050101951,-9.073584262953139,9.950761095408616,4.81814327214454,8.930114099735007,-4.408246513062447,9.20430564240353,3.691479507663211,9.522951423185454,-8.283081601400461,9.92651416039292,-1.008930732035124,9.464415245770198,-4.44038921998789,8.520423009571788,0.08551897321428571,0.049742144763733925,2102.160260682345,727.8504634436445
Rumba-Misc/Media-105418,Media-105418.wav,Rumba-Misc,Rumba,31.787936507936507,-186.44465752156856,87.68421385443816,117.62656329269193,33.456089554403036,21.376014550774073,28.719686026050113,41.83824202683905,16.768463299191215,7.006963648570009,13.49785323289151,11.033181103209252,10.166602340036535,-1.474424119352998,11.747338035954048,7.1022399950662916,10.504892842682269,-1.2169637843989367,10.992902491260558,1.7139364001263573,10.590450942183715,-2.66403980911826,10.551901326375246,3.8165636064218105,10.663648398557049,-2.975010959198835,9.93669765972603,0.057814288576007324,0.04254875716417291,1554.672485656859,558.7402163151963
Rumba-Misc/Media-105419,Media-105419.wav,Rumba-Misc,Rumba,31.787936507936507,-213.29400235303206,110.88054732211816,104.28238194001665,50.06118555299552,-35.59487230005938,32.46072239665772,30.89086708002452,24.26584008869989,-9.376176823919213,24.73140176245521,-1.101990776418882,14.389746522051471,-9.78442728480234,11.555010416900604,-3.845615018542331,12.092437109891224,-11.510570918009666,10.126133757255268,-11.883121355002329,13.469562693488552,-16.165912297955433,10.10269150343957,-8.074391807826915,10.372760433370047,-5.1120017592835705,12.63617796695515,0.09506853823260074,0.055217870254339295,1965.931453880803,828.0620276482966
Samba/Albums-AnaBelen_Veneo-02,Albums-AnaBelen_Veneo-02.wav,Samba,Samba,30.143537414965987,-112.08501994212084,76.692521274497,85.23706600888343,18.134031608320026,7.264869313134317,12.588873217571052,20.84155052002227,10.551132191628085,5.611401037977648,8.78663031415108,14.980056859024716,9.078003581073698,7.118276423405676,8.389518109785861,10.84838668100391,6.33821809292765,6.824838177085433,6.6383136537992895,1.7403330436773996,8.342218836943914,5.032427442352598,6.965055194436383,-9.392650343354378,7.703162831758482,2.7619863512494445,8.472079418502299,0.11327634833494209,0.03553368630132903,2580.4913665615904,473.3355141884537
Samba/Albums-Cafe_Paradiso-01,Albums-Cafe_Paradiso-01.wav,Samba,Samba,30.143537414965987,-117.00814813435424,66.55009123886285,59.65394154140611,22.00441070678645,-3.8458371717953748,23.921179846970183,20.739526998420292,20.98256123904526,-0.8812679515553605,14.867919648226241,1.3693801678486524,10.226619645750006,-8.51850548915117,11.34932042078134,-0.43909308005009845,9.491929909850779,3.276343578540475,9.404847580127043,-2.653027292667167,11.273369906779687,-2.5973433464316953,10.631323651482814,-2.4285839899219446,9.262024153184896,2.0419350071707116,8.999918914225876,0.10542011040057915,0.04963614907643316,2899.786363009197,586.0501120485832
Samba/Albums-Cafe_Paradiso-02,Albums-Cafe_Paradiso-02.wav,Samba,Samba,30.143537414965987,-69.35982619744438,66.67219740893826,77.82613094852435,25.752728377353368,-17.449566030025327,35.20871401264176,14.76452237496417,19.31351075939058,1.71775784787745,12.881060619404654,4.187071481234926,16.651211233971974,1.6584772551523383,11.40595126457641,6.530260988221438,8.557732990727168,6.761174127887948,7.790527010424721,1.1854267045677536,7.433611115692539,0.5784988615996998,7.291436109354992,-7.203753141407445,7.473139986800325,-2.1674146608301252,7.3078831840926375,0.11495007842664093,0.054939250232902775,2505.003133292379,543.2823665932924
Samba/Albums-Cafe_Paradiso-03,Albums-Cafe_Paradiso-03.wav,Samba,Samba,30.143537414965987,-114.80594677345744,78.46237157406208,53.395883413202974,20.159409317590775,-28.206339260000313,16.619168284292712,15.682193954932934,21.19419371810952,3.93246853715645,20.824778915110134,5.791548775747072,10.897589617874953,4.354588850628493,9.384124698350528,9.44279923681958,9.181620131664715,1.9048306116935871,9.362500977417824,-3.6557886028320468,8.83760777458339,6.4019471056194615,8.333172004526292,0.9110053250867234,6.774048044318893,1.290406190739108,7.267617450084687,0.15562220982142858,0.05851962243276208,2948.8670599343454,501.72449788742654
Samba/Albums-Cafe_Paradiso-04,Albums-Cafe_Paradiso-04.wav,Samba,Samba,30.143537414965987,-58.61161258901967,65.56841415295933,97.24393984681649,22.527939473792607,1.280746161747381,13.815471040750515,21.895579755753293,12.098101057423074,4.928435468176686,9.900737949657024,9.38454811918712,8.327390090592393,2.1975623366313513,7.374171019971662,2.3996148059184716,6.862509994025579,1.1687783451980704,7.436798327493212,0.7287243792782488,8.060792240884453,5.027409374228159,8.562905083421027,-1.4517720273000916,7.234673101297082,3.425753082022277,6.3416431258888295,0.09965424408783784,0.044975945334803126,2281.1074408208256,509.25473921043397
Samba/Albums-Fire-02,Albums-Fire-02.wav,Samba,Samba,30.71950113378685,-135.85871988241507,94.23937089126522,107.0607502309222,25.795522892242882,13.26371334596657,14.310931393634782,25.893766140868163,11.895126334318453,3.564225230452325,10.75413303696368,10.263113186638918,8.709905075086152,6.079062641505269,9.034572715061728,9.915464970614481,6.824447945267399,7.616920485128089,8.584861823903418,5.60016632600323,7.620984412611313,9.395114033095743,7.626464546530874,-1.5925687618387563,7.343140668431605,6.499065694634647,6.308386316865291,0.05234012213324488,0.03585708182442925,1858.6212096495135,603.4447456438846
Samba/Albums-Fire-09,Albums-Fire-09.wav,Samba,Samba,30.71950113378685,-159.0453898732888,99.1573888349262,90.55475354032058,24.441581784747274,15.930290139008253,20.041338451434722,32.186264546227214,15.094829613418264,10.648028270960648,12.861580201384797,15.787050848579577,10.544626769636288,3.3861813412464117,9.540319232121945,8.183885029360885,8.39827208468776,8.872291846105579,8.488482354940349,3.0594790797205915,8.75199343691076,6.35222158305217,8.03735515256909,-3.1984106711579465,6.488947490808616,5.173931935916003,6.464137508122295,0.05677537433661865,0.043423627538268665,2037.7889100280327,568.883317981947
Samba/Albums-Fire-15,Albums-Fire-15.wav,Samba,Samba,30.71950113378685,-138.59255976102475,81.89776478326574,104.32266502509508,20.804109106731207,19.818708612817293,11.315906550235264,25.790089580776893,10.274964453660521,1.8965904734639707,9.242139428987013,13.967171817386497,7.095466682308001,5.744989850549386,6.710567282835931,9.462345289955334,6.274387454212276,6.825891616261338,6.25731192261292,0.25171663780428305,6.486930554288115,4.557308103134652,6.447988201400745,-4.7521742090337264,6.051723435376193,5.123375225874488,6.232912109872706,0.052347525942949204,0.02741645223685251,1948.9216573659237,429.554505634796
Samba/Albums-Latin_Jam-03,Albums-Latin_Jam-03.wav,Samba,Samba,30.143537414965987,-81.52678983689573,71.92242410150409,47.85014405669209,19.949439494851436,3.0323171248723426,16.525367007098104,20.938070115954396,13.028501493463189,4.1692754231859235,11.786255313016285,18.117131170033932,9.080309309174265,6.227831224655797,7.48186147105871,13.024710019052678,7.828068194087682,11.752799845115552,8.384453364903875,6.978466620937122,8.590909028306392,10.969272151505407,9.370421419588745,0.8728094574239404,9.83935439060454,7.2201304619676065,9.917954735124912,0.11278391952220078,0.07392563102112568,3108.5939635331106,614.4313878693065
Samba/Albums-Latin_Jam-06,Albums-Latin_Jam-06.wav,Samba,Samba,30.047528344671203,-104.11394692634391,77.26082726235697,70.14900684089854,16.71824136455974,2.7573461834817903,17.62755452260067,24.82485684395065,17.01480712124431,2.7902698277223426,10.866422942299184,15.587766112840365,8.618415055655822,9.173758341320257,9.837030408885065,7.23671877380844,6.918924633557905,5.404013911612275,9.012044163429252,2.7574796352070168,8.722455983783433,3.543317617349422,7.519257336686008,-6.075928007611242,6.482123517752104,1.4766762003644025,6.9781237995666965,0.10871652001839659,0.04345115813601469,2754.6175889402484,447.15113429732713
Samba/Albums-Latin_Jam-09,Albums-Latin_Jam-09.wav,Samba,Samba,30.047528344671203,-101.11102136676658,97.41954769434132,53.019859641857636,18.90815045002101,12.242971883388835,23.035367227716367,24.065949325937915,17.44689467733441,-4.619066397914355,14.385739972125142,10.538890644989419,11.472693126329075,6.6173141470726735,8.268987770160257,8.09024828542319,7.9963088528099995,4.321636289827364,6.476147257574109,2.1374515928305717,7.625518737825689,1.4592294947962825,7.262693596812734,-7.649665173543146,7.472822843320077,3.258229327132939,7.083314105349417,0.1458576654482959,0.07539976941651158,3295.8900598487785,547.8978189987545
Samba/Albums-Latin_Jam-15,Albums-Latin_Jam-15.wav,Samba,Samba,30.143537414965987,-121.01160374538682,74.87823277766962,68.04255260131917,16.040520127919468,5.581654448143524,19.405898212198476,28.052719581712736,18.977191357735755,5.5550198783822,10.501827969802967,17.588415257797838,8.234511299707258,10.76967955671031,8.7620255261233,7.761961852111399,6.283606440297754,4.663746504045561,8.65455596199762,2.8643323291338754,8.200966617171728,3.5541516192392795,6.767236757364572,-6.901511505192424,5.9639541752845044,1.9787514283627152,6.457075104333127,0.10114849782818533,0.035976423366574785,2752.4921536689917,396.4121467320161
Samba/Albums-Latin_Jam2-01,Albums-Latin_Jam2-01.wav,Samba,Samba,30.143537414965987,-92.95770742168577,91.60944468784392,71.77912259622587,17.927664796708388,-2.459946469115689,20.34009273104759,36.515799658420725,13.332283587232572,9.79576929200473,10.771158605316732,12.965461260169672,10.60320678140861,10.39737238501434,7.808075884064414,6.172213823218194,7.442695799060045,8.98269568968789,7.272060525509911,10.156916546074049,7.303658615632679,5.201547648005815,6.800813169529869,2.278617205424193,6.7965588261407675,5.212356891684536,5.901317805210915,0.105078125,0.05088621045865032,2626.274398226055,524.0680431209054
Samba/Albums-Latin_Jam2-02,Albums-Latin_Jam2-02.wav,Samba,Samba,30.047528344671203,-89.6920562801869,85.94489480958198,93.18118802219207,15.184994024111752,-21.7929996603725,14.306278159707063,6.952708015936372,12.24632138365956,1.0362986344782619,10.965495226278337,4.1777189352021695,17.32473865120944,-2.278780599365114,14.660997741264644,-3.3310641870563527,12.189540498548782,0.560902112880058,10.425218562489873,-2.6756303646626836,9.948885874613655,-4.780242297934552,9.513600301611111,-4.45114878346361,8.254514795580377,2.859563269424705,9.89178356262603,0.09998192111250968,0.03243016204434693,2230.841691662565,392.10228713360704
Samba/Albums-Latin_Jam2-03,Albums-Latin_Jam2-03.wav,Samba,Samba,30.143537414965987,-88.63792984763565,75.387482700261,48.958419884968755,21.45968692699493,15.15024251085465,20.890968451153224,31.850287395255748,12.576382941430518,4.328988552711365,9.864844249803749,21.705513225505502,10.582158070652058,8.627369808637988,8.069551319956977,12.241967342046555,7.855164152166079,11.566501395841827,6.562874396883655,0.20241547133281904,6.579774264742425,7.81672463423622,6.552032349218429,-3.17971862734559,6.983350092189595,4.412880511348341,5.156984271026382,0.14965462113899614,0.08727014387690102,3311.9132286020063,669.7618945632205
Samba/Albums-Latin_Jam2-14,Albums-Latin_Jam2-14.wav,Samba,Samba,30.143537414965987,-130.15513120009385,78.95319126872143,83.88088233172915,20.097479410408624,-7.375993113465055,18.13547969957041,21.519697484985556,14.088310307211234,4.9975113040412635,10.045400798181086,3.0120322093105587,14.39910842785586,-5.690183808461822,12.058520699992705,-3.2878261044127646,11.600809135148996,-0.04703300329339462,10.289707792318401,-2.570939332078105,9.976009182659558,0.27628962903158183,9.933979333402974,-4.0005400356157965,8.454757446057332,0.6133047557405406,8.845697912644843,0.09280096223455599,0.04247922464702607,2366.029898260396,568.3886121561337
Samba/Albums-Latin_Jam3-04,Albums-Latin_Jam3-04.wav,Samba,Samba,30.143537414965987,-89.01815243002768,62.15806156780499,64.44573430246528,11.315446941566101,5.159843527984119,14.17530685511412,24.411861352697045,8.816421706840218,7.770184016746713,7.98728177261061,15.519488862346757,8.237288070819504,4.251208316396888,8.375959717041143,11.524894778170568,7.841806500318113,4.933630970015503,7.522437666437361,-1.461678946089758,9.278397472947232,3.103099190959601,9.192420490662558,-7.960560204240605,7.49287998425352,4.738327645665135,7.409792967423862,0.12380663308397684,0.046763637016769805,3042.135035127963,362.3071873102913
Samba/Albums-Latin_Jam3-05,Albums-Latin_Jam3-05.wav,Samba,Samba,30.143537414965987,-119.03589535680773,71.04715778648163,69.89271745483394,24.210082288809257,-2.2457160607711795,17.558468434605356,21.906261460220954,11.685384327880318,3.6145731300144956,10.709937676671927,9.914630382977103,9.382307619122603,2.0428489203858344,9.339505542039694,6.0533251029224715,9.471001437085132,3.1517974029406504,8.488433010349668,-2.1496433187667017,7.832663243182583,3.245949537017584,7.19737397194734,-0.8407929167615963,7.52014273682552,4.762405160619459,6.271185956163275,0.13624630489864864,0.08436452771191394,2854.6156104937677,668.5993071373927
Samba/Albums-Latin_Jam3-06,Albums-Latin_Jam3-06.wav,Samba,Samba,30.143537414965987,-83.16015102378768,67.17174646385689,90.92535469796117,17.948238161745447,14.936444526376446,22.928762401407,21.82780241337552,11.070209205916848,2.6465159145238797,11.069996561435191,10.834233034629804,9.716749519618162,-1.9172585549598453,8.283237323395724,6.160532186978545,7.161917031370119,6.396698584500092,7.477440170367622,0.8687238684049726,8.192055105391052,3.496321876638936,9.294539756073059,-2.450463721159209,7.934227052893633,2.1185768147716493,8.129049322439949,0.09754351170366796,0.03905525043505414,2424.3249499572858,429.2544276589548
Samba/Albums-Latin_Jam4-02,Albums-Latin_Jam4-02.wav,Samba,Samba,30.143537414965987,-65.04704218619376,71.61097067062309,75.05717136823142,18.10943600514621,3.9831797035872674,17.885503064126528,33.5751757333821,10.941694935850053,11.837721396014059,9.934803884342205,10.579294287748157,8.326714504741053,4.732425304244213,7.8022979419445075,11.596232424948006,7.286374889109746,9.024007237734237,5.966296331747392,4.791731373678727,6.652138742412789,3.557814948758442,7.505044203367102,0.5180369151949371,6.288967367127712,6.869697480841563,6.590360012404467,0.10046829753861004,0.03656557444620916,2686.9935671246526,373.795083097416
Samba/Albums-Latin_Jam4-07,Albums-Latin_Jam4-07.wav,Samba,Samba,30.143537414965987,-61.91268173004658,70.78199435014822,63.92206045286044,18.414971685639156,23.225839121603084,20.874965663421477,29.609219415272513,11.622869404332866,6.35718330823129,8.123102340923998,15.197692950159944,9.212671850131237,6.661198225447182,7.715354687747624,13.938600463495323,7.5901377013566655,5.212653776348641,6.029974392907588,0.7728574783524718,6.530645003821894,7.892185912047457,6.776102747927102,-1.5871337446864553,6.703606173353595,5.83175585832986,6.078795301306606,0.0914405616554054,0.043304295228899274,2937.0822167059005,417.1864423761675
Samba/Albums-Latin_Jam4-12,Albums-Latin_Jam4-12.wav,Samba,Samba,30.143537414965987,-74.46019760480306,71.29372026050775,75.18081890266032,19.481982218936345,-14.773092981012777,17.65412496034254,21.73500844000916,13.99691961974204,-0.13843203347455582,11.479735416064768,2.9995108648751203,12.191092691129677,0.311798622742386,10.908881714260673,1.5529832004792132,10.081068681684735,4.0279525960500395,9.659403304549015,1.974333172702321,9.152214178572521,2.4864977542539988,9.344631753706194,-4.549539562303112,8.659764937215117,1.418264968677829,8.665323271431392,0.12402758506274131,0.04099559803557213,2674.180574379819,442.49368648293853
Samba/Albums-Latin_Jam5-01,Albums-Latin_Jam5-01.wav,Samba,Samba,30.143537414965987,-120.47073140940067,86.6687283511978,84.45822455924029,19.87269175079503,0.6912535325998073,22.133494172298903,25.281422896072943,18.72760885337657,5.387867410136366,13.440776697978766,12.176711338110787,12.17665239358017,5.215404110193629,7.888309554525666,8.814272670144081,10.072967045277322,10.565198126062711,12.903888599740826,-1.0431182785430089,7.046062929759368,5.039568987189687,8.004987856481682,-2.5771295434438843,7.96207278449878,6.1330222072637275,6.848570357640503,0.08464006696428572,0.03753117469935024,2365.7492272937557,447.7580591010701
Samba/Albums-Latin_Jam5-06,Albums-Latin_Jam5-06.wav,Samba,Samba,30.143537414965987,-142.36330576022587,96.62922349408623,96.95206847855265,21.41335193835158,3.868792385243989,15.79440575757883,36.08056945179175,11.889900681740075,9.594464435680576,9.466345654124185,10.2810690820061,8.193900426184943,5.561836871056966,6.883065182256487,7.010562778962259,5.951702387952113,8.026440797870361,6.916247610680127,1.6819164238936193,6.233353184061231,2.5369122271660483,6.617249403120861,-0.460850121254157,6.347818234954375,0.9399792124804924,7.034573564925517,0.07000067869208494,0.036842017491688736,2097.7517107828344,485.41971146620944
Samba/Albums-Latin_Jam5-10,Albums-Latin_Jam5-10.wav,Samba,Samba,30.143537414965987,-128.50983745897534,99.28233088214263,103.96680612107602,34.66567007077504,21.758541437073138,18.115251753114144,21.6467249747776,17.44126307196491,-4.850477858728567,15.705794523819993,6.8245196871217955,10.387335938335067,6.815093203865481,10.424708502294951,10.01383524757682,9.963913259092012,0.2897752419037742,8.860803273911657,-7.063207478016672,8.224857330491693,-2.4989914924695875,8.54041367291304,-3.0047117877611975,8.507825870136134,0.2842839415140518,7.931094132431394,0.07022879464285714,0.038232926033995994,2157.7398956642105,663.1302304168228
Samba/Albums-Latino_Latino-03,Albums-Latino_Latino-03.wav,Samba,Samba,30.71950113378685,-208.0016534112571,104.94424990479864,103.38851267914866,34.79642962128035,-3.8291442125940294,20.525524599191332,14.476867400155376,19.86774825413409,-1.7864546976146563,12.102039700369428,2.846474727626957,13.833890952200353,-2.961281917893525,10.454929546592352,-6.457082779392352,9.913964103204727,-4.54195918415193,11.231894118001215,-8.649606571903231,9.934387881852096,-1.6796678636430948,8.890295793655891,-4.005919372280209,8.3663489571356,-2.111818129421893,7.859101803696575,0.08436678177122821,0.05327496832079326,2081.39692281635,734.9912782896322
Samba/Albums-Macumba-05,Albums-Macumba-05.wav,Samba,Samba,30.09233560090703,-120.44718914229878,77.48692237465794,104.58702753161654,31.44978751932674,-11.97351755002788,19.760031843639517,12.24726395540786,16.934948344814654,45.418622635068786,19.351015219936983,-32.18982405842972,19.985195092219147,30.28977947958294,12.522291088817013,1.3874744525330318,8.653369484992394,-21.40983338970925,9.905957750117981,33.75683647564029,11.201955186314079,-34.715982648358704,11.976409007133247,21.8714754420605,9.513208192477459,-10.17228549229039,8.26205583707499,0.11190786450270898,0.056320094188007784,2455.2090602067337,570.4819406824665
Samba/Albums-Macumba-06,Albums-Macumba-06.wav,Samba,Samba,30.09233560090703,-126.39447721694606,74.2838094984883,126.30580768128256,21.77783967429436,-3.157517509890575,13.421408883547503,4.1636620348951165,15.08886089500155,44.39697023775202,14.884295712534158,-35.46980253299318,14.540252565571427,38.90924105117592,12.199170964346246,-1.8026596563720456,9.521982826238135,-18.351389399151522,9.405972974245095,39.293416848046014,11.4977044589127,-33.5635936351817,10.981950356449802,20.39518778439033,9.651164232435345,-11.505009195183552,8.55741432412774,0.08385776956753097,0.03600040316261886,2144.2742726038628,436.36789153099124
Samba/Albums-Macumba-07,Albums-Macumba-07.wav,Samba,Samba,30.09233560090703,-127.1417623247249,77.56891465539798,117.46363923722767,23.343881600323478,-7.561192581101776,19.334632805862203,8.814123484422357,15.392939254043394,48.08579566565469,15.83569217812046,-33.176967006677174,14.04859955630394,26.61858389149503,12.485123867627841,-1.4358856995082545,8.970610769635725,-15.019907856880357,10.415915072726639,30.69287821027513,12.749638941363513,-32.12576225502814,13.471158911707958,27.4079812268593,12.101416836702715,-4.053381075499969,8.704877575697092,0.08030866026509288,0.041759557678894915,2185.216268224047,462.63273008181625
Samba/Albums-Macumba-08,Albums-Macumba-08.wav,Samba,Samba,30.09233560090703,-141.27876430822207,75.63051373449007,121.17433963808786,19.673594364163076,-7.369374760857017,15.303739926433048,4.039774159395075,10.873252307472477,48.265787870846985,14.169138341386063,-31.961365707280166,13.263480584026082,38.38261158283706,12.785402907194557,4.800743123354849,9.703911582523741,-12.929864693631265,9.45190198175209,33.01400837880963,12.50130731511059,-36.49390850117388,10.403275960465907,20.83399475684269,9.394938364323806,-3.706894930000243,8.51899107240546,0.08830861189047988,0.037071595980127214,2183.4275989973953,404.71377319925324
Samba/Albums-Pais_Tropical-01,Albums-Pais_Tropical-01.wav,Samba,Samba,30.143537414965987,-79.33522535685536,69.47323322302942,68.58028408300055,15.182112515869537,1.415048732840016,13.594118838613586,30.878382915358664,10.217575356029679,2.2842229205262186,10.771355438621582,7.042882029725193,9.607781579081607,4.139743881063682,9.792798133896287,4.018080209104915,7.267057783214573,-0.148159596548103,7.654440513428679,-3.589658209671023,8.741853117975724,2.7097311966673803,7.99861135212999,-3.3329428383298323,7.8844083264305596,3.6030810028860127,8.087112029949852,0.12558065878378377,0.042132367043846444,2789.8960453894742,422.81144151926634
Samba/Albums-Pais_Tropical-02,Albums-Pais_Tropical-02.wav,Samba,Samba,30.143537414965987,-102.22081983187427,74.38489660724683,61.929030373743146,27.730175951644817,2.2637211778694732,13.69531543017937,28.315215510040666,11.597064331354396,7.871458097102719,11.057631979661194,17.370464772252944,9.367917105095119,10.807831259396885,9.55095580657587,11.41675441348649,10.016480864777316,5.053527736059987,9.10256527336826,-6.766065256513545,8.504324150933929,-6.580699926467282,8.4921617595583,-1.7765284965334045,9.432818238891995,-0.487171760244371,8.44741525152369,0.13696232504826256,0.08318743800300749,2977.3277002573845,778.5875203145353
Samba/Albums-Pais_Tropical-03,Albums-Pais_Tropical-03.wav,Samba,Samba,30.143537414965987,-109.60194623133691,83.982492934557,83.67377972103556,20.845536057142454,3.942997150195618,13.910533051182217,35.74936986235789,14.923801811075968,6.52601873741981,10.176499923819392,12.834068683152902,10.877641674944138,13.35879275669955,8.58855240017276,8.831881487926637,7.390883215668769,6.3824284674855605,7.301074534367783,3.6796454759773183,7.540470020207741,-1.8949327698049003,6.544931542212167,0.3101382544624251,7.0067295825032145,-0.4288971858768431,5.998019304447984,0.08462121440637066,0.03708429790024426,2334.352091832155,479.77272295001825
Samba/Albums-Pais_Tropical-04,Albums-Pais_Tropical-04.wav,Samba,Samba,29.951519274376416,-59.6645032093278,70.9241710591249,85.94111144714464,19.04041073957369,-11.113555991761645,13.066320288959304,27.024503967184785,14.930498615053908,9.301394701092194,10.18642166140187,12.545411532779282,8.841874786165588,11.079498945972041,9.392130604316643,8.799473282725208,6.223674701113905,2.6748658507042165,6.910928990038391,-1.8123885551714176,7.345657975174893,3.876510432891979,8.77330066011978,-0.6238803949206215,6.962559103980883,2.6246731672522716,6.965611486810478,0.10125305270703733,0.04117124333947096,2353.249992894229,423.54803416817936
Samba/Media-103501,Media-103501.wav,Samba,Samba,31.787936507936507,-197.528634669637,152.97793632439283,76.81800080388358,34.62532582586051,7.998690207957316,26.168786113637466,26.650936782018924,20.92606187123091,11.655876060571076,15.565436286564704,8.233765198065646,13.183748099317679,-4.015360224840947,13.035805477272481,6.727576471097453,10.908138568586809,-6.1291758200391495,11.660671109996247,0.9727026395196217,10.342300002423197,-7.670363652821442,9.734333355047479,0.5870146749886435,11.509758482218395,-3.7698686385672158,8.779506989476275,0.10512319711538462,0.08210798274220059,2318.5164477393805,958.0346777553211
Samba/Media-103502,Media-103502.wav,Samba,Samba,31.787936507936507,-131.4903388980648,123.84196188199094,72.19779893288252,27.959447927647155,3.5075575330318696,17.732333550883876,25.69292541731791,16.335531342769475,-10.592172667116664,14.77430447999636,2.386204030162874,12.152011515807477,7.6552251277038845,16.961149042046326,4.3831670243858305,11.289432873283674,-7.588848278471269,13.999181799399619,2.136047640753472,12.341427457882174,-4.4884812223694865,9.774473580841233,8.712090537971918,12.627622985613106,1.0923771806750606,11.238707883508294,0.11090029761904761,0.04894271709069055,2376.5486447974677,741.8075560192472
Samba/Media-103503,Media-103503.wav,Samba,Samba,31.787936507936507,-154.57326679926786,132.60843514101632,58.53586461025553,32.96993152358042,19.401483396508095,19.56077538182803,31.187011524361797,14.310778736038309,9.747572526882127,13.64465863154502,18.795131482614178,11.628814736047339,6.169079465285737,13.52319072767518,4.183895046326339,16.86869309903946,-6.027316560385063,16.777666819517595,2.786437635044369,14.558386621517268,0.5275507717972738,10.658246478361326,8.340017901159536,11.253829980357777,1.599600273120931,11.038197984879345,0.11785034626831502,0.06847679322837914,2721.8480257652677,963.5409817187676
Samba/Media-103504,Media-103504.wav,Samba,Samba,31.787936507936507,-233.44259405109665,137.7234330010964,55.09836646532519,58.24586639890482,1.8243048878278108,20.911061387375167,12.449637574277908,25.060418032539445,5.294927533053692,18.787487275482604,0.513264540452535,12.352937391987632,-10.077782795176175,18.577635001987833,-4.901018232822716,13.016651332437474,-3.6420831118647428,12.408535217400225,2.2593028506205357,13.019230272810956,-1.7901935624554208,10.62180964571821,0.18194754049533243,9.366422904064198,1.2419120511848363,9.785542072542182,0.1606670673076923,0.17114380733529524,2843.257403018164,1632.0580641138981
Samba/Media-103505,Media-103505.wav,Samba,Samba,31.787936507936507,-187.83226167771812,141.34235972013008,30.38611105530922,40.63718328501099,-1.3637542678444956,30.37761856466612,8.979182794989379,21.039525145619244,-6.410620904115636,18.718845258723373,5.836871239588146,16.64100828933997,-8.870897298481813,15.653988975314132,8.027542665364667,13.508627552673635,-0.14829939684780022,15.576021759890434,0.8840047935807979,15.897290279891918,-10.763715700398631,15.926826234082231,-0.15477294448537243,11.458662539129751,0.9054255984824695,12.470658593509183,0.17582667983058609,0.11410250684698942,3305.2259244030442,1163.5537457827122
Samba/Media-103506,Media-103506.wav,Samba,Samba,31.787936507936507,-159.08633446643145,119.0780950900048,54.28051362573634,33.179113965187966,29.152256901961625,23.159671721689715,21.23141069743203,18.896644319033587,9.526253143375001,14.937816905399186,13.71280909057033,13.831468681612778,4.398699790432097,11.146587520038777,7.663021395826905,9.325923093629438,-3.5053562724119525,9.832461973416116,12.478026132547072,11.177843762891708,-6.164294057909768,11.286509864334644,8.698722847304007,10.477598167419746,-8.930503050696233,10.602761403194256,0.14233809809981685,0.11091508665263455,2986.138927544528,1198.2009458774764
Samba/Media-103605,Media-103605.wav,Samba,Samba,31.787936507936507,-165.29287901352612,118.12183918446979,47.42683040824405,33.536961305232865,1.080889045928565,20.314326968482856,21.469658982774845,19.42031837846074,2.8554805801695915,14.617940944163225,12.489618128067743,13.352475026908387,7.771436685292876,13.44075469464854,7.824064525950886,11.997631579088008,2.605979179369848,13.509230665114657,11.236638766137373,14.051322387408424,3.286426557111344,12.499925728703921,2.0391557479625915,11.656240878148342,-0.8412079171791056,11.147854677804656,0.1434098128434066,0.11165033418242415,2871.10748941838,1198.7732703001964
Samba/Media-103606,Media-103606.wav,Samba,Samba,31.787936507936507,-159.95552387232294,124.34150535818058,85.10743384464863,33.80963285255767,-18.58793854070365,28.401463183064592,16.222545870457832,18.407553777460443,2.297489469645838,14.69011695501073,16.737130331659646,12.266717404608622,-1.4453108404976411,13.195161205467265,7.720330375070731,10.589652229117398,-1.2069271570685238,10.878852231761549,3.4036887542917253,9.553297626689133,4.064446422174888,8.59588854685635,8.354096013209757,9.459142473037467,2.2283960389470727,8.002538261902513,0.10119369562728937,0.06909033442876075,2193.5221733037893,805.1855825580761
Samba/Media-103607,Media-103607.wav,Samba,Samba,31.787936507936507,-102.990022219841,114.50781714610062,62.03997321017548,24.805220255451378,-8.080060263558664,15.165664772511965,23.793535448026212,13.797296508666427,19.531239894527786,11.281993871212796,25.644402261311072,10.487667191354793,8.12306009586239,8.343130732328174,14.860637875456757,8.44923823868528,10.650033619776275,9.722535408285014,11.660171239832872,8.715494935762012,2.954755123267611,8.421521423971964,6.710975470785893,7.671900946088576,2.5815355551944728,6.973279581854005,0.08623333047161172,0.049391601846775185,2515.8513504674083,821.241699051861
Samba/Media-103618,Media-103618.wav,Samba,Samba,31.787936507936507,-124.5132978716756,136.94709102537496,75.87345221851383,34.65241857086685,-5.470262320758207,36.87962104277856,27.80200463289791,19.036364726297652,2.271094051500512,15.28692146783555,11.412013233004076,14.669396354922746,-0.7704393676664083,13.504506108196193,1.260172988941895,11.425321330945806,-4.136992959234927,11.297407530147524,3.47830526683776,10.911533511133026,-1.820402259526652,9.015582624602438,1.568278525427627,8.545573463890157,-3.668465462708659,8.661618238395077,0.11090315934065934,0.05918406499350268,2409.9719660387696,814.2436538062442
Samba/Media-103705,Media-103705.wav,Samba,Samba,31.787936507936507,-132.07570140555092,125.71285635722145,78.50610332193439,29.790426545989806,-12.623748088915185,24.028239091442657,23.619633867403323,11.943032889851514,12.465930527780769,13.217238909714284,10.536528106241276,9.634495142059855,6.471740753068165,9.898906366852062,2.0028053586703143,9.857941552331123,2.1951801315392854,8.910975851645397,6.6251658147850865,9.34635529090885,2.8818021569733,8.977741977103477,1.6915982767305418,9.859301513011818,2.1188812119340286,9.004528235484244,0.09880165407509157,0.04911524655106801,2240.084450131338,698.9977089347975
Samba/Media-103706,Media-103706.wav,Samba,Samba,31.787936507936507,-118.83432873931335,134.91297135523956,46.962651705560525,19.71670302893698,4.8882060509228245,23.422733779222504,25.513353610337983,18.12132368334467,-0.30821819770995024,12.362336562828892,7.895676052267484,14.449170754704339,4.345910507165404,12.055145785901692,8.878080749364441,11.693641387338436,-0.7509820841596536,12.532962358198366,5.470169591250037,11.33838032787926,5.160952662503655,10.252778248311413,5.224799298458479,11.127318091091428,-0.864070728344304,10.881089439358677,0.14508391998626374,0.06992631715178899,2940.057774785234,881.3997360909228
Samba/Media-103707,Media-103707.wav,Samba,Samba,31.787936507936507,-102.36608703978438,130.65033200833213,68.89153158008847,28.682971739343923,20.142566646729687,22.61034967308187,22.752817483785556,15.477701590450362,10.406123576382804,11.506222569794328,12.64207025693656,11.80855233848544,6.352881089379425,8.512656816250253,4.409298452323141,7.998252685709893,-4.8594834060785415,7.220168417534943,-1.376444930347544,7.852083600964508,-4.9574968567432,7.066105068432653,-0.8556735367770193,6.492469210917499,-5.097480471066625,6.6622439393444655,0.09145597241300367,0.06108016690469037,2685.2887670104938,968.4587981932581
Samba/Media-103708,Media-103708.wav,Samba,Samba,31.787936507936507,-115.04958281276757,126.92401367540741,43.51558564003067,24.43345613482786,25.802049008287717,18.865128054848906,32.246557629987805,15.97532284713479,9.40416117657263,12.454489764892033,16.451776429662775,12.285283352843614,4.663246124382792,10.815977686400059,7.39900322776058,11.973028028572402,4.288754042237014,10.41711984228725,4.843727317385147,9.557569402264221,1.9785922530737008,9.639355713107893,3.6160797402937606,9.517879303411604,-0.2915256047238742,9.917056755263744,0.1294592777014652,0.08781033392585696,3095.83520449856,980.4122493202439
Samba/Media-103715,Media-103715.wav,Samba,Samba,31.787936507936507,-197.68355907169635,130.1040077181509,111.28795905417627,48.08967117902855,-1.3231738480813509,29.531430888932842,42.60287494415692,19.00093933915418,8.345066808667939,24.43654243573002,23.31499650327635,13.659806921207911,10.177516163202247,13.577597666540463,6.142455382399843,11.016594979369984,-2.810799699471138,10.244795889264974,-6.320834666361215,12.68506061268896,-0.857740235956705,11.874230576062832,-0.9824503848404331,10.594831811991705,0.4712018571705321,8.841743588910342,0.057014437385531136,0.05769056785227274,1545.5366359135935,841.7384751655677
Samba/Media-103805,Media-103805.wav,Samba,Samba,31.787936507936507,-122.65360621838987,121.02816861454961,67.64902545366263,33.345616379231984,12.082624106231284,19.986988568772453,4.677057783130301,20.281188881607424,0.4210851752788422,20.615695166691722,9.90431707333447,18.14153166943199,0.8495133752541083,14.431615671376665,6.575004066711289,13.44238898457082,-6.9269796032596735,15.9458534028909,3.9301654955162464,11.82770564464178,-1.0252719770558505,11.913904721273056,5.247383504018445,10.567531223336825,3.6181910736757437,10.495232684982227,0.12971146691849816,0.07555092426750765,2838.4183808020566,968.5118365910197
Samba/Media-103806,Media-103806.wav,Samba,Samba,31.787936507936507,-126.83476193198877,128.0882982692623,60.29638988829367,43.32629966104149,8.00633790059926,27.010003121534474,22.77568426567895,19.730034744341847,2.6670120119867624,17.992143194834174,16.18756318203466,19.912311868671868,3.12667740185743,14.211826065825509,10.722422060604531,16.609966133040874,-0.6396784109719723,11.71455118033481,8.296807014976118,12.500429128431826,2.8766775548494086,12.280020989478047,4.9126961721941385,10.96795697537956,0.2713045324551349,11.130666926533753,0.10285635588369964,0.0809472765718593,2507.616027408179,1053.574463619345
Samba/Media-103807,Media-103807.wav,Samba,Samba,31.787936507936507,-100.8401252829502,127.75435457660227,76.77324061978554,28.61536823670147,-14.745666138048708,17.990276544642203,25.82021044921672,18.338329546775704,0.27102364544908736,14.868620377765744,10.854797293303221,20.329376679015976,8.805476589132711,16.30176947380177,6.900108688917133,13.591855474949691,1.3324640713689933,10.212992427297365,10.417577911517489,11.693288132058257,-8.263674307710195,9.713721001552377,1.5354190038714262,9.787394652651276,-0.6670790803828381,8.182238433188068,0.11851104624542125,0.063612978778358,2304.4442033912037,785.551657871306
Samba/Media-103808,Media-103808.wav,Samba,Samba,31.787936507936507,-116.76627166270436,118.43312174136145,65.18002045418926,26.443119251141056,-3.1003691733563143,24.240898730709176,28.02395615778182,16.22146398897694,6.813685853284863,12.926883486758475,18.76903179911111,15.450831507956938,4.541975841196856,9.406331048212051,11.24448654871684,12.294401266002447,3.642577908428347,10.159918842768382,9.475265412276759,12.185217176887939,4.10170199473294,11.408028833985687,7.202740918746578,10.646259736960982,-1.9035848630218275,10.505597298290203,0.10255587511446887,0.05811356695054802,2432.836261907784,747.9818263700347
Samba/Media-103815,Media-103815.wav,Samba,Samba,31.787936507936507,-162.73421548834366,123.79977835792681,41.65070812514408,38.16217624860643,-8.275123427071742,36.901591448062014,7.650515813776255,18.846224711584785,-11.458309029617611,27.280835289742086,-12.674905874840244,24.56739076934155,-4.410148688078055,19.46080817166524,0.2534301587151856,17.874636538119184,-18.701480662435227,20.37026084025746,-4.117646374499037,20.658429062758408,-10.091703909990214,16.58843695777172,-7.032433002763087,12.682930372907837,-0.39294624986599686,14.70735473256086,0.1618893801510989,0.11854430351591595,2899.7042231233,1258.295119139411
Samba/Media-103901,Media-103901.wav,Samba,Samba,31.787936507936507,-194.7737205823291,132.95464407264828,45.040923417262846,36.74493353769191,-28.361141991568275,34.86891315758712,23.166523468663932,19.422629480243003,5.009300925431428,19.952839210659544,4.934073347556932,19.058149741192103,-6.150912136812666,17.266225742834575,7.886625271840049,10.827863084247094,1.7556509450000841,17.02388660535795,5.269836273090976,12.458470847579397,4.264114560413417,12.339852891280275,6.691173585238754,10.125110311584498,1.6361767883739924,13.50100617254494,0.13314374427655679,0.07596515132408743,2559.5857676894434,856.69030698598
Samba/Media-103902,Media-103902.wav,Samba,Samba,31.787936507936507,-89.91133950510768,133.88722583391737,65.87841833737957,29.145982510225362,0.3353347838792078,24.721528869270646,35.014395348273396,22.39720798815773,12.839844753428343,15.527346530005808,15.222734173647027,12.221138518026207,12.667568642324733,11.29711919679069,18.464203667395456,12.032240401431098,3.154603051845039,9.987895646424079,14.760108935734312,9.517716032363222,4.92661661096702,8.596533274277391,4.849592264972031,7.597854055698529,2.9027535683654104,8.354346111503546,0.10076551053113553,0.0709602664233316,2482.215492589056,867.2422053522201
Samba/Media-103903,Media-103903.wav,Samba,Samba,31.787936507936507,-110.58437284661484,132.48098340690711,31.163207652216432,34.31782131955123,-24.556397966671405,24.794327410288176,21.513270813064615,25.69252195050384,-11.781613125865373,17.028022062442876,10.772475566226532,16.631639245747273,-4.069433334693832,16.703325031663557,9.304302449224586,14.475413844986392,0.1763442121449191,13.17324203551816,1.440983208216087,14.554305261398431,-5.388282848960586,11.542505556688573,0.9709964820525517,13.86112971462119,-2.4339521463014226,13.995003352925382,0.18008062900641025,0.07837724497833236,3018.7224790745413,884.7523129038439
Samba/Media-103904,Media-103904.wav,Samba,Samba,31.787936507936507,-123.69324147349651,122.12357650349898,84.89478187778658,30.084042379891553,9.354505243276954,18.714032048571404,17.511897456430464,13.048907377306904,6.841262415306576,13.54753467976619,12.636292977998702,11.688992893985239,9.67929329071444,11.325647476225722,10.878355935364338,10.434776941175555,4.054346235278751,10.451794199377883,9.414500305576977,10.82088970946074,0.7701317123369865,8.789831064582886,4.636183783916744,8.485123597358175,1.9420003168891948,8.67107117874281,0.07065769516941392,0.052180429772580486,2138.39858615932,748.8859642815909
Samba/Media-103905,Media-103905.wav,Samba,Samba,31.787936507936507,-162.7973536975939,131.79630253257233,68.92635348607368,40.01161831335229,2.642999992155133,25.390389727721146,18.8035701815787,19.441863963701568,-29.743107901872236,22.231406426495898,-9.528134115799347,18.316073464139983,-19.6156873567546,16.635849793856124,4.7143844632236025,12.722755076179048,-13.201503334271115,18.168104758610614,-7.114994910142244,15.809246230901456,-4.794105170836224,13.844794723531109,7.02585789651183,12.022565663484778,-10.45941017322883,15.205813089508228,0.11270210908882784,0.06584581352366614,2525.2978480793613,958.3825852985199
Samba/Media-104001,Media-104001.wav,Samba,Samba,31.787936507936507,-122.94382842102124,135.98032491206797,75.73521218627228,32.75580781319881,8.987317077524898,17.23880567108469,7.747577105938323,16.035842403359535,-19.199073476077736,21.90654815274189,9.812210763746595,12.106224964524225,-3.4678728629973548,14.093168570407771,5.852155103840068,11.390591904444856,-5.062970927766916,11.093869348849925,3.350690655517633,12.520374120752365,0.7241741602227308,13.600462839259666,4.210629868074508,12.022923099216163,0.6398240664448208,9.332055181444241,0.114581544757326,0.08213095466682256,2475.6175063198493,993.3529466205489
Samba/Media-104002,Media-104002.wav,Samba,Samba,31.787936507936507,-128.3658203312943,123.73604516799037,63.42143251232218,25.025573113063782,5.540092068859413,15.307380446363,44.84619278043986,16.22559197348867,5.5103545953322515,10.53870684170075,15.461670250498626,11.286913211445857,5.645105557947634,10.013247506538603,13.449549843111496,9.621868253263065,1.8722742124391425,9.334024903034477,11.890192935371191,9.166249598465072,5.522051420914373,9.708947077155669,10.019212861573058,8.671099892912347,3.1288116291505417,6.84433385435099,0.09377682864010989,0.059229627435170275,2418.870219446123,820.4354260437617
Samba/Media-104003,Media-104003.wav,Samba,Samba,31.787936507936507,-132.5111427393511,122.96685556920976,82.13906398305018,29.305368878648267,-18.365089334260677,28.606298670888886,20.95151212153098,16.2045683215857,-2.556132603742314,14.901700189465416,10.111693157494672,11.922149915992133,-9.521614178586063,15.383435979681936,-2.5478885507346143,12.041231327471012,-8.071318411254886,13.221073524664817,-3.459170626699554,12.501648537399156,-7.601489212372934,9.824176280110517,-1.5437311277636458,9.461982534066156,-2.6966037868977395,9.348074931411361,0.09466825492216117,0.044731734886784315,2239.6577921102407,676.2751715343326
Samba/Media-104004,Media-104004.wav,Samba,Samba,31.787936507936507,-163.73805181815138,118.74917175412641,77.65649617962193,31.214071023597267,32.909480299961274,21.438695071432697,19.531013853103904,17.063669358039693,13.272875830118574,13.042052563041477,14.255522508511817,11.195319395388253,3.405025608848475,10.271079125371232,7.214124191816038,8.74672807122879,-2.990741868652131,8.58005345353352,4.9664174886249235,8.557723059600796,-3.7620601710535793,8.20133266129493,-0.8766920430431171,8.289599710544246,-5.656373317193515,7.897255068009725,0.07884508070054945,0.05681369269285791,2473.1520020099642,939.6302612908469
Samba/Media-104101,Media-104101.wav,Samba,Samba,31.787936507936507,-97.3431916977359,122.21765314109395,52.89607515169977,21.042120998791333,10.656658403407013,18.40303069486111,34.08149639660643,12.525766289309622,3.3947245706004447,9.55596609934804,17.37646377327002,10.426719969766332,-0.2524267164097585,8.178929817940336,11.08313200204323,8.940162061012371,2.1471805196120792,7.106516077795047,7.115633001324667,8.345887272673632,0.43432750016623534,8.027024185466969,3.6488050103267997,8.39090055936059,-2.915506223446557,7.746623485566249,0.12430567479395604,0.07412342468346583,2898.674949489969,848.6666489254098
Samba/Media-104102,Media-104102.wav,Samba,Samba,31.787936507936507,-111.86766381039587,137.21982181200676,51.512638567159534,38.11352578517085,2.7680630380733757,19.16289033674762,25.650544696114988,16.242863345304976,3.227746057691005,13.048020904098781,11.742701360002254,14.473714812858613,4.220572139430217,11.122694360522654,8.264003055259717,11.260355571845087,4.219546791964653,10.785746767041914,7.7020214891370085,10.644895386414179,-3.1936752594762776,9.154893618053851,0.6862246812472313,8.453785289162262,0.7978438672478884,9.317560909427316,0.13262398408882783,0.10255662782311131,2882.9971067053643,1082.1678322135501
Samba/Media-104103,Media-104103.wav,Samba,Samba,31.787936507936507,-126.7953935878164,126.19158435048088,72.17753487958353,29.832133301188357,-22.308793175858572,33.20462456802685,22.778501051642476,17.641696502532817,6.902296037062724,15.121236012509064,12.359902531860728,12.831915097751557,3.9023134941856474,10.570329361098677,6.055972775872533,11.020164490397699,2.5178985404096164,10.18822026873712,9.223740457993463,11.390869727372428,1.1708515543644729,11.524651992240946,4.618762382728729,9.813620057811477,-0.708641208084094,9.705568004754209,0.1006764394459707,0.05995184902005005,2371.289008262847,780.470367705146
Samba/Media-104104,Media-104104.wav,Samba,Samba,31.787936507936507,-127.64391289468989,120.72838284297649,44.14367491056106,32.65593865320203,9.713192956242013,22.53613712649585,30.387446406797817,15.651003270995803,3.493996954100908,9.925699654865246,16.68429104965214,9.560651365660977,5.091430012017747,8.625722552405435,13.727377896363562,8.912312735539398,6.526650323943792,10.075444914605324,11.296706682136856,12.472353080795983,7.940362148267464,12.907687839697706,10.24998405300389,11.838195858888165,3.1993075814065466,9.249401867261653,0.10988617502289377,0.07785915094157404,2903.988082834389,1066.966830822818
Samba/Media-104105,Media-104105.wav,Samba,Samba,31.787936507936507,-111.46902836364737,133.51109834495958,117.50100281277992,67.18243237111845,-16.121123948918594,32.08890292554048,19.38280940709545,16.894794925419607,2.969987349408606,18.244515435315538,7.123725276644194,12.598058788392484,2.9961101783835336,11.000429567668984,9.27770878972453,9.11429640206733,-0.7149112831583367,11.272677958341811,1.536910496897484,9.11779665398429,-5.593156857956984,7.447036746831292,-2.2420816094073928,8.232410361216493,0.13072183315536598,8.001123654735661,0.08650769803113553,0.09003032888043387,1988.5051849285946,1138.3468559105397
Samba/Media-105401,Media-105401.wav,Samba,Samba,31.787936507936507,-92.50307762651413,108.36085804109764,55.74932578772739,23.810002524923636,5.9327678266385515,20.5342517727887,34.24241456820893,14.883149654288733,12.739736266808318,12.34574200937622,17.49408183534003,14.063291387434177,2.7489705185551685,13.109831005485024,8.093844826410992,13.397777281178918,2.9646526255257695,12.321386305743928,10.637750565719253,12.12585517470164,3.4898748399859945,12.364453659414709,2.9962874637668806,10.527360505006724,0.3322835623963993,9.02364371443205,0.1200760502518315,0.07235665610868668,2696.915284605378,816.8732781394481
Samba/Media-105402,Media-105402.wav,Samba,Samba,31.787936507936507,-147.412605466406,112.2542787313225,93.28887555174313,38.1470314941221,13.426387134756153,23.506176040919236,28.752394686263358,18.517029907792,14.070736676757518,15.519521545877508,11.382801208143947,13.939225222682662,6.080182903587492,11.346402612278359,5.043808923167291,12.299167880107067,3.144816265344043,12.387893690886202,12.961550907296232,12.322096872041303,-6.136509291935307,10.99194641568462,5.480309689833724,9.8322983234302,-3.7426558707214728,8.68993799216645,0.06982386103479854,0.056348542160484176,2060.452031941798,820.016828827308
Samba/Media-105403,Media-105403.wav,Samba,Samba,31.787936507936507,-97.34991964571941,111.4643585752524,59.91952792904546,31.47824268599469,-4.473861394348011,23.81601059587968,18.042644907834983,16.608104379692097,-5.261801639303918,16.70066489557187,3.716023198084041,13.16772241143857,-8.28040772718204,15.679014530733822,2.602717305273691,12.516647965364198,0.6770535877720177,11.687292870202917,6.908680664615885,10.564276504115234,-3.9984836283126426,10.827932400300556,-0.9522990813098392,12.474680895874734,-4.572178776055844,12.077341472048325,0.14754786229395606,0.09073421785883473,2845.9547160316642,1053.635090437056
Samba/Media-105404,Media-105404.wav,Samba,Samba,31.787936507936507,-130.67857990112748,103.30771703574827,80.87750392139392,33.729806607479105,-3.8828634002986164,30.09573772704053,39.087927405981034,24.003199893612514,7.977020641329498,15.88445765561593,0.04127115310297512,18.007499294909177,4.245090093411953,12.727763015425387,6.014038731938458,16.17851347005621,8.100148937555286,11.433876611468717,11.920461051084276,12.590404266340284,-0.5812151615732284,10.670267345117608,6.88535433365466,10.421745080471084,-0.10001274618008067,12.318068262117682,0.10327667124542124,0.06802475034234488,2281.92180261254,785.7448340646346
Samba/Media-105416,Media-105416.wav,Samba,Samba,31.787936507936507,-128.03209254838615,108.73017318061056,75.72310436789525,38.2618351595088,11.040879806901486,20.187576407434033,34.353722834894704,19.05560539784683,8.008318211695341,14.682833468726866,14.666012502187405,11.134224632606747,1.5612980407830037,9.708255129277212,11.768031715179156,9.90486504102376,-1.5136124143250347,11.515142148996963,5.969432846382849,9.711639769020314,-0.9279022147251194,9.58381684787088,6.505733094205752,10.184488949771795,-0.07213316993242681,9.040800867926272,0.10436376774267399,0.0927334330975694,2408.907194038834,1004.527528541434
Samba/Media-105606,Media-105606.wav,Samba,Samba,31.787936507936507,-140.40529080324154,133.13191553510862,44.49084811404283,39.32418685087504,4.443090806767044,29.41112514474247,20.09470681095031,15.086401262777676,-3.3872530509323813,21.308971586042926,-1.7940069956913218,20.01261008194905,5.826516103855099,13.091314788978012,3.796467786383815,13.741254387555855,-11.82225204570417,23.175147511154066,3.0946873704908,13.700213367852804,-2.7225919410360766,18.41814874507744,1.7378834347240066,15.588089773939524,2.6190401031996,15.7753058739524,0.15154389880952382,0.08953728479214981,2989.3498658199464,867.093050191658
Samba/Media-105607,Media-105607.wav,Samba,Samba,31.787936507936507,-79.24125668974705,110.58769181867298,47.70557657842948,22.44564316720718,21.005818886561567,16.32400309224975,38.83858617470064,14.735213195729164,10.824556802386033,11.464930637520526,15.554401367031895,13.686879414575902,4.028196805567551,9.471871679481435,11.164606323589393,10.119477735306354,2.322521928486474,9.671688150311695,8.109780497908568,9.661040320010766,-3.271818645728518,9.251837774463617,1.8000831038839729,9.02908038451728,-3.066266209747109,8.456682931368517,0.12243697058150182,0.06772792913488382,3114.1427206227036,881.4707612217576
Samba/Media-105608,Media-105608.wav,Samba,Samba,31.787936507936507,-80.99106553574644,111.5958210725835,43.42345504833642,24.734472291946922,14.97508518555463,27.270079276262912,20.90037248346146,17.432717484340948,12.841759830267371,13.1401967523881,13.477119214069814,10.315515807771412,4.071639453872214,11.101988682647935,11.099776019121787,12.134771428077437,3.0309617227452517,10.481320364018705,14.745553938801523,11.688216796007323,11.983070938614201,11.022226245556208,12.76189331535013,10.296739067412766,3.44944041610833,8.092267914926117,0.12220302483974359,0.07685797631095297,3145.8934355949928,898.7529024843367
Samba/Media-105609,Media-105609.wav,Samba,Samba,31.787936507936507,-117.08753723889865,120.90295041767655,59.544225578562425,29.21300474537005,27.91451879016644,33.36760451239152,33.146372354937434,15.574350773199066,4.413159613951314,17.362701325919193,16.162866538026286,11.775951731783222,-2.790378900250307,11.180274929524495,8.007353355290366,10.519282329244115,-2.008498679456259,11.75445629273391,8.234856437579316,11.649208237099842,-1.0449524865800315,9.228264031883576,2.204405012626879,10.406915904078298,-2.6715885092754306,9.734503923561125,0.11536136389652014,0.07355313633563135,2858.3806701870753,905.0665279161663
Samba/Media-106001,Media-106001.wav,Samba,Samba,31.787936507936507,-92.99429695435427,117.89262990157631,45.17834586537585,28.2194725907599,9.180377908997587,22.72590836981061,25.790489042171775,14.070644625397998,4.9759087414595085,11.364497359696351,13.529396168155706,10.301728499908412,2.2372108716057366,9.176438947071139,8.589303299032412,11.874928838453515,-0.40768795144536857,10.131202978509215,7.317389682819499,10.930338284322252,4.640682332868468,8.92417108210974,7.343811391678932,8.636990869826501,1.4439227611775804,8.352866682630868,0.16618589743589743,0.11827609546492836,3205.9738508536525,1042.9473003451428
Samba/Media-106002,Media-106002.wav,Samba,Samba,31.787936507936507,-97.29039262499694,106.9089842725676,41.73531214961309,29.04582126006269,-2.2120202504726594,23.542034748244603,24.37068529519015,24.836544158254657,2.3409318470507,25.984013689145964,18.989177249400868,17.391207353211914,-3.5614956331904533,19.79316678246617,6.857361197843915,12.556572723588474,-4.37140089270454,12.665233147680695,-0.003983020346977322,12.711343824669973,-4.80423006564287,11.604959269483734,-0.19480724868748392,11.069979696027552,-2.5732221213289947,12.082172385406936,0.14784798534798535,0.08178199984289325,3061.645880451241,819.4470667760731
Samba/Media-106003,Media-106003.wav,Samba,Samba,31.787936507936507,-114.67077429817935,101.87557434108255,74.87068383923241,33.847986977792466,15.316035223793138,19.903860913247307,29.153821364186495,18.223701255515888,14.99814105222783,18.597710485946262,14.246222126112658,12.138533466636286,5.185425014165511,14.171912500024378,12.645309136008791,12.811094529708981,4.483289712942984,11.677576644206676,-8.437904258438728,14.689415054913178,-1.557247282037093,11.427661850808455,15.299991472742922,13.309979967485658,2.094639781495993,7.939725152729425,0.09507926968864469,0.06909444179142823,2483.4964550757427,798.6507415803634
Samba/Media-106004,Media-106004.wav,Samba,Samba,31.787936507936507,-107.68023786853598,110.12346069740393,52.68231594194833,27.016371886390385,9.094543330257881,22.820632011184994,35.76312311003012,13.592528753669326,-1.7014699013100942,10.541715541817284,18.133650518119715,12.846737968865538,1.0993406937215793,10.286767614349456,10.839685863176255,10.259279120365248,4.6632273497883885,10.723522882947258,11.67753703933568,11.110825250165878,0.22973808248303834,9.732159947678994,3.9350702770494443,11.133300063053149,3.4558033892620545,9.958476583856129,0.13789813701923076,0.09733832954950876,2866.9852003594883,870.0555275885677
Samba/Media-106106,Media-106106.wav,Samba,Samba,31.787936507936507,-114.49261332367777,102.20537342081344,44.692567474057526,26.921681322476157,49.62223844659898,26.189694383932967,36.58623314894232,17.534669033415945,18.263843682295704,13.784654400287229,17.06894438495017,13.628495660782615,9.987989544774114,10.76254404951774,11.16160019309546,10.78261246384706,-3.197512753183574,10.105148833730217,9.928203807900303,9.903059524870796,-9.92405930324956,9.520491066015497,2.165420355141907,9.28752962403029,-7.616422657801659,8.477493098174222,0.11541573660714285,0.08549644218316782,3285.768217652436,923.05204981169
Samba/Media-106107,Media-106107.wav,Samba,Samba,31.787936507936507,-75.75381026829336,102.93692695762766,50.24892260986554,26.72103804865511,3.8499043690088732,20.726398661160744,23.72135315745231,16.70940928763022,2.9552979812988176,15.553146301210141,17.47603369167687,13.492887906914461,-3.789535344147337,11.62578761608725,3.982033301940875,8.507616745181108,1.719235947712194,8.767645474604285,3.596156504446786,7.431384155136655,-7.567288008302579,8.66262126328389,-1.3233308833273472,8.407043611316332,0.6957024108209663,7.863818227587486,0.17090416094322344,0.09533125640653276,3135.280769677627,830.2835435030788
Samba/Media-106108,Media-106108.wav,Samba,Samba,31.787936507936507,-132.0258880276141,102.65850307032377,59.33203429236107,31.407187186779428,-12.369418913622823,40.37663172571607,21.914857557746792,24.284206433513052,10.744171614104216,18.916873777684323,4.219998117461402,24.887045618583016,7.047217180611568,16.961995617142584,-2.7595625437925966,18.457465196818564,-0.5736509288669324,16.133746137635743,0.5626465080040871,15.256295127364503,-0.8246489477803909,12.710675823116315,-3.35121680780153,12.17051907850111,0.24287329162892196,11.06738490110096,0.13968385130494507,0.07303349701952297,2796.7971506533904,781.1414831610159
Samba/Media-106109,Media-106109.wav,Samba,Samba,31.787936507936507,-64.40243712761995,109.90911632741211,61.072444048844794,24.692298972881474,8.324748834452741,16.928941247835446,17.426520228358584,12.733868178938785,10.6025155693836,10.0899668068079,18.045626017694975,10.40477515327166,-0.9538108028259374,8.325780677703527,11.017089043220349,8.879699934643638,1.9239047647108696,8.19032227508102,10.933809274288505,8.979556727679338,-0.4354610557853835,7.510975416611758,1.9486041341440123,6.973972552925114,-2.561355893723942,7.051200429144767,0.14828547103937728,0.07854190541020688,3069.5036430821497,800.6308652786462
Samba/Media-106118,Media-106118.wav,Samba,Samba,31.787936507936507,-147.72860367383757,115.84631792239915,95.05606261256474,39.46944878318359,13.291705794078412,23.689531825685272,30.83782838239233,17.33942566376031,13.841520215107515,13.452022769866192,9.719017671843309,15.037074577690632,6.507013623439291,14.445977249841913,-1.9085840171019146,11.617373238433007,-3.520137909243671,11.47829916128084,0.9452642805848246,9.619255612572402,-1.0323703067793106,10.129315603598256,5.859084073635638,9.80525655140644,0.9612122802655394,10.670092926557004,0.05735176282051282,0.04486053289538449,1964.6247031688317,778.8733636959589
Tango/Albums-Ballroom_Classics4-06,Albums-Ballroom_Classics4-06.wav,Tango,Tango,31.787936507936507,-192.6537246562298,114.0861416150303,130.7298608168582,41.2568525852577,-12.091246360671592,23.476112487005082,38.50423681135833,13.823968812306362,6.200081604157102,9.946594506717132,9.312438322015224,9.152360995998663,4.65283025656578,6.734839473268764,7.615827847385915,8.408902795181078,-0.553607005804403,8.22626057482351,-1.1040258915622791,7.571199388126745,-6.625369803558432,8.588156049373207,-1.7454633708844576,6.7543773319882625,-3.0370600167435673,7.415292525323029,0.05138113839285714,0.04587385261953839,1332.1874654704732,578.9437377342964
Tango/Albums-Ballroom_Classics4-07,Albums-Ballroom_Classics4-07.wav,Tango,Tango,31.787936507936507,-110.09911370782554,123.61867585624078,101.27475170277619,36.04753943918624,-17.520122506090715,18.89928379089132,34.92395891439425,13.79744385401357,-2.0359805046198276,9.586024252988711,7.578310686569462,8.141953234708655,2.47120214682387,7.996118200057959,2.495536613148194,8.7585146400791,-2.154932665957716,8.067489991251131,-0.9289466420429665,8.423737533844594,-9.250412436693725,9.858471073603992,5.412547852518943,9.609000596507524,-0.6222299037484432,8.976588811634452,0.09712540064102564,0.04536822194680906,1815.465048531168,570.629586784502
Tango/Albums-Ballroom_Classics4-08,Albums-Ballroom_Classics4-08.wav,Tango,Tango,31.787936507936507,-133.65830200196334,118.38217697335092,110.68182657873335,33.85437301701505,-18.411989875152,19.20396310449245,44.91830720906602,14.980185535528864,1.7132041928552622,11.3061038547229,9.711074431191223,9.761606446667725,1.5136198745154212,9.376130842692726,3.012125415967051,7.983269425101509,-2.7658927276685654,9.230828733482314,0.6484039914663924,10.158545264977748,-5.7851866215306,11.237988173588528,0.9766964580548213,9.640235002819018,-2.2559127081437884,8.898638144812141,0.07498640682234432,0.03509498793088757,1632.2419977765749,512.7667057294524
Tango/Albums-Ballroom_Classics4-09,Albums-Ballroom_Classics4-09.wav,Tango,Tango,31.787936507936507,-150.97669713842296,120.44746079285953,123.29027805380571,37.71071028023624,-4.027617820780571,15.438639665205265,11.257516967526543,10.866196606063742,-2.2785486013009706,11.188220087831862,3.636489482658847,8.607970877721023,0.33411849591314835,8.72008663615968,-8.066042027510758,9.759761979817602,-7.061706833243772,8.858601623591763,0.05998675276371309,9.111187636476862,-13.804982782975742,8.69292798382994,3.1445060163401477,7.846027293290008,-7.2276257271178705,7.955329605134763,0.08324676625457876,0.03694111472658881,1565.062397114274,504.27418579394237
Tango/Albums-Ballroom_Classics4-10,Albums-Ballroom_Classics4-10.wav,Tango,Tango,31.787936507936507,-216.23178516451907,96.45464993082848,115.41630627496467,39.54937087459734,5.49208797120967,19.068860179450773,32.52968227560374,13.000231956602711,15.632830499277,10.900507025825965,13.58760052841531,10.004440446020661,6.2571028429310545,8.57049256790538,7.674335043192365,8.620237221081661,0.9454070645750048,9.971543586893619,-0.7497997624868296,10.761955917673117,-0.1863433088589623,8.311699925004405,-0.09894658948384014,9.93700185105444,-2.2923344536351427,11.586135731597741,0.049186555631868134,0.045556041775784914,1403.9143828261017,599.5661980932298
Tango/Albums-Ballroom_Magic-06,Albums-Ballroom_Magic-06.wav,Tango,Tango,30.143537414965987,-119.95015382862361,68.20636404747832,103.58022070877604,18.733704032088824,-12.019227844710604,11.05970705395521,13.102700559773286,10.940792891824694,1.3686990387877613,9.348123265562517,1.6796494575165744,8.541472833128694,3.7182711109313678,7.231573262675611,3.9803401965366447,8.330109910876848,5.094839342650898,7.693405941624671,-0.18581648145822482,9.028141323772973,-0.9560424530292065,10.468835846026087,-6.254700597463762,10.49730812101617,-5.519021932394913,9.360365568284962,0.09943970197876448,0.029383831037476965,1967.414944353504,324.8064941113988
Tango/Albums-Ballroom_Magic-07,Albums-Ballroom_Magic-07.wav,Tango,Tango,30.143537414965987,-134.71307263628685,76.31354471924253,102.97759323322774,31.350153582368417,-22.122404616975345,12.528588751990009,5.834423219659371,13.15792976313725,-0.049566134412501094,12.15340609900293,-4.681588866046231,10.199761180777108,0.22107436928944757,10.501720004593896,-1.2090266694559377,8.909068461012746,1.4305251423707404,7.988473827688778,-2.719346016828435,7.51722645687344,-1.171900593725298,9.072187857853764,-3.150836476203687,9.399257700712209,-0.8175566037110694,9.826610342306322,0.08231592362451738,0.0282562284946967,1847.4528569148838,354.2265467921006
Tango/Albums-Ballroom_Magic-08,Albums-Ballroom_Magic-08.wav,Tango,Tango,30.143537414965987,-91.10016588458811,92.50085257389132,93.7150850334777,20.815579740844914,-9.227068584943636,10.603034976280794,8.17553556579852,11.957597932217341,-2.8068774578390023,10.377302129791822,1.3742302723802002,9.206267360971394,-2.028028950068235,7.911910304463123,1.6133214996017748,8.793215693314925,11.739366880285782,7.801585602468852,1.4371423517083186,9.547173618879079,-1.7511143127603912,12.087307088563637,-2.1644689823249603,10.464630965979453,-4.48033519801629,12.22760932571488,0.11034025096525096,0.033712045678555465,2150.2748750127375,354.3725365698589
Tango/Albums-Chrisanne1-04,Albums-Chrisanne1-04.wav,Tango,Tango,30.143537414965987,-177.2438200518315,88.4683695145523,110.53719133516941,24.604974672601266,-16.51184480440983,15.688090592431884,14.032839598439981,15.49310315516731,2.2274370644354993,13.358918615603622,-5.882895891484013,10.74558732737235,-0.4045411406677374,8.48590711842554,0.11094724875757356,8.521489414756726,-3.698691425587136,8.544265253257366,-7.561402498752209,7.699078222523796,-0.7427268107019941,8.34522968619346,-3.9838100891280304,8.037827246619234,-1.272013927609117,8.8034226630805,0.07983945161679537,0.03906017538132385,1868.3632435141092,457.939072191166
Tango/Albums-Chrisanne1-05,Albums-Chrisanne1-05.wav,Tango,Tango,30.047528344671203,-125.0851010758747,87.79051624165596,104.92671652878248,19.366542164284816,-21.225393569965355,11.632627302275909,19.684272134755364,9.251265023179924,3.158733568384615,8.598715397469773,-0.7329026866721856,9.072504730542958,-1.008655685434147,7.076653015211322,-6.431850108505528,6.84689188321286,-3.8139111540381725,5.848672105206587,-9.38692758517236,5.694638805412836,-3.2264317435321472,6.669328391902734,-4.0929218303256825,6.575638773286186,-0.4653441548560659,6.465692303152058,0.09137364748741286,0.035382608110651005,2045.4003139887234,381.56351733194475
Tango/Albums-Chrisanne1-06,Albums-Chrisanne1-06.wav,Tango,Tango,30.143537414965987,-151.7524668109435,85.22545574662186,98.52143699238209,21.32650325751235,-19.040752200610928,14.25762717369363,20.977766698551246,14.706220607490556,5.8677425756402455,10.81700854666602,-3.274430464504208,10.408607572361042,3.217194016763705,9.801849984787015,-0.21539964525747124,7.741351607748073,1.1320004191269164,7.735617314100224,-2.293687535111332,11.346805932708257,-5.606815092325116,7.411897252839274,-3.8793218615312983,7.936446148987037,0.04700108403452001,8.169249438721703,0.08960469956563706,0.04033836076045961,2021.2826766988137,439.76267753788414
Tango/Albums-Chrisanne2-04,Albums-Chrisanne2-04.wav,Tango,Tango,30.143537414965987,-163.92690274890222,90.51914033177144,114.37739097645525,34.420177399358174,-5.153609539937138,15.077472259492941,12.186578082146186,12.16540329899364,-2.389766178131104,10.0086761114396,-1.7064293929643901,8.373183244254541,-1.417402179844703,9.222959629533307,1.0211067672208904,7.885710026320926,4.120383231997186,6.772217993556011,-0.3656921172391424,9.664039439177158,0.3684370704739052,8.74781087783177,-2.2484105695906735,11.656043764840705,2.1937930706197557,9.695766403525036,0.08042765142374518,0.03844167094400813,1990.9977351008724,558.5867602462474
Tango/Albums-Chrisanne2-05,Albums-Chrisanne2-05.wav,Tango,Tango,30.143537414965987,-161.57125361912478,79.89865235329255,105.36128619622768,23.920256617520256,-12.510755690838565,9.979750805220004,14.994406106680447,8.898610883617103,-1.333816220734904,8.766985410579084,-3.077247671521594,7.402586532134793,2.8337624748503982,8.476432596473275,2.0589196661777494,7.740485960806653,2.8278806033405486,8.61291800194918,0.25578088190078047,7.175838534154429,3.216609074534123,7.796119244142584,1.1212064806313322,9.76554928780995,4.295620494730589,10.571673082291932,0.08838607022200773,0.045484329587954606,2051.1799835405895,475.2949368445294
Tango/Albums-Chrisanne2-06,Albums-Chrisanne2-06.wav,Tango,Tango,30.143537414965987,-168.09255068631558,72.60592791735158,117.55631798496994,19.724941317463298,-18.506269040107128,11.066309390201186,12.552103421446413,9.226534088766964,1.5748511754042622,9.055201471375195,-5.624202016211018,6.858782860449802,-1.0595910026338748,7.68539743898973,-3.9846278694366557,6.878144312220111,-0.8145851718547588,8.692311755791883,0.2027057606276505,6.838155238772711,1.1648831799399804,7.61678402662433,-5.3600347924779586,6.572271960690194,-1.3484019005551175,8.67674298411585,0.08195282335907336,0.026423268652754118,1850.4768803522331,301.1155664358304
Tango/Albums-Chrisanne3-04,Albums-Chrisanne3-04.wav,Tango,Tango,30.047528344671203,-208.2635899216617,82.74772058543168,104.1449044849614,16.498325390091566,-22.739735199321313,9.620120363394113,12.145579718084814,9.280993823106217,3.2197035593967467,8.810611854511462,3.6985126079242643,7.034786043182304,3.111447987907457,7.189132103931946,0.8548951345490815,6.272557039930635,4.758869741879592,7.735671546199986,1.5799384563938925,7.958142048634013,8.169045888925584,8.74214453288021,2.8072995859403336,8.670229353331335,6.117140743437554,6.78188061822071,0.07249822993319133,0.03648647512790855,1965.7015244615297,371.28625758911437
Tango/Albums-Chrisanne3-05,Albums-Chrisanne3-05.wav,Tango,Tango,30.143537414965987,-206.8240248594311,85.2480383549595,97.63360031898209,30.72859586380149,-21.547608480823165,12.636862279269668,7.02597313710901,14.24650833742679,-1.9158164165573508,12.192261212820101,-0.7628505873762046,9.998513363251554,-1.0394895256737708,9.89549285382626,-2.9638681495587558,9.172824627301676,-1.0159922471096943,8.532842668747293,-0.5243514363980881,7.269736435331785,3.3435554894783412,9.163131693251906,2.6742446697440814,10.74988797170429,5.758666962576324,8.350317357567322,0.09289145451254827,0.05354137275606438,2148.303816811607,585.6274002890157
Tango/Albums-Chrisanne3-06,Albums-Chrisanne3-06.wav,Tango,Tango,30.047528344671203,-159.01496680062834,98.12740537350334,94.51978515808354,26.59910490110444,-21.392625855533854,15.969061312175345,20.315948738507338,10.480590136874953,7.590614181249472,9.935064633858799,3.4094421794334133,8.939961302008696,3.964784315979653,7.387747415867544,-0.07303664922681628,7.610731734450584,3.126867915584633,8.737301743493573,-5.311622630964162,7.688677577751204,-0.6689500333491746,7.951638942285425,-1.3667152472270423,7.1359364733278845,0.6064312731016469,9.01820652168002,0.10910154737122386,0.051058661904562166,2170.7027033901663,485.9275379374436
Tango/Albums-Step_By_Step-05,Albums-Step_By_Step-05.wav,Tango,Tango,31.787936507936507,-202.16064087608027,109.0845560747547,121.62680472490278,45.74394672594557,-17.483910119738752,20.133309110537084,25.392385091916058,23.68557879537424,0.7634758096572467,15.637387885639399,-2.8515072098536947,13.966807780333353,-11.224306470036998,14.611121202505812,1.0189190394409295,10.88135772808444,1.2087634013963693,11.197851903687015,0.7985687240839956,12.032034156103318,5.205802674927446,16.710809273807964,7.941130047098203,14.3928476602367,-2.9789226781851825,18.443506246580796,0.07298749427655678,0.03687796627486654,1539.1567459397165,513.8788602191224
Tango/Albums-Step_By_Step-06,Albums-Step_By_Step-06.wav,Tango,Tango,31.787936507936507,-213.53052115459448,127.1321546066726,133.56281314387533,43.63699311045634,-35.22980923804053,24.057163084078336,27.172369657942472,16.85031386912454,-0.4750421666489855,9.779730845254226,6.573454855430664,8.724360084306612,-0.09444495911325898,11.31690666233852,4.625778851592938,8.230240961962192,-1.1497299788007642,9.65173417602485,-3.5777172724707755,11.102765063517625,1.1049237351299057,12.164499160851156,6.893625127570402,11.146906087958708,8.28598085064099,11.414735620879718,0.08186169299450549,0.0441636706465814,1535.8384657293188,523.1098841877204
Tango/Albums-Step_By_Step-07,Albums-Step_By_Step-07.wav,Tango,Tango,31.787936507936507,-178.18008136454227,108.27858860814005,118.56081359445244,41.21862962742456,-22.26887996401285,18.756346947118843,32.40843318244065,15.229227444729373,2.8958652576805797,12.18132583530488,6.268000565638189,9.444354018064164,4.064544567282323,15.363406158774954,6.213750670260964,11.307726415745744,-1.812891833058873,11.034338802717464,-7.6123396966458365,12.392537037141974,-9.893544491088962,14.481063464356263,3.500219422821321,13.002624860907815,0.6601546538789677,12.58833620292218,0.09280563186813187,0.05064710170222659,1645.2030055100277,552.0574460537538
Tango/Albums-Step_By_Step-08,Albums-Step_By_Step-08.wav,Tango,Tango,31.787936507936507,-166.875771095051,108.39471484721244,132.4814459339197,40.623483227075425,1.3533928717662174,16.265978320204017,30.22504118238116,14.080346348763795,-2.2244713959207996,11.610803639164075,5.267957733791924,10.750599465073886,-3.6233848418906396,10.450340110001864,3.935803698114642,8.684757779828896,1.7482048251872344,10.842586595125589,-3.204232411689663,10.301150167264158,-2.3319037060179317,10.13476158400813,4.718772554441008,9.223985381785926,-4.105425250947147,9.751757045722202,0.06041595123626373,0.030699768414086455,1350.1819094132486,447.4985145564482
Tango/Albums-StrictlyDancing_Tango-01,Albums-StrictlyDancing_Tango-01.wav,Tango,Tango,31.137596371882086,-207.72474871890955,112.98426567675997,100.94474001814137,42.86334017364177,-42.53666804917408,30.771682850395283,28.1686210027366,21.683350690630814,-16.31763311933907,16.49577130819289,13.087549798046554,13.372565063163744,-10.499724061152266,9.853614086777979,0.6859122683724289,12.604419732673067,-8.169600777033844,12.50652469833156,1.5030041362402198,9.586550825037481,-7.59929738080974,12.677557991328609,-1.6697027226096708,9.893994989313114,-4.19035187859864,12.381632503000896,0.11854972068997756,0.06294492131353603,2070.0784678657465,692.1025988574136
Tango/Albums-StrictlyDancing_Tango-02,Albums-StrictlyDancing_Tango-02.wav,Tango,Tango,31.137596371882086,-215.9848465872741,117.33415920834395,126.31062167290459,35.59565034164935,-31.764333785849765,21.758804711936634,29.69585285713968,18.83103122365503,-14.539145661329167,12.815688916392135,6.630074697689443,14.537293650146824,-12.256648665179927,11.065191642901564,4.113354900889846,12.353186650845998,-4.076617077815168,10.059470486177277,0.32509804817264704,9.831674879437506,-11.169491481258792,9.733687955454402,-2.8595638667426218,9.131481958484265,-2.499311296595532,10.272495924509439,0.09019215711480927,0.054423682212155586,1729.6229434376446,684.6384368758961
Tango/Albums-StrictlyDancing_Tango-03,Albums-StrictlyDancing_Tango-03.wav,Tango,Tango,31.137596371882086,-204.76136358930808,120.10142889689102,135.4207541550151,38.81484405761373,-30.24700874612719,17.780504678585984,32.539593488601795,16.05988801557375,-10.048548328242362,9.736781928114468,7.4514491818118955,13.426315329158367,-8.019232923436713,8.536832719001358,3.9788651060987745,11.430794532515142,-2.6515622390268505,8.782858103193423,0.4220844526287819,9.03814801726425,-8.833200143639495,9.115631949782916,-3.117895539988624,10.272974091706967,-3.5726311786640235,9.143229459890785,0.07850883215688108,0.03947170896485841,1655.0648623090583,747.823461590044
Tango/Albums-StrictlyDancing_Tango-04,Albums-StrictlyDancing_Tango-04.wav,Tango,Tango,31.137596371882086,-197.7447458711368,107.89084604261585,109.43508710050787,32.47501615050565,-22.269071882544164,20.763009578916616,37.40368789417415,15.627688868673584,-23.530048513807998,13.038384024089034,14.19595729588539,12.206320705627839,-18.618915175440893,12.51944593339973,-5.235289858603142,10.616190327954627,-12.040483956380783,10.505843986993508,-1.2636121315250686,9.703044330806101,-12.601865145843608,10.081888340391549,-7.523313027857512,9.640489360076112,-8.727229713664089,9.750048363986314,0.10037229162771129,0.0664977209860287,1901.0609030907758,703.7521509662372
Tango/Albums-StrictlyDancing_Tango-05,Albums-StrictlyDancing_Tango-05.wav,Tango,Tango,31.137596371882086,-259.08761984209195,98.45621809007896,156.6042441494598,38.791180544722934,-48.35412253324192,25.701918266631694,25.406585719409343,14.050666363445693,-14.256515604809595,14.791110004159382,-9.908648473831295,14.349553097890986,-10.432265916262692,9.818859208822637,-14.209540188314511,11.400306837883905,-9.548738864118928,8.81934308745912,-12.45425810886022,9.76750457250266,-15.517874483228416,11.648320671720478,-8.739161293553046,13.455931091440272,-7.613205321349141,9.433392346135157,0.09171032103122663,0.055118410734448675,1501.2036485290457,703.6444257239382
Tango/Albums-StrictlyDancing_Tango-06,Albums-StrictlyDancing_Tango-06.wav,Tango,Tango,31.137596371882086,-196.2630442272065,107.95216373873872,114.41747137944024,34.93793483932924,-30.88942844534478,19.218131535600275,23.997105763291298,17.079696001608124,-10.695381058987007,11.648486872059458,9.02585547591264,13.106937126446704,-10.786119300021303,9.884439050884223,0.96718329739484,12.170481138568976,-6.300773112165422,10.965201153306186,0.670253202068083,10.45790785509515,-8.202996487370285,11.827412300535226,-5.163981849296218,12.769329344000324,-7.276006502879516,12.662245082011617,0.10507870933059088,0.057510862051896705,1887.6485303126894,687.1345075916024
Tango/Albums-StrictlyDancing_Tango-07,Albums-StrictlyDancing_Tango-07.wav,Tango,Tango,31.137596371882086,-236.8927131594772,115.66701906741639,120.08639193374454,34.49548661724808,-30.62201184593043,20.81661846454554,30.26761547675136,21.513318098755647,-11.532200674952914,12.348275225172467,8.950977874686556,13.856639071779155,-9.457183384646559,9.292798613049825,2.2195027239414316,12.375738629943081,-6.160592096906814,10.623337816343104,-1.1213829553278198,11.54974167457652,-6.1574101820645515,13.238732324966847,-4.525601660277099,11.50037108472356,-6.246960610346051,9.509228837800382,0.08833435104244577,0.05907231454783577,1777.1912446263832,713.6867990053883
Tango/Albums-StrictlyDancing_Tango-08,Albums-StrictlyDancing_Tango-08.wav,Tango,Tango,31.137596371882086,-218.7536710339175,117.45429290456124,123.01245880099266,40.337712194411594,-29.58832940477427,21.86798255371851,22.824213894887933,17.152858528371873,-24.957183648886183,16.2994740285203,-2.8893086027924513,12.602806856221006,-19.129979704872337,12.019300094382595,-8.206064519853154,11.075968980705483,-13.274776700717371,12.444240412886808,-8.534405754319558,8.449120485615644,-11.721152320180709,10.294779257425116,-6.825022808140916,8.809289760710639,-7.590725287238297,8.547548042002811,0.08378387656600599,0.04183695438088886,1732.4705233997215,751.0554797328938
Tango/Albums-StrictlyDancing_Tango-09,Albums-StrictlyDancing_Tango-09.wav,Tango,Tango,31.137596371882086,-197.75054212986274,112.56572746777502,131.1029628699044,33.35035814907096,-34.796222692722424,20.84935669583783,39.555262784878835,14.111166856272028,-17.711642720751005,12.850375189330196,3.0335036474289385,13.389505177956257,-7.983193856370727,8.49222960729827,-0.7825863248802998,10.533361881799454,-5.22722619592613,8.48134441889167,-4.95819020000423,8.754552678539016,-12.142814370217632,9.586283722927385,-5.223290434678392,9.655535483783963,-6.138492110836096,8.293299524549491,0.09353160644166043,0.056021936669927545,1761.7295522272225,690.8579226027109
Tango/Albums-StrictlyDancing_Tango-10,Albums-StrictlyDancing_Tango-10.wav,Tango,Tango,31.137596371882086,-206.58284362683168,114.69037189342745,132.84429665199283,33.431259568699694,-35.633616165711004,20.359359855950405,35.25999345208395,16.42993674502961,-20.72347560497354,10.715922931801417,0.4085172172689355,14.658805512328682,-12.708061318344747,10.0796870425276,-2.3713763951446367,11.557819809884442,-5.149876476620874,9.361064479721728,0.9370539968211204,12.414940371628736,-10.156660742753532,12.003317389468958,-6.498532883907745,14.133881041771765,-7.636954965064467,10.795637634087578,0.09938623375560958,0.06270452882009123,1779.1471796745209,692.4021398979231
Tango/Albums-StrictlyDancing_Tango-11,Albums-StrictlyDancing_Tango-11.wav,Tango,Tango,31.137596371882086,-197.08793087109538,111.08086022694407,114.00336750669398,34.724069769131646,-32.21501904193358,19.354444336228042,33.62310790077453,19.080593475425417,-13.068935920338225,11.437030066216428,7.978141845491562,14.153027606801302,-11.853608054283102,10.066503493672247,-0.18837445003580067,10.589783562359061,-7.273074205463563,9.89031689436254,-0.5663234935069841,10.204324679399932,-9.82273776533173,10.065869950991896,-4.644334053858006,10.241883108894214,-8.718503388515826,9.859420695619871,0.0941783873644353,0.05971996682212634,1869.3876001445065,712.0694825773288
Tango/Albums-StrictlyDancing_Tango-12,Albums-StrictlyDancing_Tango-12.wav,Tango,Tango,31.137596371882086,-187.03703029046363,103.3342886692613,107.5519301087319,32.11675062680705,-45.07399170516901,21.83458018878752,30.124942005116147,17.304291201241714,-15.451738902548506,12.634540396384189,9.882148821478854,13.773657867432231,-11.421823538760947,10.532486747598943,-2.7756107410578195,12.352981896656011,-11.259245962003353,11.458700074750983,-3.083189421627125,11.143706171287906,-8.995696398090528,9.698695415382446,7.506127299811879,15.963900552951124,3.8075169016236536,14.11899072146263,0.10978220538051608,0.04745249991042471,1985.9482568134194,694.767697688805
Tango/Albums-StrictlyDancing_Tango-13,Albums-StrictlyDancing_Tango-13.wav,Tango,Tango,31.137596371882086,-193.76046193002145,110.70546315001016,127.24449217163138,31.867717819698683,-45.34574810635841,23.198198352290248,26.772854200049238,17.31696202565984,-19.634341348345217,12.413413993928872,7.646465582711855,13.944908455611591,-13.07803709101904,10.989308800332626,-3.1393917806706866,12.640631095140611,-6.090513714110443,9.417925333481765,0.7954611524941367,8.774154564051345,-5.0908262228317565,8.392945189431861,-3.037273573176633,9.552576139838875,-5.289028580672827,8.86269637858562,0.10090220643231114,0.06635201491118423,1822.8145232235013,706.7835759296837
Tango/Albums-StrictlyDancing_Tango-14,Albums-StrictlyDancing_Tango-14.wav,Tango,Tango,31.137596371882086,-185.8672733773179,112.13275969666284,133.7174031220642,36.09021529385518,-31.055298716673576,15.241927424772763,41.57712881706891,16.13178235839282,-17.171022499988904,10.461280833869091,2.4779975088439157,12.320066312156976,-12.043584850879434,10.039608187277164,-4.417929148445561,10.07919340707584,-6.84285915033996,8.325291680309158,-1.4891474903226993,11.31697604040694,-8.476633006565255,11.011307196801448,-6.041848137644667,9.892988920262862,-7.4348143364792065,11.77224449077685,0.09184362144727001,0.045646092651340064,1734.8586611203389,706.7451886674256
Tango/Albums-StrictlyDancing_Tango-15,Albums-StrictlyDancing_Tango-15.wav,Tango,Tango,31.137596371882086,-220.32154688711594,115.97769591149736,114.53013899876214,40.13771945544608,-28.215322587178495,24.5359567792782,38.797524503967836,17.11382029293012,-24.324494136424107,15.032865744207944,6.273512296496107,12.456855501971564,-10.991379913744506,11.52452715737762,5.527736946520786,11.462352102411243,-6.757618303711793,12.402517977284912,-2.543195553255701,11.22051671975078,-14.107548369730551,11.640756536926705,-3.312918803796747,11.717020960752999,-2.2578446473541534,10.467081736639214,0.12015151692221392,0.07016187530150267,2044.0801268979635,745.2101640111563
Tango/Media-100605,Media-100605.wav,Tango,Tango,30.09233560090703,-200.88344637341595,60.461668617902845,128.25270413013988,21.89654537608354,13.131931185425833,11.055824168916796,-6.542309307740489,12.610752902348747,38.012667060115554,14.034609761801025,-22.96261359245398,11.313144467161282,26.817731889033208,10.86643141350821,-5.09914405227219,9.34168576936639,-9.749616253061642,9.868028128122521,15.069869875446178,12.09811374928349,-24.7282982794748,11.715569044762189,9.586195797191985,9.864983259942287,-5.278031455758668,10.351553590334353,0.059742269132159444,0.03062277415018748,1741.9446583207964,393.20654143560387
Tango/Media-100606,Media-100606.wav,Tango,Tango,29.95301587301587,-176.83927167707773,85.1127624869567,135.1703751256668,25.906111709990967,-0.9374050449631239,14.714881933339708,-12.226380153960607,10.03797812903211,51.0251786364722,14.653567686960617,-46.24278185524152,16.626144325824722,27.20185910737819,11.624959747722471,-6.011902395098275,9.135744333072388,-14.180990768656399,10.208206893320053,24.947596460200074,12.911573708680809,-35.83054657186437,14.506965669814697,10.10328217254223,11.613689680810992,-16.312570996359455,9.59886095540982,0.09601712857212286,0.04930386205530057,2065.6909919233008,461.2108195755922
Tango/Media-100607,Media-100607.wav,Tango,Tango,30.09233560090703,-175.6865944152677,82.88689954737677,124.03544136662342,26.01201392398059,-11.240846372208559,16.67536737969786,-11.743839097538114,15.083539136170025,52.78323582379468,13.814579543662791,-48.243451586382605,14.578183724675739,25.554954280786017,12.626843589227267,-7.225064021278369,9.002986115014782,-16.28910735781899,11.926020182771108,28.599292403133166,14.280906874520568,-28.878274554935754,14.071692327422882,16.256876659838905,12.615566632787267,-10.35687626175835,10.51766823935538,0.09512905439725232,0.041909914703003925,2174.105507741662,483.01214105147636
Tango/Media-103304,Media-103304.wav,Tango,Tango,31.787936507936507,-185.56154148370283,115.4652773997305,138.43493828428623,40.052715801866185,-19.50426772281196,19.885716036954374,27.142246825978088,13.855297163799307,-5.379048199192453,9.661795919022984,0.7611871784016898,9.904058320579455,-1.5229170704264556,8.392410968537542,-1.0291958237809788,7.468915252926371,-8.61679749437987,7.932381818424809,-5.032753358030387,9.149304826875372,-7.2841843946141225,8.154013861691343,0.025811575869214006,7.575782331312701,-7.836695709034533,7.609909043562168,0.060004936469780217,0.029696082501878572,1344.2326548652845,473.47817098615747
Tango/Media-103305,Media-103305.wav,Tango,Tango,31.787936507936507,-238.39789092197842,97.99112989128307,139.98864057102193,40.78723780912519,2.0626861343613276,16.318438838942882,6.620415886428068,10.417711308747316,10.239129691159834,10.863628324998395,2.1368333249620766,9.922612843089674,-7.241059682124844,10.165292358302882,0.030250003871345646,9.644126376603612,-1.9604710887846468,9.64651494048867,-4.426016000903372,8.841100983535359,-11.735768962322151,10.820844586411894,-2.385574169901929,9.260955350464632,-4.144059061186968,10.119208550937074,0.053280963827838826,0.028298290685738504,1266.922833622363,440.6209748648648
Tango/Media-103306,Media-103306.wav,Tango,Tango,31.787936507936507,-210.12099263953803,128.1689323961683,125.69756058003871,42.25736441199436,-8.017358793772049,24.036864699777983,16.071581246546,13.570813255342834,-6.7264946393030565,14.763269769461893,-8.393561553562565,12.121984409052667,-11.241256480512739,11.448556088447178,-7.777837524240147,8.919949460426084,-11.421871179199936,10.896519675064269,-10.208658886731723,10.085023799487997,-11.755531584603709,10.111340671547353,-7.102093398664685,10.540490876034672,-13.444782812370834,8.584721213886441,0.062193080357142855,0.03301935231646726,1453.9678589476023,552.7355270273093
Tango/Media-104206,Media-104206.wav,Tango,Tango,31.787936507936507,-155.4245120087947,107.84023601974332,121.29217659945756,39.1658240527592,-12.45724148024258,16.334582604798896,33.37397634492557,12.350778761003712,-2.3505657902346515,13.780565473885998,8.871204852899986,9.160816763973157,-5.449325244756813,9.485441895446469,2.1999891371052924,9.141349014654859,4.125219190725978,9.09793912333003,2.619959601571865,12.431362514707608,-0.3146122456072926,11.562017599899324,6.34932182451316,10.26939011512535,-3.3440711379424646,10.79970908892908,0.06683836996336996,0.03618170650083631,1582.2519219856456,481.16662395646546
Tango/Media-104207,Media-104207.wav,Tango,Tango,31.787936507936507,-104.41212374346118,121.56975627526363,102.57928709425487,33.941391210615535,-8.12591270147369,17.919117551915164,25.13443454139924,14.229301567177181,4.607240803568213,12.659467805446699,7.598755898500784,8.762458785037454,0.9077652224186233,8.981439277172836,5.1293563482673585,8.44363001757139,2.1965794044739995,9.026503474137737,7.082710861300708,8.80791027369511,-3.1944983714529704,7.777042713733436,3.2737053714643367,9.052395131737377,-0.39628359476251357,8.800004699620029,0.08202981913919413,0.04876739009106376,1979.5950156313206,667.4094503886315
Tango/Media-104208,Media-104208.wav,Tango,Tango,31.787936507936507,-167.33504183753618,126.26741635628251,121.43921126360867,38.0156197054767,-28.339827676707195,23.842793543476613,21.236833652667098,17.806388546041024,-4.691657890732957,12.77363195482197,1.4180149104563107,9.977838244170322,-0.9123946786161958,10.66731616384303,-3.280377874825773,10.440978532740637,2.4866717407164045,11.622211520952698,0.21136626766529318,11.373506452387396,2.147436078333515,12.531219755108737,6.2043452197352025,12.019047097502602,-2.9145072721592573,10.652666355409048,0.08768207703754578,0.04412831217585069,1627.2310609734072,519.281929816709
Tango/Media-104304,Media-104304.wav,Tango,Tango,31.787936507936507,-162.57294117732053,103.1663924607285,100.11822292557022,38.45606485724709,-19.160592740042684,23.222169203521464,38.6456447745966,17.360751613368997,-11.241558060087444,14.954270075164358,8.44556738349827,12.154046435629617,-8.293012045299156,10.347538288029611,5.349598414280368,9.440628718821321,-9.101017539873162,11.051055803251417,-3.1916650176118186,9.362421059334045,-8.099482747058905,10.027828897993178,-2.33789825788109,8.717129228865431,-4.142521325392152,8.67456045012209,0.09824254521520147,0.06726932769609958,2013.0612771325912,765.2765486921434
Tango/Media-104305,Media-104305.wav,Tango,Tango,31.787936507936507,-194.27652393916244,108.55973369365898,105.64972229192605,49.185808116329156,-25.097719575513995,27.395166199757828,27.322281515539537,24.794669366414823,2.2343346312760204,15.510951860105664,-4.189972220482606,14.86722917341911,0.3641822320489145,16.281261569445014,-3.2010111460489052,11.903397927797943,-1.805926732343224,12.198923133586897,5.564846219771363,14.362137256025239,-11.589536009541215,13.511805819567893,5.655302490237694,11.021970467634745,-11.94392673898633,12.269751115740114,0.1056229252518315,0.06000195193718913,2005.729515489762,786.1741364502428
Tango/Media-104306,Media-104306.wav,Tango,Tango,31.787936507936507,-162.1747604327587,108.94848808682252,97.09763792075458,32.931220025381485,-4.084060618183188,14.538668166184138,29.365993378238198,12.260113607909664,2.24116159426607,10.35482926614706,5.173174968064462,11.196017399333128,2.751115721074843,8.811944294589965,5.398495060365662,11.649248908239107,2.502945517028473,10.646323803567562,3.0300943584295785,8.82531487599614,-1.9783891493925416,9.969101384322695,-0.8814842179720256,11.899526392190408,-4.358891404898172,7.433391305269664,0.0935042496565934,0.0472741008249469,2023.5099311432668,583.4267150744163
Tango/Media-104404,Media-104404.wav,Tango,Tango,31.787936507936507,-133.18438890565443,120.14048337930012,96.02006327288619,35.65467103580065,-16.94317746244224,20.568411975728946,23.641012531014248,9.756805730258698,4.816208789762616,8.706399149853883,12.769449507809897,9.230115471656687,-2.075488144382733,9.571748903686828,-0.28330688819182254,10.222608629828798,-5.440316047477928,10.622427382264894,2.56286851403497,12.767580857127008,-6.10832130667232,12.905992315758068,5.472007069236912,12.82807504722545,-3.365673771085577,11.703049629437906,0.11116500686813187,0.04427127718584143,2112.2456757678033,580.597719413756
Tango/Media-104405,Media-104405.wav,Tango,Tango,31.787936507936507,-174.48364363324276,117.01368738876222,145.99739682662423,39.113006269079726,-58.29348221398805,30.001598916755388,12.729486254108142,14.578793650117715,-10.482850341849108,20.467922462190025,-9.154688154184786,11.012077971997643,-12.552123282463468,15.26192269905805,-8.22180495847477,12.581790880489555,-6.614373263891801,11.869125880041134,-7.414609203453416,10.532065326604368,-6.830519548299345,8.785800049443157,-8.941013659875455,10.242669274122862,-5.747041532398857,9.365375925495899,0.09249406192765568,0.03414156993962802,1503.282714255575,469.2253590014935
Tango/Media-104505,Media-104505.wav,Tango,Tango,31.787936507936507,-248.6799247609927,119.72971358769257,143.78456664477747,48.367747894291206,12.502164347394984,19.878042731909453,19.134320949660733,10.262615867767424,5.3532954843162885,15.098112760371375,8.073381384632922,7.968613506924642,2.0083208540752095,13.027311845400423,4.616127422631662,8.91991086010509,-0.2741680554730308,8.980107613551636,-3.4278015706861784,8.767116634524575,-5.351280396510658,9.206349818222284,0.5216900617804484,8.951866120997641,-3.9888731060372646,8.240925985678007,0.06399203010531136,0.05586460816656515,1354.760368268551,636.5768599152063
Tango/Media-104506,Media-104506.wav,Tango,Tango,31.787936507936507,-209.4916463076139,114.14241823976725,97.7858679614317,37.929539099129165,-6.674950172156839,27.490741280709152,32.23774137918934,17.199021924191005,-4.401264146263326,10.682935772598182,10.539131043166666,10.522847265545716,1.21391057518763,8.29840451910031,10.767120347074632,10.04668576538038,-0.380528237931445,11.666936004044377,3.572306118998097,10.692906388599235,-4.179456069354019,11.062705154790896,1.5175405839045417,13.426192605393426,4.799912290911919,15.55667678883478,0.08787631639194139,0.040263915659034595,1990.8223442168694,628.940859728441
Tango/Media-104605,Media-104605.wav,Tango,Tango,31.787936507936507,-183.42521178339348,132.24094861395494,105.93989188284583,30.867455961456123,-23.735328089973294,21.299512814533667,24.016794165281613,10.938693724078217,-0.22297331797264414,8.31093251576043,8.418416485368335,10.38348278908206,-4.488752874371412,7.773299866744787,3.5256778004421747,7.288094336051285,-5.8268464487798095,6.718839443023405,1.6185671743506649,6.888587728809922,-4.183517574972547,7.015017640547959,2.955015969171026,6.801239796878291,-1.5551476658602992,7.0002679682126985,0.09355218349358975,0.03869633679906218,1940.9342696144693,569.119192929945
Tango/Media-104606,Media-104606.wav,Tango,Tango,31.787936507936507,-204.45011355087075,130.1671035279228,68.04463804769752,24.664209283036303,-10.050343562381492,30.641584021205023,28.542863031543536,16.851740872332602,-6.689357473244362,13.628473656923179,-1.2628531675968457,8.846510137991448,-1.4814017662762768,9.894130861679745,-1.6128503246326888,9.812027606020893,-6.243755560440351,11.411479674321992,-3.2217037322251056,10.498533678849924,1.2326166663700497,10.429366299468922,3.6472320166113237,11.37654097383026,-4.344908227449191,10.930354333736105,0.12980339972527472,0.06801353482733184,2450.451249235289,598.3843229590428
Tango/Media-104706,Media-104706.wav,Tango,Tango,31.787936507936507,-146.12928490565693,121.4218474196835,109.28011688379374,47.62174518652571,-6.842000730323898,23.62076653060182,37.37019870033496,16.090192119668153,-3.2260727596886074,16.140302724577346,9.491935118286847,11.031587745887942,-11.456097335174979,12.451061930568486,5.039650118205925,9.610575054708535,-7.654248630841528,10.587169774968046,-5.284810565183481,11.674696313480608,-4.444425766424772,9.767404667326698,-5.2052689577536535,10.664333002554587,-2.383803791206159,9.219301530115604,0.07900390625,0.05442141265293545,1848.3090559189307,761.9720871267143
Tango/Media-104707,Media-104707.wav,Tango,Tango,31.787936507936507,-147.77118723111556,115.51378202336764,84.05221746955152,31.566438636028614,-7.4546515165759875,19.850394400087268,28.114111065047226,11.11551552143224,1.592745553474081,10.09255261685965,8.668321549926919,12.14824286695155,-0.8457473452792809,10.097405742153226,12.349337866449606,12.173191750297745,-2.0920662121154265,11.991326134384598,3.9004252837806903,12.667872298790734,-8.707520001008193,16.182426230402,-2.0582062619281687,13.262863121188884,0.06561219612500038,16.174282688138348,0.12944246508699633,0.05866882335844643,2328.699089134393,684.9739413681663
Tango/Media-104708,Media-104708.wav,Tango,Tango,31.787936507936507,-153.31363481834617,114.90200698868507,101.10945003251692,40.44640457012684,-13.739151794704764,28.97122328862447,26.713402105001997,18.05463000063016,-0.012999339583724503,13.491409855529872,0.48404161269471285,15.149178352881515,5.437669692021843,12.377163263114385,2.2657248191129398,12.285883396070007,1.7863935124253487,10.865788621615,3.8804005402022366,11.911579854340653,-7.896105897127077,11.62606586786755,-0.694559912611246,10.277752327266489,-2.1857451869111735,9.037691367075013,0.10025791266025641,0.07102949015271347,2055.021445149518,971.1683465728058
Tango/Media-104709,Media-104709.wav,Tango,Tango,31.787936507936507,-263.5210923280832,106.91809128931573,149.4091802428616,37.397713886975794,-14.073488717811596,20.090748086173637,18.728397569072918,11.628309139361471,-3.6599026645132784,12.185046520217542,4.790745805829601,10.910865583263945,-2.91687793974764,10.03802475847862,2.282905121259388,8.585319413665443,0.8039574922554988,10.552332189440557,-6.181641703258674,10.012259142470501,-6.601116112543286,9.796394895944587,-0.13606172569095892,9.883589819622147,-8.844747323424361,12.94157636785997,0.06244741586538462,0.027556704035108414,1340.353485496599,465.3468162582979
Tango/Media-104710,Media-104710.wav,Tango,Tango,31.787936507936507,-351.88677299089494,114.77880984749036,121.80332808400492,39.24464405671083,14.055551416280476,18.0378431685654,25.085214227863396,14.392306103976555,1.2268809071346127,10.831745281104473,0.786621272028205,11.77547339181508,-11.747463874102293,11.801690223856774,-9.785702832519737,12.420780471140674,-10.1091493111567,11.38570967962891,-9.621024319360941,10.687280956555343,-10.235529306646981,9.662915948195668,-8.589984772296111,10.216011423588014,-5.613539906398497,8.996582624440412,0.045359718406593405,0.02260466191120814,1335.739287616431,434.5245549508163
Tango/Media-104806,Media-104806.wav,Tango,Tango,31.787936507936507,-205.5684098265904,109.29147259417077,99.43676041037283,37.191840731425366,0.829570875397223,20.254948834608193,34.020820274878595,13.943483146973286,3.318912608830103,10.476647469562817,4.6198083012106546,10.672686530211712,2.5923436103639155,8.717009909707091,5.387269427735882,9.902536444184891,0.6400167016704562,11.423812576835429,-2.4337941012883637,10.200753658035019,-5.866456383119479,11.080374523434628,2.2993086897873267,13.344692246059427,-1.846973587286677,9.589210990375124,0.08373361664377289,0.05027923477731497,1869.6859369561041,647.3246014131088
Tango/Media-104807,Media-104807.wav,Tango,Tango,31.787936507936507,-154.57797697633885,106.41733237188217,106.00942054529979,30.36934784453647,-2.3377129003017276,15.93994040595419,22.23849545435026,10.664436089565347,3.7608607560783427,9.86916874894856,5.770291451842218,10.742984551434052,-8.37522453857246,9.371134047539336,6.904728440094414,7.874449477610303,-0.6534407985633455,8.838209491718365,-0.5320969449170295,8.387782962588586,-9.756112800881345,10.723791305200065,0.880730320328451,8.789922125664058,-0.49271359570519707,8.651280799640626,0.08965308779761905,0.04052874846073294,1926.556943260879,515.0439413429651
Tango/Media-104808,Media-104808.wav,Tango,Tango,31.787936507936507,-228.91554955366868,95.84154212291475,123.74116860592709,34.66748298560484,-18.553542686647226,19.990640723899975,26.257712235030844,13.56765346021316,2.0735941091215673,14.73234742531693,7.357127222604236,11.358630256217289,-2.138270539360418,8.062133227106377,-2.4907867890122586,9.014193055241346,-10.635409912639137,12.052651499456404,-1.2537870611692514,10.425284880966109,-3.8126592801336736,11.004610281287546,1.606133445833293,14.64076863142523,7.9338496730738095,18.13547671675913,0.058745421245421245,0.02361883935388461,1413.8417935596497,370.4310316741295
Tango/Media-104906,Media-104906.wav,Tango,Tango,31.787936507936507,-130.8594774953638,108.51659935302895,104.33899701573266,33.35260173848661,-15.245093082428495,19.962072839544,34.116858830915454,12.792809450099012,-5.8582610129664445,10.022190446226523,-1.1413392579374022,9.124086944795051,-1.373641964730796,8.312657384261,0.6504651529135759,9.782788663827985,0.04913801573114929,9.107096239163536,-1.9074775838324824,8.740549531664485,-6.147930634992982,9.481848466292462,2.810116877350785,10.05870884179245,-1.3349305106945277,9.37265809398847,0.08071128090659341,0.039021378746290296,1843.462842853875,564.5824419193506
Tango/Media-104907,Media-104907.wav,Tango,Tango,31.787936507936507,-262.81750774419265,106.88237326416619,72.33185903475862,30.51474740264786,-2.7205814644852313,19.31980733915991,34.333265791843225,14.49076251231536,1.450642111327687,15.4409290857779,11.296182159256857,12.186734616393544,-2.9207932091163906,11.374166698080732,-0.19604282185231095,13.176462621947701,-1.5657655517468285,11.628673539311322,-3.10974912218347,11.135445975655728,1.96752191904623,12.507147660919179,6.7295629006616515,15.614921768224093,2.2003230764789246,18.268781440096454,0.1021259014423077,0.050100885157231455,2156.812243740717,716.9092850812746
Tango/Media-105008,Media-105008.wav,Tango,Tango,31.787936507936507,-179.99853281576614,126.15743555919624,106.48445042646235,35.368411995386765,-41.10623728621483,18.539310910015832,34.868705823645655,14.614410182169607,-7.855191059487369,13.542507189112255,-1.0931510327939045,12.14328285496881,-11.083854619060508,9.155432771862955,-5.962054157120176,10.42653111703011,-12.929873651774875,10.156887227198592,-6.418598504548188,9.69699811847501,-7.589059099421244,12.766038209532907,3.161232648997073,9.82812142034428,-0.18135023477076873,11.94524593989679,0.11393873054029303,0.044561311260224674,1875.9087263334277,515.3915964376804
Tango/Media-105009,Media-105009.wav,Tango,Tango,31.787936507936507,-120.57880152304483,117.43390546761866,100.59363310510713,32.66160565732751,-36.093542182969,24.53182088425476,34.203101139714406,16.18116155774051,-10.51530607833567,14.428067816175357,-4.6797921484426634,13.135183920942094,-12.141013866171718,10.937683441292092,-7.369471087212934,11.662373016213223,-11.671715615793373,11.300194844911474,-6.091673023024163,8.754899858530331,-15.68951429084941,10.056669796758387,-5.662299474541699,9.135991414702705,-6.521389669287773,7.818576693189856,0.10352099072802198,0.03767775913497345,1920.7151351575887,528.1819851638231
Tango/Media-105107,Media-105107.wav,Tango,Tango,31.787936507936507,-117.02247341423043,112.38448396590036,104.53362970595647,28.75762452221163,-19.019003444565506,19.81485279281773,24.41498339158187,13.268179625597128,-0.9839619261663246,9.303520625587279,3.8922899715862807,11.434715704071568,-7.364477079538926,10.131970004118084,6.429813266558214,9.845370389417058,0.013602300727589887,8.896599282543137,0.9463371380134136,9.29497652493665,-8.719833300932859,10.308314967614324,-1.6645855095763182,8.963155056055838,-0.35451647279799947,10.338406941978459,0.08700492216117216,0.03699985310424401,1862.7157446947383,470.0069108956418
Tango/Media-105108,Media-105108.wav,Tango,Tango,31.787936507936507,-120.30982487733313,111.98420707551631,122.45827606991398,40.484669261584486,-28.10801475899915,21.982294808124113,24.592813651240597,12.12346883773212,-8.276904606380343,14.266627616312036,5.530644342935943,9.05159943559613,-1.037051960380102,9.26042945798013,0.3359198062918101,9.811772416415492,0.4464059001811489,9.58726562925728,2.576401614348595,7.480090758590616,-4.2006579702230535,10.826822835560971,2.960804317669785,11.268385869151189,-2.7587059759762305,8.733819868221705,0.08548570570054945,0.04263672367006256,1675.9420138270286,526.2862247406999
Tango/Media-105109,Media-105109.wav,Tango,Tango,31.787936507936507,-151.13734570094763,119.07149450816978,112.89787426608551,32.04515630878722,-9.320602800513745,17.495223029025635,17.204208771533327,13.496609537469254,-5.74561557859237,11.89538784090282,0.11836087987622611,9.090767894888078,-5.368343997683685,11.144544953537544,3.6114048823733764,8.3254839266058,-1.2026349580042424,9.908385889241515,-2.5072171369444263,11.047373727551529,-3.6479624515534037,12.640088304687367,-3.21927006706627,14.04760427521735,-5.020107675116425,9.443399031954291,0.08693802941849817,0.03286758584792948,1766.2229843212756,506.52676036534183
Tango/Media-105305,Media-105305.wav,Tango,Tango,31.787936507936507,-139.16080086876158,109.96493857742696,123.67715356948482,35.281985952871,-39.85132251423484,16.61454562871895,34.86347541162142,14.81408948367543,4.080821019716089,11.748411533211454,7.385734862083238,8.654870511430106,-6.13614460470093,7.539500819092728,-4.969694958964312,9.72803300905584,3.813270244013751,10.557310712387519,2.1745683807233402,7.8256544148919165,-9.39007658990571,9.0804069128385,-0.8255787701372985,8.252078843551324,-2.269997223348252,7.69971068071779,0.09683100103021978,0.03980368310379041,1688.3612798249687,460.7793848688161
Tango/Media-105306,Media-105306.wav,Tango,Tango,31.787936507936507,-171.21290609535228,112.35652397603977,137.98748386080044,41.284576721515926,-57.33622172164205,30.632405485123407,32.2253951749053,13.697612944352256,-14.231594804339702,12.459185628452248,6.368282672035158,12.1834104952521,-9.188335473292023,9.378513037197804,-2.0990478786804747,9.59069420059677,1.0496982939057098,8.7250035124256,-2.0701826335898597,10.602119391566,-4.068098746968102,7.542277300790441,-2.8032700131627815,8.926761985152261,1.2658071800036634,7.06053662774639,0.08752217834249085,0.04822901972679239,1603.5518673347221,502.58933851463485
Tango/Media-105317,Media-105317.wav,Tango,Tango,31.787936507936507,-133.5520745909708,110.20532278955258,119.37400765454677,33.88959274348723,-17.03641562471829,18.778423631277395,38.07014615404806,14.027939038302792,-2.4711897253468345,9.930619407053081,1.2372196522728534,8.761295573790486,-1.7234648439939813,7.929179965686615,2.5487977874750474,7.743869786071137,-2.4785083942040513,8.448226437515782,4.15574820053261,8.211395646730335,-7.693863301494661,8.445014330199154,-0.67705740914862,8.829021568853115,2.8542581405562344,8.302405026363925,0.0869305173992674,0.07165138007077099,1745.3469410104028,579.3677113364113
Tango/Media-105505,Media-105505.wav,Tango,Tango,31.787936507936507,-159.19216019479325,95.15728344167462,114.23215605683001,35.48982591697294,-24.176894949489263,17.732305647023107,31.59137100696871,13.170788370601358,-5.061982622384325,12.365965243896198,8.447865375340106,11.99179187311996,-0.024286456404477814,10.987749075192493,7.342397648786512,10.76653331779797,-3.239640229046771,10.880278720693108,-1.8488075144713352,11.095361636152338,-5.0403844916851845,11.412891338301279,1.7924371660580003,12.262094868833168,6.9569529169791355,14.906180909721465,0.08705679086538462,0.051220257631627936,1689.0199327338064,569.254466447762
Tango/Media-105506,Media-105506.wav,Tango,Tango,31.787936507936507,-144.48023900809414,112.03317484761742,101.66849360093393,41.6598889876914,-27.408396954714842,21.608921012625423,26.649855518085285,13.183267340943651,-6.410618027062924,16.232589796620243,2.1834419689039386,13.65008084242305,-3.6528892404470206,12.41040227679672,2.245287246729094,9.793859532868622,-6.311043966958,11.30035826880989,-3.287930358133258,10.182527865314025,-8.796759669942178,15.27800514672056,0.6324983692566919,19.386182413003883,0.5277511170790948,11.886439179827883,0.11065740899725275,0.049059037634969306,1870.8555637933382,545.1629152557839
Tango/Media-105507,Media-105507.wav,Tango,Tango,31.787936507936507,-157.9702736630348,93.93615739413869,134.50171398868943,36.693718506180645,-19.25433412674296,14.676115096629392,28.62428170906477,12.660508287130417,4.703133978161303,12.122839842736317,9.414130459870393,9.164128461535086,2.2551519060310383,9.374670037662067,5.40106479833301,9.263912813375951,1.899527130927827,9.3330729598118,0.48335566533629915,10.462899885011307,-0.9700364905482661,10.208735221958225,4.7444702567921,9.606810384140212,-0.5706055496366688,8.936152445326881,0.06610720009157509,0.04177637152821848,1471.4200908930784,532.7324341035587
Tango/Media-105508,Media-105508.wav,Tango,Tango,31.787936507936507,-139.43581105918702,100.71431407220899,128.0652696073081,41.80636213511484,-25.936405925486643,15.569823300582076,36.80526534843396,12.835957753514197,0.07025728912909428,12.456289098518981,10.096189620886785,9.538846059638946,1.2154697612750436,8.549256598110388,0.8222888776719168,8.952699853706461,-5.070618540201669,10.751081003502764,-3.7504754764283925,9.49559876021662,-9.584330577034947,9.875241356263617,3.432487117795895,10.045658157294934,7.840597542690362,11.078765822099458,0.0714915293040293,0.04898494111341144,1561.7236321628043,561.3033950221535
Tango/Media-105705,Media-105705.wav,Tango,Tango,31.787936507936507,-151.49663142144354,100.5116224249136,131.44110113149713,43.8366633121122,-26.022192539464278,16.597113542930153,29.148723561044356,14.109822510844108,-3.941572786462667,16.848930368545776,2.5861579710677796,11.355571177095767,-3.007883876776408,12.954294716885713,4.102678855484886,11.667254926026823,5.0456164346575285,11.332052223789056,-3.995628507386857,11.918452996342568,-9.089824136083681,12.791420530766764,-6.603990882126574,11.805296647742864,-5.580614774661534,8.064039839515232,0.09293619791666667,0.07792967733933363,1696.324373416462,643.6893795831842
Tango/Media-105706,Media-105706.wav,Tango,Tango,31.787936507936507,-165.69232129814097,110.3608761878287,95.84290780393948,35.32590655642659,-12.074501829072199,18.93471717656927,30.446781106151956,12.557923602450545,-3.6220780955503216,12.122468187148392,6.874144495889897,10.769975756951224,-5.1512688645499525,11.081364059541297,0.7030299509934127,11.045995996277329,-1.5441359357542153,10.31927736515772,3.939222429739307,10.182223164694719,-5.511384030783518,9.177369039122143,-2.305424981927998,11.202857976636077,-9.334090984562721,10.132477944393266,0.11557134271978022,0.08506254794756009,2207.2619128998817,755.4764025004597
Tango/Media-105707,Media-105707.wav,Tango,Tango,31.787936507936507,-92.55868663559671,112.09106737720525,109.72714487963574,31.25464343345989,-14.882304504254849,14.962217479574374,39.535156945724424,15.2838803248854,1.318472929724597,9.714685384608089,1.1517367452521206,8.017790210690906,-7.775679740723678,9.827754878157439,3.5296093076489075,8.520111928075082,1.604091447016743,10.387101410221746,3.755341426969962,9.489845414492944,-2.117313641203721,8.764898258724957,0.6027999527077389,11.949351057095933,-8.07288488206438,10.710982414932715,0.1041806175595238,0.06696240032990176,1930.2380338661674,557.1527781067552
Tango/Media-105806,Media-105806.wav,Tango,Tango,31.787936507936507,-149.3937756293894,135.01144229406796,113.44267968283117,41.01908791867727,3.1847844638225165,17.150375823951755,32.55384759714083,14.264964848652761,-2.226598543324277,10.027067156336962,8.959041783984457,7.217574532351203,-1.7404802762772522,7.385154379789762,0.5560099392844564,8.642756045499125,4.854512231315674,7.778008645943649,2.621785579442122,8.093870068299147,-2.5214934188215365,9.735167254238496,7.922107262238716,7.271033887489887,-2.3349639068642767,8.404778174319532,0.07244627117673992,0.04710757910883736,1743.4442137602218,671.199611446701
Tango/Media-105807,Media-105807.wav,Tango,Tango,31.787936507936507,-184.90985150093235,115.52975141770139,117.16569012424908,47.24212502199772,-5.105893407641507,16.137451226595118,21.979523341519165,16.915858131703555,0.7667854316727042,14.274947090354667,5.995744720670837,12.372614748542887,0.910594701398112,10.308255612580563,0.5037819764940825,10.305449318923479,-0.45777675680028,8.75944031842005,-0.7518700411819284,10.200390593895403,-6.417880069191057,14.086193651436735,-2.2506400746466877,12.765149712303932,-5.774862044717674,11.331202132618117,0.07488159626831502,0.047537004989644756,1548.1336520633117,593.0886735796969
Tango/Media-105808,Media-105808.wav,Tango,Tango,31.787936507936507,-193.57795740111544,113.2325392483835,76.10806933876502,32.764868554131525,-24.904257045341907,22.250839930404215,7.706154169174127,23.464071065751128,-21.29670383474682,19.64605545635748,-1.386204898953167,19.921637428192668,-11.836617690204,16.581532923011707,-1.3404340560369687,18.993112370809712,-0.9459762487645216,18.936174515877514,2.312791562139094,16.56363790967501,-10.669710923075808,14.191014140682883,-2.5896124217875873,21.079970672282638,-10.009062858569164,15.765904600193887,0.11199812557234433,0.0491283000486261,2067.106335138171,606.1272185982909
Tango/Media-105903,Media-105903.wav,Tango,Tango,31.787936507936507,-240.08423777011498,116.25435435296679,140.06000531021613,43.030153073194796,-1.5310900342691436,22.36932832317585,31.90156455191831,17.687695439960645,8.367146828297512,12.839022244665522,12.79615072346687,8.218451550811803,5.551546484229934,10.686963400252603,5.4463538283231845,8.694303602043776,5.064560297248955,9.263177959782766,3.05972740411699,9.010676388867836,0.8601122606868304,9.858036868337516,-0.14711916271399694,8.99186784970308,-3.043281191571089,9.404195569614505,0.03872517456501832,0.03159977033452218,1164.1655164273416,492.05950184954327
Tango/Media-105904,Media-105904.wav,Tango,Tango,31.787936507936507,-210.80610955326134,111.42774342043667,130.99283760775174,39.73565299636011,-46.63024864015756,20.304625233436635,16.92164741355478,12.084348416712087,-6.0093588611709405,11.244757164480449,0.9172731300949789,10.207658495439082,-3.744302086165093,11.785829250589863,2.3759963953710304,8.182997319361855,-2.355942151884954,9.204535369168383,-1.871056719341853,8.770402435879808,-1.2333996590652265,8.86105286959173,3.25590976499687,10.363943201346808,-8.044141217232056,13.053940367775187,0.096026857257326,0.06433353851234333,1579.854469133867,542.90198530566
Tango/Media-105905,Media-105905.wav,Tango,Tango,31.787936507936507,-328.13892126945245,130.34344681642258,141.97898502688923,48.5230284508203,-8.10661408935197,36.74893405877355,12.279999418948716,20.76213522759347,-18.663615996355418,24.901837334952976,7.659963475834493,12.210307888275059,-10.114638808555435,13.482970279467049,-22.390173467545015,12.630639623336487,-11.144573723777944,12.952252702075231,-4.504848256461678,11.547776842128531,-6.369269507227205,10.232585235025219,-8.17461735228824,12.238066127304716,1.0519367983456775,10.05776824096092,0.06399489182692308,0.04825458868640768,1347.383901621586,590.1870463497298
Tango/Media-105906,Media-105906.wav,Tango,Tango,31.787936507936507,-180.1440187219333,114.22366078818297,100.27675539465044,38.93138604680639,-4.7339273149027115,12.967199757911342,33.32686021493159,14.01745392531851,-4.535577752888443,12.592483497556895,5.553876074540257,9.175952278258494,-2.2714489095354216,10.846529802130929,6.551127497149743,10.822928105722056,-1.2905996356744207,9.158508424745156,2.3930025377073294,8.277881022350147,-4.280609505240647,9.872245392566676,1.285283737755908,10.649665470793352,-0.8711512844129564,9.999113282951802,0.0980633298992674,0.07657994079283087,1890.1567112107027,769.9201631484591
VienneseWaltz/Albums-Ballroom_Classics4-11,Albums-Ballroom_Classics4-11.wav,VienneseWaltz,VienneseWaltz,31.787936507936507,-170.6425557001345,105.272659523936,138.68171096521863,42.674392931194184,-1.573273059908971,11.862626361836163,24.40645234175083,13.733328039108894,-4.459593050027602,11.957856746354867,2.8361596677502896,9.907408408151321,-10.311353398992392,9.804881022591717,-1.6143049483866478,9.776780790276854,-9.589265393670571,10.366696546128143,0.402837175508474,10.790195643048452,-8.105000042311431,12.10973518526585,-1.162731524604561,11.409243287815055,-3.7520271124285793,11.33337234855895,0.054113009386446885,0.02551363027498857,1265.8184557657232,428.59882797325554
VienneseWaltz/Albums-Ballroom_Classics4-12,Albums-Ballroom_Classics4-12.wav,VienneseWaltz,VienneseWaltz,31.787936507936507,-210.80563844804112,107.00496487464173,129.70656507110888,42.14305674783411,-25.126866449783876,20.610169620496762,39.7581832003972,18.088863586797213,8.354222414020038,13.874510465322935,8.138100914487168,11.559579504180375,1.153963057022648,8.898120057326068,1.134303325440626,8.494603554901591,3.4287811014732674,11.696609843586918,-2.7532996521747166,10.640996835919472,-9.321789848787965,11.20193375451651,1.3661224120805886,10.20532500748071,5.518603177153766,11.917361034261207,0.05446357028388278,0.03682950159044797,1330.5500410121015,479.35608746890466
VienneseWaltz/Albums-Ballroom_Classics4-13,Albums-Ballroom_Classics4-13.wav,VienneseWaltz,VienneseWaltz,31.787936507936507,-183.72591280748193,94.25611846316296,115.53767209136048,34.68487257828935,-28.4268968956861,16.85508288629121,39.21878578903222,15.404665764556375,0.2638966327970444,12.300042194428405,3.012493093536551,8.933704831695332,-7.693473258893622,8.139391092979293,-9.311204050437107,13.083129917356299,-7.456417251578658,11.425676387845503,-6.129386483431645,10.439092618437051,-9.535443984378814,12.240794274825483,-1.6941949074721643,9.954448643750679,-5.252205447352635,9.590243561540621,0.07683615212912089,0.037687668722089396,1566.5785488011975,530.5254901594744
VienneseWaltz/Albums-Ballroom_Classics4-14,Albums-Ballroom_Classics4-14.wav,VienneseWaltz,VienneseWaltz,31.787936507936507,-172.9733628292154,103.60428662166464,127.5393303263784,39.146670408907006,-19.83260897290113,23.440923977671098,39.17734896802382,17.588417820139078,5.263345435642307,11.651549121717103,9.805631327787372,9.575175923028583,6.608862023676383,9.593506610862434,5.643994443272869,9.205472958186917,2.7445132263554375,9.243487025617998,2.0321781930467906,11.753426239057674,-0.5644369971081707,9.846044134380465,5.889240877004995,9.560388736191756,1.3801701760849727,9.348327935030019,0.057405062385531135,0.04209146377379823,1393.973571328856,513.2854693325563
VienneseWaltz/Albums-Ballroom_Magic-09,Albums-Ballroom_Magic-09.wav,VienneseWaltz,VienneseWaltz,30.143537414965987,-127.62033756130805,57.43723013278392,117.59668926926243,18.666468879622155,-12.944352412138993,10.604763954815244,8.451267107681824,8.069149831251826,9.017521914966208,8.893732408208589,1.875939361977961,9.116231335709978,2.60158122059481,12.15343181062676,-1.3648940534033474,10.641809212322624,-9.390153351634076,8.931855269602982,-9.552991871345105,9.123277430896142,-4.3939522296548805,8.418393907061416,-5.710035320740016,9.130712881929437,-4.64269620525722,8.676213032111576,0.08179785533301158,0.024527003794725485,1696.4215474225502,254.66678000922101
VienneseWaltz/Albums-Ballroom_Magic-10,Albums-Ballroom_Magic-10.wav,VienneseWaltz,VienneseWaltz,30.047528344671203,-126.93412961434623,67.82138212088246,139.30282961577385,17.24764677741221,-4.296703680279177,11.170897967806345,13.993463786154733,9.404063272678668,10.938141177204864,7.715732664012868,-3.0713445831079262,7.55045153718078,-2.153708470979368,6.888736022341202,-2.6562469377365487,7.311612377047806,-4.771307094556377,7.423168297335675,-6.848443008253462,7.459631372520477,-3.7200043036636807,9.011812482334479,-2.979058724502621,6.891024432812171,-2.2330414337638547,6.822506808229455,0.05959451854182804,0.02818135033496745,1459.7753138846915,273.4239982000803
VienneseWaltz/Albums-Ballroom_Magic-11,Albums-Ballroom_Magic-11.wav,VienneseWaltz,VienneseWaltz,29.75950113378685,-144.33984492845912,63.14972645920813,87.81061669534816,15.209107580153816,-8.32929136401185,12.093916508381293,15.60267046049275,8.824205372018941,3.633570100703262,8.461384156500788,-8.427644335998652,9.963010687232787,-7.1040946688837465,11.608681478607489,-5.8454430575769605,11.882178767567114,-4.234771213037949,9.964134121617196,-5.998472198844437,11.009571760394149,-6.323744435464644,12.681148811933292,-11.136548561726384,14.313896704946423,-9.702322125900611,15.983866934275282,0.10590621637812989,0.02691603499140964,2088.9347510859234,259.65056776398063
VienneseWaltz/Albums-Chrisanne1-07,Albums-Chrisanne1-07.wav,VienneseWaltz,VienneseWaltz,30.143537414965987,-94.22057366465538,61.33509051151258,110.51718946172893,20.823165922434853,-19.44923206894978,8.721643336983327,19.205956447035256,7.495547077837109,2.505996748518332,6.820438690367112,-3.2959233494914515,6.9202530574588454,-0.18982306445884467,6.544396687948911,-4.733321227896032,7.074436789909386,-3.513183861926282,5.868678153006212,-9.937484197366674,6.316075931963098,-10.357407764226863,8.497259499218924,-4.811759803887602,7.294855458930548,-1.0113961858991753,6.776605374581273,0.08757465612934363,0.03369933084222603,1950.7198579291658,375.6980788244109
VienneseWaltz/Albums-Chrisanne1-08,Albums-Chrisanne1-08.wav,VienneseWaltz,VienneseWaltz,30.143537414965987,-158.75512406752034,78.89271477903446,115.08280978691553,21.447706658202847,-6.890963697244933,17.136500286227598,22.83855951730141,26.21096202167609,5.912634046865107,9.959401762952474,-9.632197663127528,10.814627143504925,-3.9205758795096735,14.425884770454937,-3.5114862126280855,12.688999017500613,-4.144886273591827,9.141821554598572,-1.4234035353648078,8.556773234468015,-4.419258395256384,13.888724814204393,-1.3810236097990796,11.157885673401264,1.045806350162193,10.175170024736333,0.07191949203667954,0.02631710821353468,1794.7706834827295,422.9523808819669
VienneseWaltz/Albums-Chrisanne2-07,Albums-Chrisanne2-07.wav,VienneseWaltz,VienneseWaltz,30.143537414965987,-170.5045387189322,63.02441402048821,109.66125783506205,17.515095900535236,3.417121953568411,11.788598491728308,18.113556277875,9.800237136196955,6.353279355125693,8.62676186375796,7.891207737477125,12.477874744092784,16.021255675530178,17.24121126304968,13.554797865519832,14.674067087500351,-1.7105774477474218,12.030908431666749,-8.18137580963369,10.698772440515862,-9.99249343048344,9.571070362728195,-3.462289331280029,10.649494670704474,3.3843239977699384,11.941353018410906,0.08379811172779923,0.019752679127765706,1759.1640723003534,237.8125708102171
VienneseWaltz/Albums-Chrisanne3-07,Albums-Chrisanne3-07.wav,VienneseWaltz,VienneseWaltz,30.143537414965987,-170.56099384561838,101.71301521325044,100.04887478066908,38.40813496802452,15.399640193840408,11.577131375288475,31.35625481188649,11.251882733520578,10.592050751876233,9.756920583157013,12.003076457602438,9.186855182697375,4.988024625255463,9.510463410836994,7.6163253408078475,9.056398273172979,8.807414721980342,8.744731104649913,5.5765313114580985,8.629042345816602,-6.310592020452403,8.489619546850081,-9.49581655182884,6.734516450810383,2.5435482788648893,6.592169388802717,0.07087807673745174,0.0807655875900537,2008.5309979640435,926.6225290693601
VienneseWaltz/Albums-Chrisanne3-08,Albums-Chrisanne3-08.wav,VienneseWaltz,VienneseWaltz,30.047528344671203,-146.97852381440367,52.667698236835285,67.51153473782449,15.479352073692793,-13.425523891600765,10.882563954770994,23.072327128470093,9.202289880137684,14.588583579590376,6.827580558190457,20.982718221829305,7.66616051592453,7.467942641590842,9.110177207169112,1.2595026815921537,8.468729347186768,-0.9128541554733245,7.399394372236483,-12.858722906418791,7.0131443166831415,-7.170516172841815,8.525174254541232,-4.755849693517124,6.707746896788889,-0.9706139125195675,6.880963481443656,0.11488906068454686,0.03436402978744026,2520.0032313112265,310.7215336370464
VienneseWaltz/Albums-Chrisanne3-09,Albums-Chrisanne3-09.wav,VienneseWaltz,VienneseWaltz,30.143537414965987,-133.76025489800776,64.78342087087367,105.56840808240739,23.466104180679896,-9.190436721012917,12.295509385212705,20.226283794741185,16.239699453473435,7.010467275056013,13.913294984504606,3.9620544759819,7.917151822056588,4.360190044329747,8.126733464514531,6.922377710871676,8.773657554960522,1.833568534801208,8.341182553075662,-3.531845020617628,8.99029123036683,-2.5674293881821884,9.171329184109764,1.7806309566943672,9.100700225375093,4.827280287392087,8.022808331907278,0.09208267977799228,0.04509847617212384,2065.9377094924594,546.097515364156
VienneseWaltz/Albums-Step_By_Step-09,Albums-Step_By_Step-09.wav,VienneseWaltz,VienneseWaltz,31.787936507936507,-193.43206641839615,117.31886180975492,103.03776002711663,35.4178923341941,-29.732796527672594,22.29807228960535,28.6245195119941,15.94589942388724,2.3683524262708873,14.030184523887073,4.698426558924562,9.230848744037498,-4.6361878975248345,10.254305816198316,-0.0563213225651559,9.89104500391681,-3.8169098137715265,11.60064276746621,3.811569680898745,14.710564918305403,-0.7896134138063706,19.985198517201123,7.9485701978902945,21.88001587316404,12.000859029218482,19.138464180600927,0.09903810382326007,0.043865566173863085,1745.549828116193,524.0518376066709
VienneseWaltz/Albums-Step_By_Step-10,Albums-Step_By_Step-10.wav,VienneseWaltz,VienneseWaltz,31.787936507936507,-256.1417370660039,70.14809012000634,142.91692473751033,42.83645389966418,-21.991172148444594,15.785495689201001,-0.9437345448879335,24.01681361678479,4.198848841489371,15.828930892582832,-1.8527041126477743,10.762559893841646,3.566753867455609,14.282905305623446,1.8577578198045457,14.265356377326146,-0.8623723462744834,12.103577381528194,-6.099293475831085,15.406590933087312,0.46827716774039385,13.186959277985643,4.916037304037526,13.263756777477507,3.592097450817003,13.024536130058035,0.07333519345238096,0.029274683710557116,1341.3792771224864,438.90208131570733
VienneseWaltz/Albums-Step_By_Step-11,Albums-Step_By_Step-11.wav,VienneseWaltz,VienneseWaltz,31.787936507936507,-190.7900839468141,109.53762810855805,136.94951256528532,40.88555598645116,-28.979312455687587,19.93020118468036,18.235980067141966,18.14601574646401,-0.2450950328907464,10.060582620389845,7.342464845312871,9.235924021053282,9.69023858085375,10.879525565148441,9.207884492244242,9.568051376066176,7.82014243905654,9.800382282321909,9.740327215233838,9.957903977345502,-1.3496307023266145,9.78231428179639,-0.4360105139859632,9.813891793494644,-0.9939425156671836,9.000770205939562,0.06463162488553113,0.03190236093781491,1386.480958392696,519.011958098378
VienneseWaltz/Media-100608,Media-100608.wav,VienneseWaltz,VienneseWaltz,30.09233560090703,-222.34034503106452,68.47970458836464,154.55427447056715,27.02524357887679,16.959301475580048,13.908341756361459,3.7726834840365835,17.105039435541258,52.330807862618606,13.998475885062762,-18.441947212318283,15.474319102648922,27.398534038054503,11.421559377355385,0.0025229404613302153,9.497355439190628,-8.821593024807123,12.505362185799084,8.435773864628533,14.542629705968812,-18.2044954785231,15.589625290243765,9.128797794444134,10.39080359888885,-7.257652064231647,10.459065832480208,0.03061546113099845,0.028161762016373864,1346.409058767416,374.49765315282394
VienneseWaltz/Media-100609,Media-100609.wav,VienneseWaltz,VienneseWaltz,30.09233560090703,-263.8265020141272,90.53817171019213,110.28373586804047,22.51217593250399,4.201591232271241,15.227266750576396,-20.765967528582433,21.662167165932704,11.33248223637745,18.345579558288918,-40.65165068383082,18.79418110100502,10.189553920803288,16.065083851908096,-21.75374417945369,13.619474317130845,-14.017647558879668,16.090135509363066,15.471026351116919,18.687018898841846,-23.166311591551132,20.25019498132631,2.175966009389193,11.904652629242731,-6.022195239436242,14.492074055010994,0.06986843616969814,0.02908187856113145,1957.4305605087459,475.5069458049539
VienneseWaltz/Media-100610,Media-100610.wav,VienneseWaltz,VienneseWaltz,30.09233560090703,-180.86723121825023,49.13980327025754,141.60159090497834,12.685973613883093,12.459200780831889,9.839574580001363,-3.1934948442420654,8.944819723045322,51.91347838541549,8.893028839911375,-41.97822365367132,13.817911319883716,27.13384438728448,8.763969851656592,2.454807189338754,7.0703073913582095,-4.119433305208132,7.691825603401014,22.8483297945671,9.816074717592437,-26.612175667917324,9.22552253739303,12.024161785632886,10.66349618736611,-8.673706305491399,9.544543050444835,0.0616965279121517,0.022627656644703984,1733.3922123558052,250.57803552754265
VienneseWaltz/Media-103307,Media-103307.wav,VienneseWaltz,VienneseWaltz,31.787936507936507,-107.73924329421146,132.92787050708114,96.73876514803665,33.39166247901925,-56.99433697539828,24.077627526783576,17.27580201857155,17.131717904262125,-7.29677014173653,13.766737105426538,-6.747655144640252,13.906924054639331,-6.427904503463647,13.115818325148952,-1.5867851708057377,10.127265470111645,-3.147757592427616,10.781759044923673,2.113610568163454,10.264612234766723,-7.957677259349024,9.905207342378906,-2.521512947078576,9.445307939163277,-12.3040599538328,9.531770086745317,0.12724609375,0.046171830240182794,2010.976590108269,602.537193844843
VienneseWaltz/Media-103308,Media-103308.wav,VienneseWaltz,VienneseWaltz,31.787936507936507,-285.58160420341915,81.7139790877511,113.061110125626,46.39393148012633,58.44006907746752,27.415840202366272,21.547229497707715,12.917411345766363,30.189405510953804,14.117824584925474,9.908009547371252,11.053672098448757,12.309333305265598,11.463422436766102,2.5690752566679502,11.60713367551522,3.3192880060562193,11.048371960353435,-2.8393870711565734,11.190751603770652,-7.770879051429074,11.35661673257821,-0.9330945570357312,10.917704675464012,-4.114352783183802,12.069740938849186,0.05604932177197802,0.06420226766258352,1568.4459534537082,921.2581533365283
VienneseWaltz/Media-103315,Media-103315.wav,VienneseWaltz,VienneseWaltz,31.787936507936507,-184.957663416723,114.87208263803004,126.37012591505099,43.241262790389975,-5.7850966188341,23.41603788760617,42.22056808586817,18.069180194013587,11.515092002201365,14.890930697561195,5.8114354558635695,13.51267145765367,-2.4850209389626285,11.797713226790625,6.013708878937607,8.700646301936917,-19.12500945515201,12.423268713715155,-0.5661279574780337,12.956302293142517,-4.847432339712064,9.583928081588896,-7.273472113194477,10.022450111221707,-4.347126998595635,9.780403494331429,0.059006911057692304,0.06495790032948204,1449.697672537054,622.9898813070828
VienneseWaltz/Media-104209,Media-104209.wav,VienneseWaltz,VienneseWaltz,31.787936507936507,-152.10899241796466,98.80300414344251,138.80854570451103,34.47763344222988,-3.4203721461073258,14.165268228241002,28.56062359888004,12.23323263506899,6.9278190057704325,9.935022863964695,9.663637833085804,10.4835923669538,0.054113518923533124,10.695301395119294,5.0987928534235625,11.888609993400909,1.8721805125471003,9.907685640877578,3.6538632322033355,9.29068128917472,-5.938751751922779,9.73153389751307,-2.237890976016266,11.314423934968682,-9.942543716360097,11.71497075965764,0.06670923477564103,0.02506686977385078,1395.3780352487013,386.0024944709652
VienneseWaltz/Media-104210,Media-104210.wav,VienneseWaltz,VienneseWaltz,31.787936507936507,-203.8673820111475,114.47680000219229,138.53451314011406,41.721655805220266,-25.627246721359317,39.91644392264553,34.3052379073713,17.60999772116322,14.12851114342499,11.940158476341523,4.3916425924938824,13.373253326093408,1.0890870584737584,12.520438384808873,4.198868904215923,13.080082845522691,0.4182478330639765,13.823175341092844,3.557714223254966,12.451691801096883,0.7513357511431875,12.797167351566838,4.105090734383673,11.811279263249322,-3.3461696499221536,13.776272669181035,0.06615012591575091,0.045991551506895684,1386.516578908574,554.7070835729255
VienneseWaltz/Media-104211,Media-104211.wav,VienneseWaltz,VienneseWaltz,31.787936507936507,-212.99912704862263,86.42239044929254,129.12247712966183,39.11914874025892,-16.489382905081598,24.393689998984716,24.802469648461834,16.249742729074352,9.257653314542193,12.602743126852983,-5.532439196643853,10.077824966904823,-9.165523603698306,13.776857711477552,-4.448209597839205,14.082594282943457,-1.7396781553454075,17.72568085892356,7.665981363913538,17.138810636294867,-0.7358469206411484,16.288393532483767,0.35623695401791805,20.70622627002014,-3.313514645879736,20.95784617977628,0.07699676625457876,0.034664868318827174,1458.5160666789316,501.64515976897155
VienneseWaltz/Media-104212,Media-104212.wav,VienneseWaltz,VienneseWaltz,31.787936507936507,-307.39769211767646,95.18736881344753,104.27578536905783,30.616975842741883,15.902800018372567,33.91849163837123,25.887043442313136,17.037990986248605,1.3862335833566068,21.86794783260449,-2.8558036766248205,14.495185995119252,-10.466694148197147,14.461002446696973,1.9648219271150495,14.243949118681417,1.0711717223513995,14.13849469142005,-5.454543309545751,13.845987652929244,-11.270165579927392,18.70162697536457,3.678074700199722,14.713734925934963,2.1831338614971267,12.007295334229218,0.07544857486263737,0.04804248037978816,1634.3209123251113,532.9385477154983
VienneseWaltz/Media-104307,Media-104307.wav,VienneseWaltz,VienneseWaltz,31.787936507936507,-163.0304386793782,115.88125480308281,87.75656893661608,28.79640630933254,-21.0660654424102,22.338981039344528,30.01523408943152,18.464086626619224,-2.46217064578194,16.44157650664953,-2.0043920635176806,12.98592883050303,11.22229419697167,14.365357537823543,-2.7331906506561534,13.029007793690216,-14.693070392831764,11.547182333933364,16.730751933156448,12.73997081056079,-7.137245776392115,15.656020464531014,2.7370024319144695,10.44686474116799,-8.705797662019682,9.50531001517427,0.11960493933150183,0.05024470389527807,2211.247000261143,670.8572623382029
VienneseWaltz/Media-104308,Media-104308.wav,VienneseWaltz,VienneseWaltz,31.787936507936507,-203.28906297956323,109.54469104109539,145.25124307872582,43.834445361641876,-20.072345980096017,25.432574425390026,15.437722194700811,18.830901750133446,-16.47704540263655,18.53597818968572,-2.709232847099662,11.439022157125965,-5.146437554347898,15.362491198178502,8.065148566445004,12.738253795053634,-16.372440896788213,11.324520001917215,-0.874311361207177,11.598994031450367,-6.611221977509646,9.744739982320004,-5.7225732878667674,8.963509371919514,-2.012798081690478,9.584294680651691,0.06879578754578755,0.04482034332874374,1438.3062402239327,615.8621907866493
VienneseWaltz/Media-104309,Media-104309.wav,VienneseWaltz,VienneseWaltz,31.787936507936507,-171.1110856035302,108.64679561914798,136.73218251015967,42.74383578109278,-30.288501879238957,24.485120401489084,24.690354436480927,16.362152362077016,2.0425536833034075,16.19667733891362,1.9038858475538638,11.045535584088281,-0.7183479707453874,12.22444797374916,1.2716636486255464,11.242286787510723,-5.564069268447252,10.037732474324653,1.3014926349389522,10.261928379302407,-1.0150436935868805,8.679271451133967,-2.403678686379081,7.684463658485262,-4.958732224695064,6.9997024492545235,0.07666194482600733,0.04120127420330608,1591.2292729281442,579.1361466406508
VienneseWaltz/Media-104406,Media-104406.wav,VienneseWaltz,VienneseWaltz,31.787936507936507,-231.7640929259435,99.17627598565326,150.127343262711,39.884521997755925,-13.805228730657,24.073547067015593,29.2392216663717,15.664464598749705,3.2013539852049644,15.052268146615017,0.6940310497823506,11.287205377229755,1.0741457529015992,12.017189692873236,-3.2420206920199317,10.399492906592455,-6.062214447500622,10.790359278438908,-3.1881953538461816,9.949916558839277,4.257537460083901,9.200322515417575,-4.019949896888152,9.87068509985128,-9.13444079423116,9.309325629890314,0.05271434294871795,0.025955178542682592,1273.8826344088816,469.2082891446148
VienneseWaltz/Media-104407,Media-104407.wav,VienneseWaltz,VienneseWaltz,31.787936507936507,-178.27805483974865,102.46649995002977,104.35467156076383,38.35878741650306,-33.506201478877784,26.770584777749274,29.509544556956342,18.707981636857944,-19.358283636499994,17.35761274922515,-4.547404113655018,12.621779745218896,-8.614230327432056,13.91669451340203,-8.658020031815518,12.344215658574305,-7.476429496740235,12.526084060324521,-4.088200311948774,12.720151008799027,-13.871398311280423,11.222577606118662,-7.865072173239715,10.37757953592058,-15.500276084589286,10.426581006926002,0.10504056490384615,0.06080005993633991,1923.714281789009,735.5044943132995
VienneseWaltz/Media-104408,Media-104408.wav,VienneseWaltz,VienneseWaltz,31.787936507936507,-97.76799362598226,112.76875155710091,73.53662745327989,34.78239867122504,-25.52569834241041,19.15527166130238,30.490474232532698,15.013012211294368,-3.2300973349287614,13.681586191309668,-5.7564639210846344,10.663394045339812,-7.673973711118001,10.650340118137207,0.6099864072454872,10.786119946700564,-12.459848564362323,9.03937122129428,3.9682929894612657,8.952209933908435,-10.284795734586954,9.60644325208956,-2.2595251068031,8.753073742364954,-15.227622246034333,9.44985891156496,0.1528052026098901,0.06616881141608191,2533.6944454368254,817.2682596465817
VienneseWaltz/Media-104409,Media-104409.wav,VienneseWaltz,VienneseWaltz,31.787936507936507,-224.7179511600262,114.82814987480897,97.14464353686775,46.242427106565906,-1.8085108265957288,18.7163827159699,19.395894041601096,22.203568256746685,-12.62045255865032,16.64671415135871,7.924842002448458,9.95925143892199,1.5848840782939162,9.232484959930893,-3.021202592847768,11.96434911902892,-5.650962392738464,10.179382771473309,-6.585467188623639,14.191151866356844,-4.991114233655516,12.861004868122366,9.487510899242318,13.610846626219526,-0.20951878706676594,16.357338889136862,0.08088763450091575,0.03488924307939884,1781.3882327380832,600.448314881512
VienneseWaltz/Media-104507,Media-104507.wav,VienneseWaltz,VienneseWaltz,31.787936507936507,-159.18278403692187,98.60958026574329,138.122802683006,41.327478092195435,-26.52889930175493,22.427956099246657,27.958677230056352,14.52434809943652,-16.911708573120112,16.70144709993267,-0.035724785296801925,11.793335402433275,-8.078457670787524,11.336925707583072,-2.241167366687855,11.879299900904151,-9.02055110478976,11.054443819625293,-4.626548894401422,10.225669795820767,-6.560277017509598,11.902145507809603,-3.2520076701473313,11.527749058822055,-3.499723773458238,8.816241184587938,0.06836939102564103,0.03971652076320407,1448.8293256449701,549.0183449214588
VienneseWaltz/Media-104508,Media-104508.wav,VienneseWaltz,VienneseWaltz,31.787936507936507,-180.47241981885085,106.02323816617027,126.01177475478619,36.503554080273574,-22.04642686803916,23.14349392958851,22.118999702741966,21.076407657511766,-10.002209702565347,21.18537989534687,-4.482128706460001,12.309957047039758,-5.780447890504647,13.57318134654312,8.64528838785443,13.799805439867978,-11.379740150964976,16.51558806157713,2.3693760557410313,13.037587411021896,-9.579784330656441,10.228331172419916,-1.6288475739083246,11.221552572333177,2.359744598091533,11.275372366227868,0.08271198202838828,0.042616939822310906,1636.4487175422864,544.6387525312024
VienneseWaltz/Media-104607,Media-104607.wav,VienneseWaltz,VienneseWaltz,31.787936507936507,-231.90216520599128,104.16810171043197,121.23207448958479,39.20231061225224,-11.092622996493422,28.220454808808444,26.343465166020415,23.306396586968198,-3.533979367892259,13.254132267770263,3.087524263759621,14.026083963841524,5.9040058605851415,15.359770562527757,-2.3469458087694974,11.802471347558079,-3.292226707178527,12.148928297265297,-3.59758158246816,11.48576655935958,-9.907765708919342,11.489005459344451,-2.0818095990715504,10.123604935562314,-10.073114165130116,9.177951682546544,0.08152722928113552,0.057242747406631045,1725.2672171304241,838.8013225444813
VienneseWaltz/Media-104608,Media-104608.wav,VienneseWaltz,VienneseWaltz,31.787936507936507,-187.14111806074408,108.78347645767042,102.40502776892122,34.894173586918164,-9.611892328977373,20.402358357639663,32.24129541074841,16.156765010861346,-2.896317051388913,16.405746624208252,14.41561394613055,12.270549077663144,-6.267303665017323,9.881278052601889,6.696483032186197,9.423737300995864,-10.59185726985966,10.146696306268327,3.360765275022134,10.042017336537658,-9.963223868879599,10.638055495366919,0.39595428946706285,8.671006099658959,-4.603445190319315,9.085722674625723,0.09099881238553113,0.055493369231673174,1995.381476544938,715.8946107257132
VienneseWaltz/Media-104609,Media-104609.wav,VienneseWaltz,VienneseWaltz,31.787936507936507,-171.14209889151547,91.81025052510199,123.06787653942004,36.12124920163716,-8.147416304131252,15.53748712979351,32.24980474508786,16.52629236959755,11.242353162030598,14.314728859838102,9.323258553698045,11.380466294956268,1.9195150878684417,8.529729218330878,0.6070184938205487,8.413287837186724,-10.967773118755336,10.91774527731489,-2.8479395740633286,9.551500969489554,-8.159950967806575,9.936556908522402,-4.214329373633874,9.60717830536346,-3.9483971431215625,8.462788277114155,0.05344658596611722,0.037100386108271675,1538.8274312597164,528.086394903021
VienneseWaltz/Media-104711,Media-104711.wav,VienneseWaltz,VienneseWaltz,31.787936507936507,-168.69992736537148,109.70042621345961,79.70006819836465,51.70492108114953,-17.63495533059898,26.13216353913796,34.75336933441447,17.48886901686644,-4.944028764622177,12.658817624830943,5.949238527898476,12.163222108515432,-1.4713214093279514,13.945207125154582,5.677632756482752,18.845389505860197,2.2950490026872132,14.989738819812846,6.525399416788207,17.89909026866624,-8.15496572975485,19.79183560465513,-0.9503151265444318,14.211122845173724,-7.798514341386719,18.619201271009118,0.11028216575091575,0.07484637448838584,2117.2301899827635,851.2528810260466
VienneseWaltz/Media-104712,Media-104712.wav,VienneseWaltz,VienneseWaltz,31.787936507936507,-192.34889756427623,104.28452290201324,113.06500519047908,35.540893217364875,-13.085328783163055,19.64419824609299,40.15404553911688,15.138675618585859,1.003390888795478,10.414471864538571,-2.8214212631662043,9.167772430903769,-9.094177482970032,10.520752299592756,-7.866992081792979,10.688549620147656,-8.51966950663282,10.027305133343496,-12.554310918271506,9.38411286125444,-12.568860295709799,10.368305949836303,-4.126990419900331,9.382357559580974,-8.374935717321025,10.672860980506778,0.07035471039377289,0.037658049533649776,1665.588381951263,557.7697373119764
VienneseWaltz/Media-104809,Media-104809.wav,VienneseWaltz,VienneseWaltz,31.787936507936507,-215.26257244953058,95.56863399264785,140.9513518116286,37.67735975311643,-30.048787582314116,18.37058584148471,24.541421701773693,16.336707454445634,-4.225357295503127,11.593999600689877,-0.5961247489496466,10.746191521579334,1.2350879335573668,10.37868908793288,-0.45999164056201514,9.44234416839211,-2.5009424423863744,10.136919303096418,-2.766089244273607,8.469046877909243,-6.412240389275895,9.932542338631988,1.6179252918094975,8.947172011705721,-2.3887789610686143,9.044438213362623,0.07247882326007327,0.027552211637048508,1410.214749834606,387.7759880517501
VienneseWaltz/Media-104810,Media-104810.wav,VienneseWaltz,VienneseWaltz,31.787936507936507,-193.75335521593624,97.92849031501763,124.75003829000555,32.715847356257,-21.55903260383952,13.543621370589486,27.868576527733996,10.020896833456542,-1.8368722282301457,8.405069915043395,1.7598094546686174,8.159095559485309,-9.751082198366772,8.166968342181637,0.9935335850309182,8.447510241240764,-4.4414086853651025,7.4636842554951155,-1.4665522305147118,9.577238111497154,-11.631160734354632,9.926623675975852,-3.3599789092484595,10.993638119231269,-6.42310894666724,9.779482070192886,0.07822659111721612,0.035874749092122404,1619.2532612813268,445.47274318369006
VienneseWaltz/Media-104811,Media-104811.wav,VienneseWaltz,VienneseWaltz,31.787936507936507,-187.0608186904417,87.80766522937263,144.93735733783322,40.95063506412834,-35.44759495601402,15.038173161232422,24.95360008491892,13.315192671301423,-3.4237948514441645,9.936479505331716,-4.088886756229499,8.749665314610182,-7.563106411622717,8.534995877695778,-4.317534830894279,8.456135901185508,-8.21693832409776,9.246585039509489,-4.837554517888937,8.972613943966135,-12.081396338805849,9.917622644123764,-8.083859090435743,9.17765319293513,-9.002397489485492,9.938218114274767,0.07307263049450549,0.03019290620886331,1426.0059659546812,397.09132144160566
VienneseWaltz/Media-104908,Media-104908.wav,VienneseWaltz,VienneseWaltz,31.787936507936507,-195.64387642109116,112.17541576721423,134.28404357101385,34.60795156735124,-13.60312752851818,18.120487732766346,29.966369667222295,12.506305454334685,5.403363699148023,12.294819577374668,5.276678588908165,8.339544343931134,0.377968092484008,8.993046566553256,2.749941508007497,8.215152995052067,-6.56767411132322,8.553553822990239,-6.806595792457156,9.915050313307404,-9.9513963563111,10.310648518119514,-6.832855280356119,11.874580812456323,-6.0036444051687505,10.476874657530447,0.06707696600274725,0.03221014528944179,1418.5533634598003,454.31900582165906
VienneseWaltz/Media-104909,Media-104909.wav,VienneseWaltz,VienneseWaltz,31.787936507936507,-134.91954484828585,106.52718531433264,119.07515774201215,44.319328523460506,-9.512878528853902,24.231616486802018,35.66998571088207,14.953816833473471,2.3926923006251455,21.409577086919708,2.1337824466006223,12.010181535530645,-7.46327593070031,12.899742585385763,2.0899016914152764,14.658033414792932,-7.893739379686602,10.132800896391302,-2.6634537192823555,10.976398538235115,-0.9160102745338512,12.54531706753414,-7.172960732918554,10.11502201328573,-3.246743677268746,9.788179375996698,0.07199590773809524,0.05903741900576867,1667.877857173413,827.6211531263692
VienneseWaltz/Media-105010,Media-105010.wav,VienneseWaltz,VienneseWaltz,31.787936507936507,-160.81906342583278,96.26614656383394,119.94606157976845,32.6786490607525,-20.7769398706869,20.03840140940579,25.329664282257813,12.41554814762384,-7.488413464322331,10.508512704614766,-1.8197379911947762,12.541834162937086,-2.2214879913545147,9.984547734717694,3.174780928158732,8.343840983987588,-1.9276485736203879,9.148883272371295,-5.655363920319637,9.222150528400594,-14.433977568318188,9.514400544471151,-4.482657588881853,10.868733261379885,-2.9503399574899127,8.969232346791129,0.09056919642857143,0.02780927870433436,1694.8082915347466,490.1404173061863
VienneseWaltz/Media-105011,Media-105011.wav,VienneseWaltz,VienneseWaltz,31.787936507936507,-192.3257097540627,97.34221731313133,107.098644328987,32.43095396423626,-8.6662371678921,19.760330703476466,49.902593483081915,15.688472591750658,2.867224644895286,10.748463652297668,3.001554848893782,11.235137998055624,-1.7392132040405022,10.895672508702487,5.703345937893217,8.90179587956301,-2.9301960308923958,9.738925887182981,-2.5727049198472,8.094204049288837,-8.0178913595418,10.15472384736628,-3.651423012240808,10.39112545702098,-3.098652760239855,10.549692008800054,0.07593220581501832,0.03728265794894366,1701.7151540330829,570.4675111844589
VienneseWaltz/Media-105110,Media-105110.wav,VienneseWaltz,VienneseWaltz,31.787936507936507,-173.16307353398855,101.54360048015909,126.08921736335631,42.30138435197147,-3.331512014750248,17.769218587911425,36.648648356550915,17.470021590851303,-4.20274179993437,15.620666822119706,19.29343085669771,16.388162637716686,-7.826494166832836,13.890299049033832,-1.3804600138725398,10.29468678235536,-2.1694421813052087,12.104236008667058,-5.841400783566547,11.16485450130357,-8.493850567532405,11.444548920411979,-7.1901052502738105,11.030017949445625,-10.512310838319431,10.001743655893403,0.048087296817765565,0.05346747897215706,1464.2987019460832,721.4823009624337
VienneseWaltz/Media-105111,Media-105111.wav,VienneseWaltz,VienneseWaltz,31.787936507936507,-104.64509646445904,112.96648087207073,125.08843841554223,33.60462048910154,-49.12492367114432,18.374670505356836,11.080648535843336,10.07421975797584,-10.92552973922177,11.511376390002074,3.439168907868388,9.640480835944158,-6.726688453201049,9.19829119536042,-4.9491601563448535,10.470842146265415,-8.939094173462598,11.175699171652727,-0.8115483892902705,10.629533703960128,-13.054628103130593,10.849613066009567,-7.489905139434886,11.112154317403176,-5.052469663347459,9.418032108882796,0.11126981742216117,0.030639074728292425,1723.223953414887,476.4204748021037
VienneseWaltz/Media-105112,Media-105112.wav,VienneseWaltz,VienneseWaltz,31.787936507936507,-104.63438101479424,105.67628466015371,118.14236703668139,39.75519198665991,-28.150264277701957,21.72431807071382,22.782506576321605,16.79254175587738,-7.450598639354518,13.818654429389479,1.6162195383263176,16.47852071210196,-1.4350082850511587,14.589818561320593,0.3573115783681375,15.41009550546388,-7.614316639525846,13.207885878993643,1.090387074633771,11.887994622191247,-14.30300028435951,13.974237257328063,-3.4476841734712775,12.656493266854211,-10.8891483034707,14.211451217669566,0.09714257097069597,0.05294661836145376,1781.157450947805,698.6740264183304
VienneseWaltz/Media-105307,Media-105307.wav,VienneseWaltz,VienneseWaltz,31.787936507936507,-154.3816359083636,97.39559969207892,147.25671408478507,41.25960478306854,-22.072899426124966,26.603758768110048,43.44710851461121,17.22085000419722,-8.506181998947485,18.80879837156264,-3.8925366159953065,11.130385468087638,1.087651663134043,12.952318789900483,1.7867628979899042,7.875479079512313,0.273138646099876,9.570892271949672,4.909298365704947,10.689924346780243,-14.87461639970487,11.201031413383713,-2.7759405534104618,8.493472571794303,0.24420852212134583,8.469830759438684,0.06643057463369964,0.036891552256994406,1408.4069825012657,569.3436013753235
VienneseWaltz/Media-105308,Media-105308.wav,VienneseWaltz,VienneseWaltz,31.787936507936507,-160.582496491143,108.3123184571701,138.9148935264868,40.006231005830244,-38.56071098931188,25.265037428300307,20.442843366848557,13.426375379225338,-9.481846422090365,12.518246845515193,-1.8491096696811598,10.186245190666543,-1.8603469931546661,10.830666348794892,0.23970770982839798,10.207769674649057,-9.603275440192139,10.362117605709217,-4.365630324625735,10.14683146014769,-3.9402370027622737,11.159569194606293,5.817698161000836,11.987751518655108,-1.0640390383669664,12.048558665162588,0.08780799278846153,0.06188752199956157,1526.2261697340684,520.1941942141526
VienneseWaltz/Media-105309,Media-105309.wav,VienneseWaltz,VienneseWaltz,31.787936507936507,-140.95013139299792,100.59300570862385,110.65703999800014,36.56361415832631,-18.021602507745683,23.697525163899254,27.721374381549044,17.757699499389034,-2.126120683383381,10.455048735252287,-2.6608990125573655,13.684228234579443,3.433209566843266,10.559987832543152,5.477981304396299,12.402424087645185,-3.9318180505697824,11.84996539909414,8.47235736147272,11.572542024397967,-17.046044123749994,9.8876879158947,-0.20476812542934134,9.357171038301615,-1.330980421170916,10.059146347368113,0.08952216403388279,0.05874115625210776,1870.5392656381991,840.6540790248748
VienneseWaltz/Media-105318,Media-105318.wav,VienneseWaltz,VienneseWaltz,31.787936507936507,-142.51881334774373,97.24104085903598,84.52533172121883,29.419520454494958,-1.0100739347435352,23.450004817310138,46.22464770106346,15.07215895073475,9.424796728616434,10.07265948652849,9.583659918558391,9.870632675988706,-3.4257200907213288,9.713519507557756,13.497558987694859,11.22349169988896,2.107017504955742,11.635318172881687,11.468437759065246,10.877311985897128,-7.49366644591471,11.64065939185616,0.9760482476417928,12.009862418440303,-0.2094087854164399,9.080936136742013,0.0943688472985348,0.05177126455435752,2070.4111014409596,615.1176123626824
VienneseWaltz/Media-105509,Media-105509.wav,VienneseWaltz,VienneseWaltz,31.787936507936507,-287.60809270833687,103.84982421820783,142.8597791782328,40.07453440487242,-31.102810219845953,37.55407461429494,0.4333001282461061,23.835917677732887,-13.534715769910408,14.25959698107105,-12.657108959530994,15.646857343530836,-15.9728883083405,14.477771755935152,-13.730085594707647,16.06717443487928,-9.227061606986418,16.94127031939133,-11.221890010348488,12.897566591920521,-10.964313101864901,13.478155831105743,-6.363912542772442,12.706697945174307,-10.64896439581049,11.20354571474229,0.07363317021520147,0.03327990238793448,1354.057540987771,448.7801022973257
VienneseWaltz/Media-105510,Media-105510.wav,VienneseWaltz,VienneseWaltz,31.787936507936507,-128.85892568796166,100.43962635651086,114.99243677209891,34.13676367260674,-13.8084729264349,18.539302541351134,29.68501495141332,14.406668135057144,-0.11284406578043737,9.683981794266252,0.35474615543626087,9.52114064349459,-6.095202274443282,10.368574001409227,4.268137252075314,8.945372230806202,0.6103202271331389,12.063118966163792,-5.1172614784022965,11.45913835954642,-12.871837153060119,12.594918940733585,-2.233508492132516,11.934385032781591,-3.157113602700181,11.759235622045443,0.08127790178571428,0.04165429447123064,1684.0078421289122,550.870036013703
VienneseWaltz/Media-105511,Media-105511.wav,VienneseWaltz,VienneseWaltz,31.787936507936507,-197.3125685688053,90.39493545677955,154.48466163604655,43.82278854600192,-7.247814730088193,20.100515319928494,31.14421921302716,16.42410060453195,17.44748996261228,13.645164236810356,1.5992824661525127,9.27129062003189,-0.6700760007624699,9.826841204099011,1.8569973897710834,11.738633132583633,6.894738351883679,12.035504596389378,2.610493105934807,12.113789153858667,-4.122833169742221,12.90212210484507,-1.3820568345081696,12.809444441352897,-1.079692042560314,12.310839079332206,0.04415815304487179,0.038474174724663336,1163.2790318897273,484.17531076300486
VienneseWaltz/Media-105708,Media-105708.wav,VienneseWaltz,VienneseWaltz,31.787936507936507,-135.159800523536,103.6883296865574,118.93040996151285,30.24289798981831,-20.67149851023517,19.961504459198423,32.3835830025347,12.44751991791703,7.023238423445346,13.053503317958063,6.998981535787884,12.536763220472775,2.128006678814094,12.190307264129386,1.1496844099141132,9.595347959179424,-5.842049395236304,10.33677256570802,-2.2198396150436235,11.69872245580943,-1.6760660928756679,12.536359509056071,7.9125031820494796,15.382168678006941,3.6663565747924953,15.200632114648418,0.08776399381868132,0.07187343813018175,1665.8440974543012,592.0769011894473
VienneseWaltz/Media-105709,Media-105709.wav,VienneseWaltz,VienneseWaltz,31.787936507936507,-119.97060349024645,90.30242882399088,130.18770499686164,32.97526023912849,-19.533983195011476,15.157652054331392,41.911654617082405,14.026734408570318,14.105901354118329,12.799332179042112,-0.05946345724675196,11.320923163199364,3.965936831766987,10.507692592447274,4.422923231005249,11.694392935555303,0.8913747324021153,11.259394660174571,2.184836322950395,11.049712314646136,-6.6931529247314785,10.348748526368329,2.189449343343555,9.82159854828291,-1.6753221924005044,9.754073084941899,0.06977127690018314,0.03267188692852517,1564.3410099763303,416.28594653719
VienneseWaltz/Media-105710,Media-105710.wav,VienneseWaltz,VienneseWaltz,31.787936507936507,-188.47559559343065,85.79223386855242,149.58758041945353,37.86250510016909,-18.151170468217767,18.144258247315765,29.25470828250257,15.163139745220358,14.404997341917992,13.315811738361733,10.684862202820494,8.688534325549009,0.7784210999269854,9.404517007634354,3.978428613645754,10.015400848053888,5.018481830654505,12.050148391494435,6.6395246526114065,13.209414737363149,-4.820991028296539,10.967277399804553,-1.5490597547800546,11.473750526452624,-3.6683199932537156,11.938631873413623,0.05942758413461539,0.06803317857266641,1312.2612085622047,527.5593703576378
VienneseWaltz/Media-105809,Media-105809.wav,VienneseWaltz,VienneseWaltz,31.787936507936507,-227.68221570004914,96.61484682024629,177.92291334219846,46.15723363326693,-20.32013567757879,17.25037571166793,25.811157034602015,12.494577850602361,10.33646864320487,12.001667265528928,1.2700280988810342,7.562940106433857,5.753700288518284,8.73579488620596,-2.1836681036844685,8.693196963704924,-5.038130024716163,9.233239128166963,-0.030781004140413515,9.04710756938038,-4.155895434295287,9.02983622611341,-8.067288616877256,10.502544621350555,-7.640549722319322,8.372407765136584,0.04695584363553114,0.023586479109154162,1048.9359451562623,366.08233391702447
VienneseWaltz/Media-105810,Media-105810.wav,VienneseWaltz,VienneseWaltz,31.787936507936507,-182.5154253380218,102.06252573242607,111.41374003267124,40.349170534768206,14.590298069112535,27.59998305638025,40.58177485324066,19.424405909982436,8.29074227690043,13.59282874432262,1.0540520223632184,13.281526952726766,6.258579545427171,14.791935719648029,-0.6382738519785314,11.197503395412076,-8.510005255146092,12.071551764264964,8.05853813518013,12.880011739451913,-11.971457981638842,10.260732304434356,-0.13066203301641865,9.703318450245005,-6.16507620302771,10.448924201928229,0.06758170215201466,0.06507160312187053,1640.3123604553475,827.6894457047758
VienneseWaltz/Media-105811,Media-105811.wav,VienneseWaltz,VienneseWaltz,31.787936507936507,-134.46982415143268,112.31764001946449,135.80499758692164,42.14331319533711,-25.03078499591371,16.58312833876987,28.315773612285295,13.426198074980077,5.20336609364012,9.718598138174842,6.57617697513875,8.944156268885063,1.0959668014363202,8.870316875988514,5.969588923633652,10.862275237428332,-1.3566898000323218,11.962089461066148,1.8234989551919307,11.557049491801,-9.194727716789133,10.66520844014234,-5.898797474515037,10.078938749871218,-3.4104436204582473,8.511513352146181,0.06566291781135532,0.037577831669829254,1405.6947397328038,469.5441319740116
VienneseWaltz/Media-105812,Media-105812.wav,VienneseWaltz,VienneseWaltz,31.787936507936507,-228.3694557533698,101.68898479551493,113.97674464566127,37.19125916236252,-11.226482414747537,21.742306618467676,23.92066781135671,19.43129773705639,-11.082697478134174,15.043639692284248,-13.464738857279306,13.671654272898229,-5.370927028256643,14.730244356871024,-14.582105717196306,11.467510739885887,-13.280921812364548,10.297407892930782,4.034923796512664,15.002643817873727,-20.415000878879393,11.628643657722655,-7.8569711984127135,10.384252874709391,-10.651941124115472,10.262782945322245,0.06420343978937729,0.04371213741582294,1552.9996970080713,629.2283089875764
VienneseWaltz/Media-105907,Media-105907.wav,VienneseWaltz,VienneseWaltz,31.787936507936507,-179.8616481395209,120.29649635956837,98.46410336489932,30.32305995908092,-27.921966888330303,27.544583054361805,21.21236467959575,12.366968315988945,-6.134518119690599,16.426907233424785,-7.020738035159937,12.149338880123455,-19.123597852328327,12.533266563658833,-6.183023212763842,13.216252102723105,-11.329709234473869,13.707059218922026,-5.5104171616955435,13.587250597857283,-13.748969138055912,11.10154437449386,-1.539185674289663,12.166568289046909,-7.936018961852467,11.837785418698257,0.10266068566849818,0.0555678690145778,1877.2750756120888,584.7020127641565
Waltz/Albums-Ballroom_Classics4-01,Albums-Ballroom_Classics4-01.wav,Waltz,Waltz,31.787936507936507,-198.05831662911154,93.74652428271337,145.68888502743505,41.00390071864817,-29.83499601022614,12.973784660291951,47.75855151629193,15.218586838816773,-5.239195867259467,9.109488687642449,6.686053084275815,7.183955830577313,-5.14049327124868,7.372279043920226,-15.618114117427652,8.936809160591482,-1.2667127113500274,7.47476263541384,-4.478645807973338,7.916275910149848,-11.413351842549249,7.94584397431587,-6.891099730427668,8.020918946061967,-8.872440200743807,7.794289981111193,0.054086896176739924,0.0235728908116009,1297.0554616700647,420.5258749995061
Waltz/Albums-Ballroom_Classics4-02,Albums-Ballroom_Classics4-02.wav,Waltz,Waltz,31.787936507936507,-195.2795972460967,99.45754680434536,121.65554453102796,35.225852128449425,8.605411032334883,15.179723712005549,35.80160426696244,15.967129178041066,6.182119119944414,10.765155158201315,16.587015818827638,11.484283953841262,-8.181331845214055,9.291322483437142,-1.1284776005089279,8.725587772928407,-8.37365502603748,11.138006970709313,-6.6031494345259745,10.056040255244428,-12.736889456776458,9.344820904018697,-1.5161542142516766,9.141385508834782,-1.7855586852819278,8.352843010859235,0.04032809638278388,0.022206450054906138,1319.7542558238551,425.153119568973
Waltz/Albums-Ballroom_Classics4-03,Albums-Ballroom_Classics4-03.wav,Waltz,Waltz,31.787936507936507,-242.32041837845554,87.19104882798554,146.6555698194706,43.606752426179796,27.10754270883215,31.392572864444098,16.731999512789535,14.077837520315052,5.39951440966992,16.98419197042222,0.16279489020881746,8.905319456634258,-1.691850887098003,12.064018100392857,-6.185928223995887,10.329477754562012,-12.296935951624718,13.598853286083177,-7.955519949263344,11.939496554961398,-14.75716145713286,12.001138561970158,-6.469187855429675,12.146791155369412,0.8160144301994706,9.638052783168336,0.04129607371794872,0.024337813417716955,1103.1198285492076,392.7781541780023
Waltz/Albums-Ballroom_Classics4-04,Albums-Ballroom_Classics4-04.wav,Waltz,Waltz,31.787936507936507,-210.62512072039203,101.65605518826605,144.50023166578902,43.973886156076965,0.5191527312493878,18.001947316049318,25.679270417137563,13.73087421518298,8.444809984317294,10.322757006178529,10.751851483756404,8.360443325830719,0.5909010841102587,7.509991346085749,4.077827396256938,9.132998789640933,3.0876849494944247,11.575365840992722,5.065537442715568,8.333252729040545,-4.0984020184371115,8.260364345304977,-5.561954289416704,8.186556585982983,-8.337820932060485,9.342465659432488,0.03888972355769231,0.02794743782996394,1195.5366413975064,468.18957420770903
Waltz/Albums-Ballroom_Classics4-05,Albums-Ballroom_Classics4-05.wav,Waltz,Waltz,31.787936507936507,-207.25414551124462,93.25480848392039,132.3895590638446,39.58578940780728,15.977702523292495,11.908858245349494,35.317495359483836,13.99622403664945,-3.2650890416229923,11.400285966641022,14.974113851614309,9.344506343898862,-0.4805974572015216,8.490677318518896,-7.7739208845781045,8.774500303063245,-7.595346799085913,9.359526460263805,-6.1622784675358115,9.245510537034171,-13.427317108122843,8.9065117498187,-4.923091024525818,9.420108276161503,-4.7120389815464625,9.307621241792337,0.04157401842948718,0.0357339431108582,1216.7483476364375,455.6503274971924
Waltz/Albums-Ballroom_Magic-01,Albums-Ballroom_Magic-01.wav,Waltz,Waltz,30.143537414965987,-168.34636426224904,64.86692794563243,103.85210586009852,20.117883983444624,-12.335069326906206,10.881346608074594,17.41861667132494,12.02134779986848,10.816063840803379,10.532305504610727,-1.5971222340059765,8.27697450586061,-0.9881040559611505,8.504843618695087,-5.292328353684169,9.261742545496617,-4.577903830302386,8.674540816310069,-5.10271376701761,8.225081756742371,-8.69035504932207,7.202127325770269,-8.61324034571633,9.87489078972159,-4.459943166078346,13.080083077293649,0.08114555682915058,0.030795398959653615,1814.675251731639,295.18914168852854
Waltz/Albums-Ballroom_Magic-02,Albums-Ballroom_Magic-02.wav,Waltz,Waltz,30.047528344671203,-139.88514340010656,61.062342636771746,116.35978813061269,17.736461289524588,-6.757718596450648,14.13591026076707,8.476206180557206,11.563816164518231,0.38476186888253433,10.998267474504075,0.2147476267266697,10.61265685457894,5.54222995368873,7.5244614275839705,-1.701507113034275,7.54358470181659,-9.589145546420818,7.824662154368,-4.30819819297359,8.542064031028612,-8.097180836361197,10.323457012756968,-11.720904691238323,12.245811036760285,-12.348288227835571,8.579096314789982,0.0797252462964756,0.027488195189644307,1773.5774100531962,337.6970780055036
Waltz/Albums-Ballroom_Magic-03,Albums-Ballroom_Magic-03.wav,Waltz,Waltz,30.047528344671203,-303.7434082132273,104.67962706144452,83.23124819573962,32.59868517237877,6.2356351602392435,21.27400431404328,4.628971632026814,26.908483562474647,-7.691474030376578,17.5041132297747,-3.2892929038295184,15.536142500332996,-5.781998319090144,12.035876685014038,4.47785121091745,16.911909561595355,4.06131257326269,15.645071370555222,-2.4121056081892105,14.676123974513619,-0.3268425171744413,13.270757060903,-0.5615691982555567,12.597113479883511,-2.0945634895105556,11.673052606972583,0.08463907278756777,0.056930775002923026,2024.4175469027452,731.317261725054
Waltz/Albums-Ballroom_Magic-04,Albums-Ballroom_Magic-04.wav,Waltz,Waltz,30.047528344671203,-203.17164868257098,56.1760898379562,109.96919715045887,19.988684874861192,4.897009296077505,10.9930219050436,28.505328674974482,8.276490432388014,11.35421652226556,8.195445476705395,-5.065888134738263,6.923524757386279,-2.513347338127754,6.670006756642808,-8.909494785424984,5.555686907749234,-6.003531982863025,7.320349633372921,-8.756981573873608,6.566456088371073,-16.17456625880557,7.091143012814214,-8.682741688410832,7.326757636509549,-8.113224261972043,8.716966348653576,0.05931993125484121,0.0195663575783206,1614.46052953803,263.03399605367406
Waltz/Albums-Ballroom_Magic-05,Albums-Ballroom_Magic-05.wav,Waltz,Waltz,29.951519274376416,-219.74582784920318,79.29476866977325,121.0443807900499,26.514558664608753,16.71987254006842,17.494623855462752,33.58350354070391,13.303168352045752,21.738100207354236,10.254392304763822,15.40906984377087,14.115562511614145,14.410455942964651,9.70919644252649,11.659982620621731,8.087755305072603,7.504761730817491,10.212919283631068,2.0034596494024526,10.787234559038875,-13.145431466585,10.24997702625474,-4.844093537324484,8.262735576086893,-7.346571420365025,9.523528610128677,0.03319173430209953,0.01888151630968842,1331.4765803236724,396.94390669613466
Waltz/Albums-Ballroom_Magic-18,Albums-Ballroom_Magic-18.wav,Waltz,Waltz,30.047528344671203,-178.23895188596092,121.79840667807412,103.01738737104876,32.64028646034207,-2.554040117852888,15.309502722552704,10.3120386807671,22.038136418236437,-0.9372425592740617,13.900266686483832,2.0871207602325055,11.75754167757204,-0.7403593342951202,9.888414444252502,3.1727579290235957,14.563312666606114,2.422392903715039,13.557114149725054,-6.987903071480505,11.82085260967977,-5.410202675752023,11.16821968239192,-4.196303033067817,10.446800784143058,-3.370924412398459,8.772255269418135,0.07084843689484896,0.033442679614445275,1822.0324995391302,450.5400260931534
Waltz/Albums-Chrisanne1-01,Albums-Chrisanne1-01.wav,Waltz,Waltz,30.143537414965987,-222.08381619836692,79.64054912807951,100.02991557644697,26.31260309385258,-10.825461665193794,18.466178343020424,28.827440785304024,16.76165062914485,17.33460435001392,16.403551494132348,2.13364807569499,15.22320436674934,-2.979882655152932,10.384565321943798,0.5670112663638395,10.684826776882023,-2.6720690084665275,10.430449272315679,-9.111720600573678,12.7168972219336,-4.107482958933538,10.482578389610598,-7.519519110735199,10.30877326028601,-3.0686339781853857,8.071729979300706,0.06663889056467182,0.04294853665676693,1852.480676163821,532.184337766361
Waltz/Albums-Chrisanne1-02,Albums-Chrisanne1-02.wav,Waltz,Waltz,30.143537414965987,-211.62504647800367,101.28122278337115,119.34417001052277,28.68470691102219,11.966128998231042,20.730487120614395,5.263710038815171,16.525261894118415,-8.383065523390606,17.63261609883591,-7.171872950268796,10.494733752085383,-10.71383960311705,9.980904017572557,-12.524840936784344,11.642964160093975,-5.7947551521003575,11.138972818526721,-6.345908296278734,9.504345568082524,-7.437442100852831,11.477869131160244,-2.902020413275518,7.4629906623454785,-11.93211912574288,10.163682469566588,0.07157599843146718,0.03455825062299655,1615.627139235751,469.3154979609036
Waltz/Albums-Chrisanne1-03,Albums-Chrisanne1-03.wav,Waltz,Waltz,30.143537414965987,-240.8987302548389,86.37857020198568,140.99836388422153,25.991600850043923,7.449361993418293,12.940990566544444,5.643563776082113,9.9635102066724,0.23920081005117877,8.032718827928022,-7.274964975633522,7.2381373622667295,-7.877767237608781,6.82652191984685,-9.397973608490851,7.611616017225359,-6.408613394421053,6.088064331784763,-4.239124295080652,8.077140505977667,-12.797176043547793,8.535342366932094,-1.3971839660311913,8.9921651223,-5.5678828829151055,11.34009974548185,0.05038006756756757,0.012019085806982143,1332.5923983359346,231.0628790035664
Waltz/Albums-Chrisanne2-01,Albums-Chrisanne2-01.wav,Waltz,Waltz,30.143537414965987,-278.65408064126115,61.120482742413834,146.55528287880605,19.49564145149953,7.879199402193456,15.850985651334318,13.561112725614585,20.663361902451246,9.179014490680169,12.038939985201651,0.3139335905594319,8.930846700189862,2.3598767314614455,11.807866088200313,-1.1783559602443747,9.516525726131803,-4.165074484607703,7.330960688200016,-2.16662952813691,9.283638718288401,-6.645398409629264,7.699565304582025,-3.367773672503845,7.74978807250999,-6.485482444016095,7.447948928595282,0.04803103885135135,0.019294082548260386,1293.0281860324146,256.9877477858341
Waltz/Albums-Chrisanne2-02,Albums-Chrisanne2-02.wav,Waltz,Waltz,30.143537414965987,-276.81861066878884,48.98822914059971,144.92201946624905,11.666873783669512,-5.948205313307399,11.689300002258882,12.395961186268153,6.348630974183676,5.755123771832765,5.345819243919838,-7.775155472917851,6.127069549877662,-1.7489846444403865,4.95479715069359,-9.86129601236048,4.871235634362719,-13.667252099023344,4.917524510378838,-10.742860350413055,4.274796977654338,-18.68256790649103,6.821214754092576,-7.131277838556435,5.695799504618543,-13.291824924887,5.196149316454171,0.04119057673745174,0.010398223667359976,1297.0136561884576,165.98705385046804
Waltz/Albums-Chrisanne2-03,Albums-Chrisanne2-03.wav,Waltz,Waltz,30.143537414965987,-204.1974331238086,78.4214234303561,108.62020771263451,28.05721799223934,-13.052723165089219,19.834813955223588,4.781114803982907,12.180794978652349,-7.937098400199974,8.462858308920753,-18.384510351010356,8.598922174038632,-13.480708664098122,8.791356778117924,-17.020950664217516,7.794097713224844,-15.55221468635416,7.943787937209725,-7.017451102750264,7.692975724748572,-13.012829121583016,8.433492097497822,-5.006437291180484,9.35916714134492,-5.670785419728903,10.180891009647933,0.07250090492277993,0.026887506952417085,1771.8650687236102,409.55172085149053
Waltz/Albums-Chrisanne3-01,Albums-Chrisanne3-01.wav,Waltz,Waltz,30.143537414965987,-222.0797843961563,95.92868121746437,98.52687105272253,22.19660313419349,16.656524204809866,19.138444217987722,38.61891925886004,15.178348309538217,12.362748790674269,11.413486678661615,4.552197552595592,9.777275951147548,3.8700088424970462,8.442306283400764,-0.8048694088661655,7.023009721171242,-1.7841560944545374,7.805330050855677,0.6146869212225353,7.820764244455753,-7.292879019109327,7.640400236241658,-8.055523266730019,7.922940967738288,-10.49496663605528,7.853713899544637,0.07317394124034748,0.05122489535962427,1877.4617809048077,628.7875464037853
Waltz/Albums-Chrisanne3-02,Albums-Chrisanne3-02.wav,Waltz,Waltz,30.047528344671203,-249.38793141857457,65.45239461917811,151.91318336531367,16.318962692153836,27.80531364042742,14.294958553025822,6.54508702190648,9.216418619727122,3.3897873918770416,7.990796838730685,-0.345844037806573,9.628539311118018,-6.069753383644384,9.65109450504024,-14.968480377119228,12.516477688378279,-13.597867906613443,10.843999714024246,-5.857705436093583,8.223802496770466,-9.505965997763989,9.59626811680636,4.467525083087105,8.07921549941157,-6.488348609292692,6.932440227905383,0.04154853613962045,0.011328364437759504,1147.8210766242078,232.94904854110703
Waltz/Albums-Chrisanne3-03,Albums-Chrisanne3-03.wav,Waltz,Waltz,30.143537414965987,-247.56669930277104,85.74376683621858,119.71757356612741,25.109570438906967,4.278791669681399,13.0597350319079,4.448809970492322,12.156235024778578,-9.958091782660505,10.952213370425323,-8.2335563375942,10.261791798910343,2.971271731858614,8.871467047256258,-4.458740394693384,10.76515866082522,-7.754500475969403,8.673025392195688,-3.5154637196864598,10.475182942426136,-20.543983134884435,9.162564980143344,-15.685656726677497,9.331596799878469,-13.85213733987044,8.354260100611974,0.06151702763030888,0.026476782089507583,1528.4327494373936,425.0125923253019
Waltz/Albums-Commitments-11,Albums-Commitments-11.wav,Waltz,Waltz,30.71950113378685,-276.48010730439285,105.10620717283096,100.78468820517703,34.76400202136464,7.750618297721315,17.207005619024187,41.74860759593173,17.827769029652433,23.52802547702178,15.70635079826502,19.272817979547927,15.925768398086307,17.811964172468386,9.623070099818126,7.250946641073657,7.4947598282217465,9.709808719086912,8.236664708962723,11.382411371679915,10.04408235652111,3.376962356300335,8.91009313106474,3.048931648725764,9.398733510237317,0.5261013489635662,7.649005156925235,0.037585810154473084,0.03998544654830725,1627.2214484049048,734.3469897462871
Waltz/Albums-Fire-13,Albums-Fire-13.wav,Waltz,Waltz,30.71950113378685,-196.23184381476995,77.45746535222172,139.46273695559907,28.41805828859539,20.513571477719008,20.898816202403044,16.03584410506594,20.073954558583516,2.770961629291525,12.050653402006365,4.39105236527977,11.074502687409275,1.6030855211310104,11.574569263701589,0.4596929049443698,11.297197364191264,-1.385144169021563,8.877084314742929,3.429493679680775,9.335166626931622,-3.462756985003938,9.620609498361631,-2.0378519876689762,9.547134054376318,-1.6512479004863596,8.795347863878161,0.04369173201762699,0.023835117755998794,1296.5993405710433,422.350687256416
Waltz/Albums-Secret_Garden-01,Albums-Secret_Garden-01.wav,Waltz,Waltz,30.71950113378685,-232.35463363173213,88.26920451548666,146.46993521828153,35.85086887558075,21.633788770455123,27.5809685217738,11.14832397647496,14.326059088380422,-2.6877639819056593,14.394640569694861,0.5645324714996911,9.693518923882092,4.073684549116046,12.327985319472022,-14.610420581349985,8.766826681414818,-14.704622760912706,8.656891999288845,-4.8334137905320835,7.592496328013058,-18.200733323210045,11.998744857863922,1.8397765415329022,7.952460986167495,-6.064546243501006,9.730713114126567,0.047180036959818046,0.027996185265864632,1246.5402391574062,439.5959300949251
Waltz/Albums-Secret_Garden-02,Albums-Secret_Garden-02.wav,Waltz,Waltz,30.71950113378685,-195.27769161938016,76.25562575877424,146.23421533995062,28.948394542306403,9.114123917429712,18.54758346718266,22.104377210440102,10.284856862522169,11.056497203706206,9.54523851819478,-6.020149852512195,12.394570728777326,-0.3320642223621145,8.355338290851112,-6.135275405392065,8.219374466077058,-8.709889551055364,7.626826852895776,-3.7667948431479625,8.055524012316637,-15.987676019369955,9.36675228656109,-2.41204929648472,7.810361160872195,-10.611069932718076,8.421137377308037,0.04401416793025019,0.017922220847681893,1235.8415026526534,340.52638741362364
Waltz/Albums-Secret_Garden-05,Albums-Secret_Garden-05.wav,Waltz,Waltz,30.71950113378685,-314.44992880890453,72.60963193631311,162.12916325333165,34.451566778657586,40.29501350935967,18.928609583415504,-0.6567328773182537,14.584614653867911,-6.046357255941048,12.601559765531295,2.295753188387167,10.737469999557126,3.2697174810542315,8.849656567370495,-6.812470611529196,9.084677250806006,-5.052490621214646,7.447837377101958,3.441746110357655,7.902766082826343,-9.94123134084854,8.437588174675474,0.7924837591101151,8.680927656400364,-10.584947723891139,7.392846949511751,0.04025229221948446,0.03822528819668093,1062.5327583575174,336.4063668061962
Waltz/Albums-Secret_Garden-06,Albums-Secret_Garden-06.wav,Waltz,Waltz,30.71950113378685,-219.28289299933166,81.30044295806903,153.93484834670696,31.029688865219875,-0.3194109996912996,12.146762872991113,7.944877163844742,7.303786068092199,7.193630763589307,8.57532106192998,-3.32403975634146,10.371725176575696,1.2509031225206422,7.512794539637793,-1.3514216873913294,6.19245427624903,-0.9581110031413798,7.222619320380735,-0.7276074241298203,5.445433292790332,-11.838478986558806,7.112972742978602,-2.5293810409931194,6.874915919659472,-6.969650960474738,7.079044542260582,0.0480795998388931,0.03729221347263974,1233.9391072186354,340.87583549446515
Waltz/Albums-Step_By_Step-01,Albums-Step_By_Step-01.wav,Waltz,Waltz,31.787936507936507,-293.5932444279422,105.51068026591977,169.18030943271722,50.162783255984486,-13.236924027819734,32.30351868368636,19.293545473291783,16.908576309392497,15.16550632487544,12.321833986211814,-1.9653639518128516,9.714313137187846,-0.9832624699412331,10.093217861119111,-5.840538326482253,10.034062607863973,-6.071034123379151,9.855269811124064,-5.579855911959148,9.747652000457443,-3.4694719705871364,9.288041977254265,-3.8365044987060406,11.373054395201164,-3.3792310389795537,10.100407853001865,0.05206544757326007,0.022569382897489606,1093.400674483206,421.83531105568636
Waltz/Albums-Step_By_Step-02,Albums-Step_By_Step-02.wav,Waltz,Waltz,31.787936507936507,-254.6538030303412,90.92361436076305,96.24287336272292,42.21157857986476,-30.42982116023724,22.83745885209756,16.055586721346547,20.98543708135603,-17.2759945641787,16.09719319191589,-2.2314516073855826,11.65773843431554,0.8981569129968566,11.110013272811333,-4.050547301372443,13.753226296690608,-11.587590377830567,15.550144352527257,-7.604300716469014,15.393501620005132,-9.56300877586107,16.240759260079834,7.533105527122203,17.009885358821876,14.945098163503365,17.74950019627583,0.11615513392857142,0.061396491056809756,1829.0247747137043,650.4855220697219
Waltz/Albums-Step_By_Step-03,Albums-Step_By_Step-03.wav,Waltz,Waltz,31.787936507936507,-244.68250839466108,86.50618050482136,160.36957267312837,43.063203991306615,1.7295231628222572,15.990334826589867,30.096876300302462,13.526504412251196,4.374010967990025,11.22023006699824,2.1733365522102304,10.816023252138917,-10.418710401215474,9.19964720981917,-1.802226463597217,10.182869298520243,-2.7999441859815954,10.437808719531725,0.07678272122188684,12.870763309433762,-9.85934076364286,11.794178753090614,-10.197297413048961,13.349289883116384,-0.6673987046846107,13.808366650586475,0.04977571256868132,0.01606254235230286,1085.9814470841677,348.26469340455606
Waltz/Albums-Step_By_Step-04,Albums-Step_By_Step-04.wav,Waltz,Waltz,31.787936507936507,-254.14720644398707,89.48648276206991,97.29504782290381,39.84783132347792,19.59803267722433,37.87852663423263,31.42148807338707,19.194013152366516,20.33015186723298,20.95381591718191,-0.4819788141571085,15.895521536170865,-0.8172536683900171,11.382023081048708,0.9394747577020182,13.484927399566534,-17.2021147344427,11.794171656970665,6.845568096750798,12.016506061935198,-17.590616085767937,16.11740720600905,-5.8061822062812745,11.113733633979566,-2.346480802062632,13.233863546418304,0.06495893429487179,0.06698681065922026,1761.5995026110722,931.5576846827566
Waltz/Media-100601,Media-100601.wav,Waltz,Waltz,30.09233560090703,-221.97684065128058,49.505795959663466,163.68571208139005,14.950358365980636,9.32339603234211,7.602789377903299,-35.218610528062854,8.521124628133387,29.156710759507945,10.284881821066913,-47.95983601107124,10.79817259897031,11.347786459875968,7.441485094730577,-19.36702147289806,5.898072716536335,-14.903046063866077,6.086243095774745,-10.906629363490506,7.279614906212616,-18.57031533824623,7.8526916686875605,-6.418290101290147,7.006219026645046,-14.748357093235144,6.868561471164564,0.05136854803599071,0.012309239699201396,1483.4868019225114,176.11132507714328
Waltz/Media-100602,Media-100602.wav,Waltz,Waltz,30.09233560090703,-233.42236284615674,48.96652416779195,137.15463555725572,17.66942810656436,32.31680314645888,8.696679519811704,-0.6623010852769924,11.47722686816927,51.44150393891262,11.821108892108434,-33.533177909625046,13.308265643784994,15.55346324461695,7.921912058672185,-8.779105531525802,8.498303111914886,-7.09977369015898,8.469986459322621,3.1145957687389005,11.77390836153094,-16.34657081985505,10.94991411023261,5.421947610041681,12.26146802792519,-3.9112359831460806,9.180289411855888,0.0701877842008514,0.03522892501027713,1681.1122742239995,385.6294697282846
Waltz/Media-100603,Media-100603.wav,Waltz,Waltz,29.95301587301587,-221.43772172773438,77.63452943746624,139.78633141552478,20.419482708386703,21.83343208039598,13.888978283822665,11.895973295381953,17.88578468527701,46.673822928841474,12.239477443802876,-29.22707390966786,15.50113622002574,34.7750740139573,11.0385112548904,1.004666294485611,11.581788010196542,-14.301397466043444,10.976484997749631,22.085524502639977,12.431699069479189,-20.61612058918157,14.046327484211714,21.560135673347297,9.847951857780123,-4.684576861245783,9.562724091160765,0.04035458483184293,0.02431704125531274,1526.0213621180403,429.85393324252334
Waltz/Media-100604,Media-100604.wav,Waltz,Waltz,30.09233560090703,-270.3244737199782,66.25267075009174,156.8000706936059,20.666236533717427,35.3643934517621,25.626408411263064,-24.28635928641552,23.166877647155957,17.511963307782356,21.85174704681147,-34.62521874930934,14.933573958909957,13.937652082483554,17.290498778415465,-15.299263322167096,13.599471151043675,-11.350315421621476,14.467587009658358,-16.14140332464361,16.495077908493336,-16.958227320401313,15.40239313029857,-10.73359618011753,19.354881976196992,-7.647257734598678,14.375726805922202,0.0690634523751935,0.030188359569479527,1529.614368714182,391.28737642328133
Waltz/Media-103301,Media-103301.wav,Waltz,Waltz,31.787936507936507,-216.9902680246619,87.24044338563192,118.84791368048906,35.354292345973775,15.578455876620003,23.55736366592381,12.44163406129745,11.186320852537449,5.494065997862383,10.463486410566263,9.994469211168285,13.321416532237862,21.708327753464363,15.975284249757662,16.192810867519572,16.76440836850284,2.391463098730588,16.29585906693683,-3.409080412432041,14.194037831052228,-13.536863223074041,13.155698110482117,-10.1944161745389,16.15774786414185,-10.297598848022663,16.78856494545562,0.08296095180860806,0.030914942970385235,1460.6928161742285,491.89215101508154
Waltz/Media-103302,Media-103302.wav,Waltz,Waltz,31.787936507936507,-255.95520317833999,105.37964492375151,152.15022552710425,45.26748022251413,-33.42418455393067,22.584503235900915,18.459555690082567,20.264409482206577,10.67439564736375,15.216563708725683,3.0229213565824606,11.407310779796163,-6.259927674582589,9.487979040996757,-9.667098350414223,8.805848947368228,-7.415009020990799,9.662108442598106,-7.795876669479124,10.065348945027353,-2.790082276008511,10.916367446054066,-3.8859539107477485,10.492154303230643,-2.88114220517029,10.921262223264877,0.065738038003663,0.027646981391927415,1267.5781614621187,415.6857388310904
Waltz/Media-103303,Media-103303.wav,Waltz,Waltz,31.787936507936507,-181.64028745105392,124.21351228001605,136.14292378072963,40.622670656121606,-11.318707763844102,16.571784356792076,31.21605469478544,13.175268047448238,2.5803332619975885,11.523407939374659,0.12358103486966061,11.34794140356409,-7.80946509321862,8.851294112071137,-1.2796394802221487,9.181122175136263,-9.542834958528655,8.139572105664806,-4.176216076208162,7.892162247832319,-8.28579451767691,10.041139319527735,-0.9103773809318898,8.724332477622225,1.0552355743622575,7.0720270352476575,0.062404132326007326,0.023243145577152624,1377.1594458243349,382.073190089742
Waltz/Media-104201,Media-104201.wav,Waltz,Waltz,31.787936507936507,-245.1888088689948,99.62226508410636,137.71528686274323,39.46205989739416,-20.547821343613222,14.035503525792127,36.971016322571515,17.870293655958502,5.559486663795763,8.106130780287241,0.08704548522512699,10.870408341899063,-0.27181120444451146,7.799923057714222,-0.5661456167778255,8.249268091237598,-3.450340334416884,8.603463785017126,-0.005294676073846705,9.76440118935733,-1.092949150342033,9.478111682765558,2.0676081334691,7.022659249340768,-1.2359991160234327,7.240898650866567,0.05304522951007326,0.023099699352349755,1294.9231983669958,371.25388171460935
Waltz/Media-104202,Media-104202.wav,Waltz,Waltz,31.787936507936507,-169.8979870346531,93.96817652766114,99.22534645175354,39.358918237040584,-19.95929515195358,25.024833630914827,18.23099279852669,25.08692565940465,-6.822974938349673,19.176641567166815,-24.87021399258745,16.885861616390663,-0.8681099293715726,17.122313930000225,-23.424837870078353,17.62158168721471,-5.291792344679829,12.64007680993627,-0.42873459536177894,11.496942208112744,-18.638346919893756,11.361021185811232,-7.291173241124224,14.00483943396075,-9.935575119348503,11.695168250873051,0.09151499542124542,0.051069717523132045,1946.8826952747243,745.8456611624166
Waltz/Media-104203,Media-104203.wav,Waltz,Waltz,31.787936507936507,-188.62889625662322,93.03436114877984,164.17890596632057,40.967744199281164,-34.04501538948651,13.43681836622136,27.97324603142298,11.680253610421085,-3.5337009126463528,8.075830169045185,-6.745802818130617,9.324863144569965,-11.12941055702533,8.189577660699332,-15.591796410310153,9.0855799838066,-10.730535787061774,9.370044072309016,-5.649186819603191,10.253222751495931,-14.176554245801405,8.452010428775532,-8.848042009667514,10.318137647848749,-7.393416825381281,9.122235816777142,0.05067214686355311,0.018187314730359717,1184.3071792038284,392.40162433981595
Waltz/Media-104204,Media-104204.wav,Waltz,Waltz,31.787936507936507,-270.08644059269403,100.98536518288961,124.71630442770724,38.2472786709917,4.616321183143809,18.2360756965362,17.68936486085199,16.33842661819896,11.847295944355714,12.589820227105827,0.3363859622281793,12.515979549301582,2.4960744125269883,10.997587855657615,-9.042360587548444,11.542947101203735,-5.7640525429037135,12.166028033154047,0.3637897728413598,11.560504104883806,-4.323262595681108,15.54939916969042,-2.024138407202441,11.398832573058861,-6.9709897834331525,12.90883504559178,0.062212754693223446,0.04639369858979586,1444.5583570012518,732.3864275827715
Waltz/Media-104205,Media-104205.wav,Waltz,Waltz,31.787936507936507,-261.7496017201474,93.04586850094458,177.1954848560246,48.443379054275134,-15.609294238437247,17.213119761570645,29.43383747416078,11.567038515452857,10.813790371148382,9.174424639385537,-1.05321291325771,9.406789075453396,1.2898109339895347,10.42148466203772,-2.368358371253562,8.774003741030565,1.8445191939860945,11.98365937531566,-2.3885329626417127,10.7632495746371,-1.8412697831172522,8.432542875000902,0.19064191284102944,10.374330361083198,-3.0541405894695686,10.297504539180673,0.04871472928113553,0.016387219275484616,1060.1443097493336,337.95890079248665
Waltz/Media-104301,Media-104301.wav,Waltz,Waltz,31.787936507936507,-172.3984286646052,91.39751618876845,114.2402986819023,44.1354680528976,-10.890961247404952,28.15909821420706,27.405932004502638,17.308282293586252,-10.394416845032024,16.51730390558121,3.0324612836207616,12.607932737296396,-10.707819972894145,13.237399435124182,2.101505045456216,11.853313287480228,-6.088530083608885,13.516396059132534,-7.923453305105388,13.684937496011507,-13.29104839285433,12.06440653832202,-4.528966116718176,11.818201392902424,-8.023411312564852,9.95839211603697,0.08916874141483516,0.0794630428461708,1781.6916856144428,878.6963101279456
Waltz/Media-104302,Media-104302.wav,Waltz,Waltz,31.787936507936507,-227.6340382682193,93.5959825406635,128.84993464579958,40.26971496856745,2.8907046628122552,20.232283133246042,25.324655771234557,18.673140967383283,2.927119243007311,18.573722965476264,-2.548544979978739,13.23353815509977,-12.869771829222449,13.48862870655173,-4.777873569750911,12.459530669783938,-9.018480721717923,12.217015135913934,-8.639830494297538,12.310687222477185,-17.581578347305516,10.591069505759611,-5.481030998744894,9.56581358932563,-10.88464675166142,9.923935105437577,0.05767978766025641,0.03979370455835951,1441.0207122299787,604.6425451514841
Waltz/Media-104303,Media-104303.wav,Waltz,Waltz,31.787936507936507,-244.9616329673549,96.75095045090661,151.119252676651,42.60163714838094,2.0443510554681437,18.303340921395602,22.78030402655397,16.31332168118973,10.686108834593842,16.191084549221163,0.6950332126363978,9.626932112571504,-9.861740558207266,11.003894877280464,-1.2643626651497062,10.294693448116027,-11.313933044306943,12.410941133756896,-5.100873571981027,10.650601223799804,-5.309862882774415,10.553644887005722,-8.672817098751157,10.221588195476633,-6.271097842568003,11.665134075430988,0.043125071543040294,0.025395883886864926,1164.1433084713422,485.72486690929037
Waltz/Media-104401,Media-104401.wav,Waltz,Waltz,31.787936507936507,-268.03469645641184,104.96236751875661,133.9395982234348,46.28999916193686,4.135418311631218,23.671926295676798,27.275561497894923,17.84410397313717,4.930942266066593,18.679361173366008,14.85534718683323,14.172984246223004,-1.770674586132715,15.60423039503544,-0.5748671259933993,10.253109021255911,-12.873658463584615,13.11166869802808,-7.824082332608158,10.475185128003393,-7.835126698537748,12.492695169932801,-4.031458503726355,12.71659148151863,-9.354109524082142,10.876500385555572,0.05509243360805861,0.0333633452659209,1356.1199435492927,564.5612729430927
Waltz/Media-104402,Media-104402.wav,Waltz,Waltz,31.787936507936507,-187.90017108175888,98.38420940885575,114.63449442796673,37.99892776708717,-19.85246641468467,31.63833888041611,44.924907529789856,23.80237222938505,-1.6738188542619732,18.103312448213142,-6.23884439639949,13.441621968252647,-7.182192518542735,14.929376673030333,8.382003442236075,12.649484351750951,-9.163367510081645,14.437443279375834,4.225509694409688,11.738717694515415,-11.523459713948165,12.338180569012932,-10.689726410989595,11.133634493973215,-7.021976448028044,13.606924069694497,0.09029482886904762,0.049219549309884786,1731.8105363267139,646.2590539712701
Waltz/Media-104403,Media-104403.wav,Waltz,Waltz,31.787936507936507,-210.29754787554236,100.998805067471,97.46297048783333,37.91819852578779,19.659228968668444,20.768295525113803,36.84667457784764,22.647151036485255,-0.22536614962874,17.83661446144481,5.5135817826911895,15.568348761475493,-11.184518584160417,13.113276344729131,-1.4579072047435113,13.343206962917922,-5.33629308431813,17.525342362961947,-11.16909246118421,14.724498309161364,-7.603865532616327,13.367459101834976,-6.134837995892321,11.592851665886966,-8.986825247535304,14.306281382185814,0.0626048105540293,0.050586006051030245,1769.0400376007321,755.6597322848214
Waltz/Media-104501,Media-104501.wav,Waltz,Waltz,31.787936507936507,-248.51167370975904,99.37818702743085,111.07009726212323,32.049412229369615,-18.17406555132348,24.190930856889537,32.82496999056524,16.35212144277054,-0.5797451612746122,12.690724505657686,-7.952347744805865,14.276868672535368,-5.151694362412153,11.849777006639766,-2.116508559818777,10.326460021414363,-11.700066157664137,11.724699721538324,-4.071379587773665,11.83004134212679,-11.101877884375181,12.275731155729483,-0.5723565604138342,9.130504290514066,-5.525345733943689,9.201877245175682,0.07170937786172162,0.04571475528943614,1624.2361871346675,524.5714540976793
Waltz/Media-104502,Media-104502.wav,Waltz,Waltz,31.787936507936507,-155.2942334639745,108.40326014793287,105.85596195350797,42.45169838048205,-5.790085162880994,22.730029213311262,20.295513574603596,21.23300086557795,4.24391590488664,19.264597267592855,-5.344198850107276,16.66230515200384,-11.762800046699171,14.82996591652599,6.724415109813731,12.026337429544904,-13.49872434479802,17.045014602044848,1.5425906078593221,10.717550955778671,-3.5881424135823408,12.638515086337268,-0.4169232258390766,11.351796732020512,-3.1791919419791776,11.5596888950088,0.08923348786630036,0.07889287374039117,1860.7698307441922,885.0156850397822
Waltz/Media-104503,Media-104503.wav,Waltz,Waltz,31.787936507936507,-176.75746060382437,107.29042204749713,131.97710518753402,30.48296982371568,-20.374131906555075,12.979868916169814,41.61503035710033,16.191027630447092,-9.451447849252204,12.96992572081882,-5.0842725894294025,8.445814775445069,0.5938981186817616,8.239301713746885,-2.2495774911178166,8.20536031247506,-9.956628805053668,10.453381637154413,-7.3492897107285335,8.782831976258022,-13.253510581811042,9.569214940355616,0.0033898268267298108,9.263714847466161,-5.067668986838029,10.008817764982208,0.07595331101190476,0.023903104883083972,1506.0923596850412,332.8423425136979
Waltz/Media-104504,Media-104504.wav,Waltz,Waltz,31.787936507936507,-210.14332555183023,86.4275673953985,132.66418861505122,39.72776229894072,-2.179650520319997,22.0170643690512,26.401343333626084,16.202900406138895,-12.886659295052224,17.64466838473238,1.4801715776222093,14.624257890423554,-9.31336403690692,12.79370274629149,-0.5382937019063057,13.605378586632014,-8.439838442663781,9.653211889165416,-4.581982534937568,11.49547709393069,-3.6688758616175594,10.934880149761593,-0.7456135344463058,10.894991526919247,-5.174374288625451,8.213773013494857,0.056775125915750915,0.04410277173633115,1427.2336268129764,639.9512448571998
Waltz/Media-104601,Media-104601.wav,Waltz,Waltz,31.787936507936507,-203.86597114835257,124.03029973395842,81.64450711891202,36.377481835320054,-12.015938635489556,20.36510484220541,41.270781627289395,20.10544677675348,-14.141006157823007,16.855573086558262,12.719719381232412,13.241017249894496,-12.29055648487629,13.225697089026477,0.3752362472150403,10.631536707597386,-11.862232024014759,10.384897882578771,-15.686074133134749,17.37394969227811,-13.54878121827827,15.03893926142044,-0.1946837614309419,16.502868200102302,-4.1375209274090405,15.414630807455683,0.0834610376602564,0.04860686864931385,1947.8266003590425,642.055732185527
Waltz/Media-104602,Media-104602.wav,Waltz,Waltz,31.787936507936507,-217.59297829084946,98.55706307926596,110.80863173913573,35.90460320197386,-8.249093268486366,16.32174586222788,35.34838603868538,14.593325854272656,-3.891090292744702,13.596300580062548,8.612124279100787,14.908033438805223,-12.002622845962586,12.457650395208322,4.9343600699546,12.02791074758233,-9.565242682668037,13.126351277089933,-7.323189108861926,10.952679794611925,-13.627573888893808,10.821526293633424,-9.020583749490736,10.939296180506505,-7.302387434494693,11.545786581621636,0.08349287431318682,0.058135629150563195,1774.2991283433369,636.8780315955921
Waltz/Media-104603,Media-104603.wav,Waltz,Waltz,31.787936507936507,-153.96070508303796,101.08540622980485,121.53856725997719,29.07098045648466,-17.593249182799696,12.348128891108649,25.84832063539135,10.85950997628745,3.439561429035379,8.486149761018407,3.9111011821499977,8.288626504470509,4.3945918965269595,8.15597679397751,3.610977870292689,8.008962706652527,-8.555878010546227,9.356373896231231,5.341410908914321,10.79474035348007,3.1299337628129393,11.561226422201182,5.899029253615887,13.01317246053329,-0.0779998124066662,14.915605261372978,0.08368568280677656,0.028065323115184563,1657.336047590348,370.66006577359775
Waltz/Media-104604,Media-104604.wav,Waltz,Waltz,31.787936507936507,-235.31323762468088,103.7919324303064,109.45440810624494,42.08004531369933,10.16238381120086,22.247053738142075,35.25837389974886,20.591579322308377,-4.629879007610119,23.98447330172,9.077731652836746,12.905898510957574,-14.59772140307704,15.043365058198026,-1.3145315184144,11.42092805542183,-11.574739700534458,15.365516935294254,-9.961622062773602,13.701240895047276,-10.673832606011791,10.827371965518932,-11.78989522491904,12.111599148964684,-7.391609128037501,9.441486344433287,0.05337504292582418,0.04611715593098155,1591.591623168487,648.7215910164934
Waltz/Media-104701,Media-104701.wav,Waltz,Waltz,31.787936507936507,-269.1729285924552,77.66504190815671,154.57141424896443,38.904824074779825,16.0523564686553,17.39304596961456,23.705920111665133,14.174949136456837,2.604894569614298,14.853278194617921,1.9614087102846167,11.028271544242427,0.7129336589778963,9.372226150136033,-1.79878262321089,9.877372345488551,-8.350415300763956,11.943274606799955,-7.915624249757565,9.240477411722313,-4.869786366927619,11.074425026930204,1.6926920211018335,9.447135573563667,-4.09942703771748,9.428040878947288,0.03958476419413919,0.017043233203640082,1098.7137139322722,366.0457696527674
Waltz/Media-104702,Media-104702.wav,Waltz,Waltz,31.787936507936507,-224.37200746667054,85.18228622291704,134.29667214164695,41.71942765010912,20.216186196018757,21.133520991135278,30.24432447414192,19.499266803497903,13.37087017791844,17.43469169600562,20.340406090664185,12.574466582926183,-1.25819392406922,10.179644173843375,-8.065041243273408,11.11345272134796,-13.368413906985271,11.561431275363804,-5.612588630015374,11.80830717718474,-6.6447518845730835,10.687541869337618,-3.54386467627806,8.746805683696808,-10.985821786886303,10.32496238869527,0.03788669013278388,0.03431098180256118,1219.5582488447762,629.5520048053666
Waltz/Media-104703,Media-104703.wav,Waltz,Waltz,31.787936507936507,-186.49134819085074,90.23598670240618,106.21449426136124,33.16542704510687,-27.058246576149298,26.167670797361605,34.20731698688515,16.49690963276511,1.382196215988195,17.81633483483998,-5.4720192517967865,15.336067577276442,-16.393733145662114,16.61303712746762,-0.9812519712339727,11.81303780978582,-7.207123057044689,10.949283312309388,-5.814694242265926,14.68624443929087,-13.409374529081328,14.602073231483159,-7.8473111180433825,12.457043078852708,-5.83715189078805,10.774210691274826,0.07918812957875458,0.04683556225549416,1724.589428405253,606.3705667406471
Waltz/Media-104704,Media-104704.wav,Waltz,Waltz,31.787936507936507,-288.1330181024554,90.0547899805462,156.18280520346258,43.11918887533977,-39.017477068080204,20.209167779620593,20.11467881886296,12.16936379916302,23.502959174926406,12.687093432618568,3.120365038453867,16.656865442682005,-5.582470783781016,14.229329410396204,-6.11122700529732,14.908883421101837,-4.2791272155525695,10.897442792188908,-3.7436209715001914,14.806086602393783,-9.12138897108574,13.308067380078374,-11.768792757970889,12.832176361271605,-14.480624430151519,9.453349322611786,0.06101834363553114,0.024287645538016014,1247.3241463809316,317.37690476926554
Waltz/Media-104705,Media-104705.wav,Waltz,Waltz,31.787936507936507,-287.0181918028021,83.00157970650169,138.61080264556034,45.686848070744865,31.77485710474586,23.305451330183406,10.435384148242209,19.241860194992604,3.59125585338303,14.527892254195253,-8.103249886117828,12.341703297251692,2.7731308060248017,14.324122129342777,-21.852727796292182,16.30127723612556,-25.837698707094432,15.608527933705048,-10.08205307168514,11.295676423770244,-25.67851397338074,12.798098380883388,1.6293052904382457,14.438642399798225,-6.778004794201934,12.267589640681152,0.05192880036630037,0.030999423671026653,1312.8628756162925,590.284372880658
Waltz/Media-104801,Media-104801.wav,Waltz,Waltz,31.787936507936507,-196.02382270361838,88.91887652286167,120.747853816298,31.326738199942206,1.688376996853413,18.596689526135638,22.61263720601942,13.29640944064463,-2.8177128882997247,13.264694803546018,0.8755721017628662,12.259394155547273,-4.22985048490191,10.145160647198935,-1.5394276154257924,8.839747144892906,-10.492599927087001,8.589572595628736,-5.18827986232211,8.496200747525311,-7.445929635615895,8.842571999115941,2.7633422906320866,11.88077027986648,-3.399998123179814,10.288573091994563,0.06065097012362637,0.031755842856594135,1503.4729746942546,481.2434014197616
Waltz/Media-104802,Media-104802.wav,Waltz,Waltz,31.787936507936507,-176.76526660161014,98.29150297796488,115.9400461446818,34.44195498456313,-22.2859730256031,23.9496019471125,38.06023463146187,15.444495367777943,3.3540861055249085,12.97564547594148,-0.3043797565995922,10.403348952431534,-5.883052890626111,11.153586220678207,2.0652641063633537,9.677116034097581,-9.075681234863149,10.986429071577046,-0.3859242787258082,9.098699555901955,-11.303499605844031,10.781887729392942,-3.0290237877404333,9.996296803176493,-3.24239696209531,9.222148137246963,0.07915843921703297,0.042883420276077465,1675.0567534148993,615.954863540066
Waltz/Media-104803,Media-104803.wav,Waltz,Waltz,31.787936507936507,-141.4630785355449,99.4100447535035,113.83250258215243,33.533810068197035,-30.039071960179356,20.513544592247737,28.894176913688465,15.020739798316043,-2.135697978500738,11.766257136193094,-9.074887052424646,8.657594551029709,-6.644141005897862,8.454760051653057,2.194733123974269,9.496297635452747,-4.399770427465355,8.488402393406353,-4.466446450496834,8.321436821514517,-5.492909139270068,10.86020445570563,-1.0657837351932398,10.655687968930199,-4.812316866161168,9.433969174593521,0.08885109031593406,0.03768808780588658,1802.4094841342378,552.6662391414169
Waltz/Media-104804,Media-104804.wav,Waltz,Waltz,31.787936507936507,-167.712108549801,101.84166318709396,120.68104840385678,30.255115886673682,-11.976806544183825,14.605485540593115,19.90261762820225,13.448766616059293,1.6725880220644957,8.775613827655402,2.0473029382625407,8.118207722480827,-11.811129248775313,9.186679504283,3.528501686759438,8.644896776020067,-4.354763088624343,9.952229242674088,1.0886774291529067,9.573244825042297,-12.865993559220902,13.293294069517774,-6.162343201681314,10.058971846406154,-3.867822531652388,11.453735743417239,0.10546731913919413,0.03721673661969434,1829.352463955562,451.074153511993
Waltz/Media-104805,Media-104805.wav,Waltz,Waltz,31.787936507936507,-123.63941024600966,113.17357492211137,106.34105714824717,38.701795826025666,-32.39633692515329,21.302440866749755,27.61676047582963,14.42806807244522,-3.444500642175562,13.126975548293633,-0.4199013354844179,9.768566193482084,-1.513499692615818,10.676033422889768,3.057237608189155,12.332234787848703,-9.122328261594065,13.192997688884029,-0.6335506264578233,8.11721768060126,-2.0975345045284306,13.554047775613686,-2.2178389483861114,11.072989842205672,-7.436413254642607,11.442171372987186,0.1090090573489011,0.04854185469243252,1886.3017718561482,532.124934762615
Waltz/Media-104901,Media-104901.wav,Waltz,Waltz,31.787936507936507,-224.0048267233231,87.07388925114975,135.80976516582805,44.08599429676609,4.2204990308237935,22.505596615340174,14.617868788843104,17.20658574945607,4.650639327225233,16.306640049035686,-5.374789297413202,15.890652261983009,1.2436373290977596,12.703917633041616,4.469864207718613,14.012006661654679,-18.33352367287698,19.938572573038403,0.48245668768802136,14.06313618091932,-7.038969775223357,10.899299140606301,-5.149353295225625,11.639393176393085,-1.8830194917889278,10.805673539851313,0.0545322516025641,0.025917797150782466,1340.0824807115114,511.5011780775721
Waltz/Media-104902,Media-104902.wav,Waltz,Waltz,31.787936507936507,-212.20524795702886,81.29984650415527,122.73173009103557,39.21170630192527,0.5475580394526373,26.98017819694263,46.06261893102574,19.5529600774164,7.806736956807841,16.500004993646986,-0.9859917936523108,12.015378444225856,-3.650165277449464,9.702315758223207,-0.5885626361460045,11.534647323830109,-7.4477039443606685,9.251675235320885,-5.681303423029621,8.93597197343766,-10.433346361935087,8.532225769935678,-9.435432958725627,7.651676453569085,-5.090943753576271,9.432619094577358,0.05233122996794872,0.039511433988231905,1415.058381743595,573.8044563855025
Waltz/Media-104903,Media-104903.wav,Waltz,Waltz,31.787936507936507,-199.5217573189069,97.35056312994841,120.3480743651588,33.76725824271081,10.3466055688081,20.778907208962018,36.99777884043917,17.803096062648695,6.652533395691806,12.193542673066522,3.404735102743571,10.258201708001241,-1.773247827142447,11.797756159044301,3.446949992460534,12.666442238800633,-5.977320687278372,10.232484146344916,2.591145032154071,13.532668144211993,-6.056102601891644,12.092318626696033,-1.8447386013587987,11.41785527909649,-9.780383788345187,11.535369669446416,0.048785199175824176,0.0324838208248848,1474.1052726096705,561.413755223745
Waltz/Media-104904,Media-104904.wav,Waltz,Waltz,31.787936507936507,-179.7550011488524,116.73685267996004,119.77071771678509,37.94663208504172,-0.8072820911621676,17.750395690702618,23.48737827474319,11.703705083802866,-3.053700745719743,10.64555083035247,0.22694606921227656,11.40245425517646,-4.687876781131825,10.874134050388454,1.3715746424853532,10.806010788472816,-5.344485357901026,11.79970954098401,-6.002667254234341,10.648186507556366,-15.623915871486513,12.185559618526566,-9.56030798372032,12.301668293220965,-6.733310722033721,11.372452982454508,0.08151757097069597,0.04320199218859309,1660.4943642622611,602.2084905445022
Waltz/Media-104905,Media-104905.wav,Waltz,Waltz,31.787936507936507,-182.41935926806417,96.32333450822459,129.2326955444211,38.51850230148565,6.972208291349447,26.96772158544869,31.71968896844642,20.568743719698936,1.0124872283897348,20.974761989711777,2.8927491307727915,13.887390627020213,-6.499521791850532,13.693160463971084,3.9042850605508694,14.032944560394066,-15.980694732391566,16.37089482942613,0.6076559272499135,13.641061432522976,-8.99324112247992,13.711663998782294,-6.024170025351962,13.067700241669923,-2.688159323656312,10.818594321222154,0.05064782222985348,0.037514151007289234,1353.3799156387968,546.4778558943532
Waltz/Media-105001,Media-105001.wav,Waltz,Waltz,31.787936507936507,-190.77292414409052,107.15591868689597,135.51839696817018,34.36372676280223,-41.93371232483111,18.3736586528446,25.27201436396896,13.575750486812229,-19.66309160822295,12.043422443011165,-1.2562738776673648,10.610208717691199,-6.360242189157431,9.296317915722842,-3.287643432751781,10.969877372960344,-1.8378940367316674,9.313015033802591,-2.7729473653513286,10.053720353310329,-17.21205775974698,9.810302023500261,-13.050846884579585,9.536094818934002,-6.640675523601068,9.883988359813952,0.07442658253205128,0.024614907971566003,1473.0135951972798,372.0450334721381
Waltz/Media-105002,Media-105002.wav,Waltz,Waltz,31.787936507936507,-184.34728773126994,100.03722530326488,117.70538721097495,39.70659405777921,0.8424580087126708,23.838398891551957,34.23206864981862,18.954655884559127,9.971630246155069,16.33252745755846,2.855444888819537,13.852332053168878,-12.345658824340724,15.612182751178837,-0.49743256661997115,12.228868356219653,-10.102599213665036,11.192262020742877,-5.062421097196935,13.040440574905503,-10.345732381618257,13.380042933491424,-9.172681593559703,12.596926849184229,-11.943148369029537,11.031652006611358,0.05637520032051282,0.05753479142173326,1520.3845330907486,782.3801638728655
Waltz/Media-105003,Media-105003.wav,Waltz,Waltz,31.787936507936507,-167.23887547840437,98.10449627187141,107.6406336927031,30.673810594730554,2.40246553743204,13.997827616772813,20.544030092002608,15.25697976720044,-2.9564708316341024,16.629358219537856,2.612708568361513,11.351245918230584,-11.499851318527675,12.226028336222535,-1.7593145358455569,14.51952600240903,-9.014891890661142,14.771137177489123,-6.6026720664760505,13.598707688569174,-9.78540818268918,12.212684007334879,-7.892928982281959,10.26465570792292,-10.104205130237832,9.042633910516711,0.060730740613553116,0.03492393248656077,1639.8663970982038,572.5159275978738
Waltz/Media-105004,Media-105004.wav,Waltz,Waltz,31.787936507936507,-209.62226794385631,95.27117766608308,113.01436242759597,33.54328141968262,-25.54186554364287,32.59741305790022,22.92671998414079,16.130364083941767,-4.362935012697751,14.157864309260928,-13.883339850008715,13.842472767629433,-2.8860827640404243,19.282456148503243,-11.670468797219424,13.120892827120336,-12.348697800600913,11.068201884089078,-6.399120271741527,11.898737308811159,-15.383525228230697,12.959336793319885,-8.048549495339957,11.57248017677489,-13.329839919248544,11.345981704994161,0.08024589342948718,0.0430690327736925,1633.1583128828079,529.4843986008749
Waltz/Media-105005,Media-105005.wav,Waltz,Waltz,31.787936507936507,-147.304883216985,105.59585948312001,118.669613683161,42.872171574926384,-28.26916517160244,22.13160709375097,40.50722936997067,15.405739582190058,-1.0659712810335376,13.545877326258664,4.29614417112354,10.635246579817679,-2.1861330768678546,10.862446574681622,7.136213574839388,10.567528700400919,-5.659794924459594,11.997681992147934,-3.6149951838087273,9.317755596301197,-9.529659762389274,13.73090227048841,-3.2161151849934004,10.275056471017786,0.8781838662928095,8.033588671238284,0.08696915064102564,0.05556392926163986,1753.7923411448544,702.6432170295369
Waltz/Media-105006,Media-105006.wav,Waltz,Waltz,31.787936507936507,-213.7905238122577,103.61954079938603,113.83932373462491,52.67234057848545,-25.03831532406675,25.93746914426178,19.84937980580239,15.216434694334238,-17.101393088673994,19.72545339763392,-3.655910026094743,13.101992221136031,-7.501307769895302,12.35147676337184,-2.437936146273756,10.337217472582712,-3.9682839618145938,13.876894672473508,1.3727827658887077,17.5699220406251,-5.744325221280306,14.400074048615814,-6.888736516392739,14.479348602900078,-11.090954767742774,13.572398716842162,0.06753841861263736,0.03544179014267273,1534.2993911577116,520.5284385759556
Waltz/Media-105007,Media-105007.wav,Waltz,Waltz,31.787936507936507,-194.2410100318773,102.98177081850423,79.18315980628155,30.153658816090516,-40.64124799951241,25.729729307606128,37.5555927614195,20.841524981248295,-2.0748524379108404,22.971702382734744,-1.2018926120377635,19.46895341623062,-10.446446727161423,19.54189452141843,-3.7895566906635696,14.444256070899408,-12.325726194033429,14.056565292304327,0.30953796810220724,11.47583957603971,3.2354147078109934,10.605353649129547,7.641807798333155,12.067632108554635,-2.4539890738990513,10.696838211079186,0.1187335451007326,0.047414263721698865,2050.5595323148705,523.0206066580722
Waltz/Media-105101,Media-105101.wav,Waltz,Waltz,31.787936507936507,-148.28162802767795,91.18901010836862,102.79203117124038,38.46871326602827,8.757707020217813,21.15799334226123,35.049207740042604,23.322010576750245,-4.090159737494973,15.045734842527073,14.059574240904286,13.497382529524646,-20.399961670974687,17.97738907297772,8.420987816133435,10.488987621626942,0.4420255388611775,12.36610230036605,-6.588704216410784,15.798490640485634,-7.370953943370267,12.55583184997308,-14.450563197299758,10.690166026510552,-14.70586666042399,11.63356485930188,0.06401957417582417,0.05498468500624403,1774.1212366712518,750.3033825304894
Waltz/Media-105102,Media-105102.wav,Waltz,Waltz,31.787936507936507,-170.51821257703278,98.23491534215658,172.30725898840615,40.07126117960076,-18.839820193428938,16.48795727017468,33.282921300453324,12.30404963541713,-1.8604746631225346,11.185984938790313,-0.31297137848901135,7.587975258229819,-4.563878217994905,7.3870227836999005,-2.1458623935658707,6.560521768586005,0.5044724996874199,6.557952911981001,2.9418376271796287,7.056425527600795,-9.445993928162597,7.2320240778727305,-7.133369793896437,6.38035524723585,-2.184220889996841,6.946351163892801,0.049074590773809525,0.022634888105654543,1156.8886786823437,431.70176728438804
Waltz/Media-105103,Media-105103.wav,Waltz,Waltz,31.787936507936507,-138.73876276532104,99.73224896887201,112.5154909633567,35.24062295534637,-24.226565751521388,19.292289403854955,35.328692045787726,13.383674480809795,0.9245590250692961,15.085034027160733,13.500008519755594,11.66648010183131,-0.425800308067896,9.676258740486759,5.7025554993536955,10.305941173580344,-0.6879241853447186,11.333860984711107,-7.3089484381777,13.330026774032703,-6.2717188990607164,11.55237764840045,-8.220129013908005,9.410988514260277,-5.4271212419529835,8.533227053180749,0.08670372596153846,0.054339268141271546,1751.206963345411,567.1612320768534
Waltz/Media-105104,Media-105104.wav,Waltz,Waltz,31.787936507936507,-218.33228592859783,105.63290184419193,127.11036258441486,44.10454567587022,-8.707260490256612,23.145834921033877,27.810123781081263,14.582728766617425,17.614452855945707,17.162598520198152,2.9104542187498477,15.998843861293208,7.3699805711043185,13.55680868989521,-11.381988242458492,13.890969141067693,-6.919471907887194,9.955605348815576,0.3580735547615891,12.185341406046525,-17.261242950691585,12.073472338513662,-1.0350061651625861,11.392194114535727,-13.83868367201696,14.413411568844603,0.06704262534340659,0.05057794703603719,1592.0976882176249,823.1268954183341
Waltz/Media-105105,Media-105105.wav,Waltz,Waltz,31.787936507936507,-242.59670548136418,84.68709449085223,124.59818601626114,31.099081717745882,5.49295443983776,13.734928204200932,31.210467171476218,10.932664803556788,16.792310374238863,11.550355091229505,18.71544589097353,10.274874719483762,5.9569917763517255,8.733708272403153,14.256825101425141,9.266180449311866,12.521858003675703,8.57952197651426,6.522433467838611,7.506608638182638,-10.839440715987735,8.501071854462122,-9.5824061100083,8.26286762580002,-10.167691682558935,7.600741059553314,0.032358201694139194,0.017872244013056104,1204.269633675312,437.49299309638445
Waltz/Media-105106,Media-105106.wav,Waltz,Waltz,31.787936507936507,-196.0278251456049,90.38929400812187,126.74895551730128,30.8635161803427,-16.3929816807494,12.526012466190668,29.369816994376293,14.639370942492874,-8.697835760169562,9.462950052261743,2.1162195199289613,9.278726566497184,-3.802252612159347,10.234901900386447,5.295653876418209,11.065921622098912,-2.608760997754987,10.309167922163866,-2.720877868227598,10.397730423730986,-11.847389248567442,10.917032011195106,-2.09871108365267,11.513213152563592,2.9277506963858877,13.64087410377486,0.08124427655677656,0.027335534770360867,1557.7671569123584,392.8871255929651
Waltz/Media-105210,Media-105210.wav,Waltz,Waltz,30.71950113378685,-185.7256695994389,98.08523460930873,131.73426512982374,32.62912234856852,-1.3163726353618266,13.597760119119284,20.676453233679055,11.923943597234944,5.979742236544108,9.962301105179737,0.5156412819290624,10.893587662563784,-4.32953111439691,9.54747389081469,-3.4942993662636597,9.790599709954797,6.327270240419351,7.960745546687686,-2.231220361153234,7.786685952765129,-3.5365041072875045,7.4333436972034885,-0.4045160176965272,5.996135014320147,-0.5435347138580481,8.638395427801804,0.06568104683946172,0.04706772267310835,1556.277397885615,479.1386513444491
Waltz/Media-105211,Media-105211.wav,Waltz,Waltz,30.71950113378685,-153.44998060383466,98.27908528575178,110.94027874675946,36.923087498597326,-22.794331100401337,14.513674756834215,9.152349765284304,12.454151991850502,1.4456360226834473,8.555370399868309,-7.03463047327777,9.362963000257041,-0.8689673629044049,8.5560079994151,-2.871127699451038,9.628550055750193,-0.25081139688688103,10.224968555796508,-4.6709177367079375,11.092572953832137,-5.787794540364606,9.35117010518603,-4.433814161759501,11.042141521861291,-0.6367614129784552,10.338712787992957,0.10537805333112206,0.046959730767853924,1953.4924798167378,552.512991828015
Waltz/Media-105212,Media-105212.wav,Waltz,Waltz,30.71950113378685,-180.2427691168906,86.87966115328838,112.19689979897869,26.17507690808722,-31.04436552898492,10.01090659486287,15.73066952054717,10.749396932643032,8.981803501998167,8.182831769140257,-8.391677836741978,6.750814865859106,-0.6891142007475899,7.020017434539081,-1.306742379299185,7.717888660944502,0.33475441266486927,6.51577528477595,-8.5040456118986,5.392359397084862,-7.397226049317664,5.85709745872252,-6.378467176474525,5.623180164395747,-3.210327238787931,4.973230430871244,0.08803610986068992,0.03625480919056961,1872.666567937409,373.5678141384719
Waltz/Media-105213,Media-105213.wav,Waltz,Waltz,30.71950113378685,-188.77213898048905,90.08497839783419,109.15920086012524,27.630170196958222,-3.1825216343034812,13.784237858478129,25.92056551659373,12.55803287017342,1.6400945617354887,13.052503194680693,-1.6096837674342783,9.576692932541222,-0.11792753150745651,11.93974482229297,1.1841753245345483,11.57325351018253,-2.3767193558721615,11.221591313820905,-12.146752971791324,7.3609941864720385,-2.3835938754042396,8.678434161176503,-6.885885139737602,8.777879037672417,-9.666943526994203,8.234694712486899,0.07305931340030326,0.05058839717745241,1817.1417646237985,540.4791531786826
Waltz/Media-105214,Media-105214.wav,Waltz,Waltz,30.71950113378685,-255.18684388210303,85.26302638701574,142.2607824436079,35.08389869827923,29.394955593284934,16.32425453944279,20.705671717984664,13.882727024648311,3.8328337648657302,13.536978718102617,4.08260600765871,10.285805673362432,2.039662975026476,8.943590268202525,-2.5083013231747073,7.298598059468522,-3.6882657300051536,8.319966693786995,-4.360701009303388,6.706933731687627,-9.944775441369554,8.059442153881028,-4.6295917815720715,6.9700379231616765,-7.57516367638588,7.369765873125957,0.03414044730856709,0.038477070149540105,1192.7380361406856,483.80106157169007
Waltz/Media-105215,Media-105215.wav,Waltz,Waltz,30.71950113378685,-203.39234188421037,86.74610668498673,123.97348370417826,30.28146934092054,-14.384862694122063,19.19114811553367,7.053851856445104,15.849114998000921,11.580408166561853,14.389454260157077,0.5707769620464338,10.503170925808082,-7.43217687903882,8.423380522995883,-2.8177976230232678,8.825186791464589,-0.8094377497435714,9.251694849405467,-6.248618249157566,8.872120320593796,-0.7777189960907518,9.24140337184869,-5.680574977956549,8.33705432758698,0.10763655866050044,7.110503429221865,0.06834345680913571,0.05992005887409632,1638.3014959944353,466.81583420366684
Waltz/Media-105301,Media-105301.wav,Waltz,Waltz,31.787936507936507,-255.67742873603254,89.89302114006033,166.14092835436531,44.20071176705352,-45.047905457055776,16.07960792784142,18.8279051950062,10.318186272308909,-10.872542025040675,12.025774208077765,-16.945706720939434,11.62899846463144,-16.623911206847104,10.586771271906807,-25.212052689956526,11.052827307565364,-13.399590636008487,9.599901206708978,-12.432325995861776,8.16653543033169,-14.869014973900649,8.448835648279962,-19.07522909439279,10.497301905868452,-15.984352349707493,11.588994595831526,0.048416752518315016,0.02539351110073656,1140.45977162783,442.9335838210633
Waltz/Media-105302,Media-105302.wav,Waltz,Waltz,31.787936507936507,-231.25617362561067,101.87364751182261,144.40655461471462,49.727724587001084,24.441729121140323,27.79206294267126,27.446829587823697,19.787052663050634,-0.6809014393628297,14.695652766175703,12.459229968652537,16.160931930886626,20.649486787871794,15.557494376041221,0.2736297989907914,12.901476558497224,5.758225159391013,13.170531470554176,-1.4772131767718772,12.649118548391192,-16.821874812743147,12.512162725852589,-6.5281623701959886,11.216491419395426,-10.523347741398705,15.03407346508457,0.05001144688644689,0.06274661256903878,1244.7660185897862,717.5230285291718
Waltz/Media-105303,Media-105303.wav,Waltz,Waltz,31.787936507936507,-279.9820210737096,66.940615543982,120.23383881102357,34.321404839481715,-7.708458770477932,16.649962660845837,14.140964900843855,9.388207365073372,5.239272145910805,10.222388747711769,-5.217215457837337,11.243465241483529,-10.1711855284681,9.88857843696056,1.8648065201803827,11.223313673424,-3.4893048169598644,15.527104482545706,-2.9550797082853464,16.31333702291909,-7.444196373220066,19.85931013979532,-15.46401763612176,27.853724916499548,-18.054722715621406,20.847989390943223,0.11367223271520147,0.04886524494644065,1679.5432209576586,525.6357651707259
Waltz/Media-105304,Media-105304.wav,Waltz,Waltz,31.787936507936507,-229.91375227502357,88.60842273596445,124.37527574414062,36.933253732502564,20.99804408017893,21.29029656434131,53.235201670919274,19.739396765722788,6.8629617190976635,15.642522313358914,12.395122264344371,14.504479474852431,-3.73461850853436,16.627166878761564,1.9383585115383373,12.276253897735202,-8.58331421527213,14.012591340718092,-4.77808549061851,17.626696870883965,-15.025056670507336,13.765301407536858,-1.3142552603703888,14.926962414349457,-5.592407306789249,13.673596834744284,0.04231842376373626,0.02315668307051585,1316.4671685920648,483.6301110706777
Waltz/Media-105316,Media-105316.wav,Waltz,Waltz,31.787936507936507,-220.5548060393793,78.9438571168492,128.926970632113,33.06555475020171,5.421972125364896,17.165359642983223,37.5696305965183,13.6180614217509,10.603597914104189,12.465891165097311,0.5933992272237271,11.252825960651482,-18.503137608511754,12.288382130021702,-10.17348222080463,9.07901265186622,-12.230892779899957,11.828492445277748,-6.426522025778528,13.99239542020696,-18.19248533487599,15.11107633867204,-8.694966627298125,13.937652889001416,3.5399873674083495,12.547974837608159,0.06022528903388279,0.02935694805237769,1363.6012892746485,438.2747744740733
Waltz/Media-105501,Media-105501.wav,Waltz,Waltz,31.787936507936507,-229.02188457525804,85.37188651545792,170.5583095788188,41.78049509115238,-21.28021588902504,20.79306788148564,8.960914677111381,13.219811092415176,-2.80672185430445,15.36125117423477,-10.025046221200308,12.90597969861291,-12.529297034383996,10.4140908297721,-14.692331790772203,11.805403673542296,-12.26993854528291,13.14045935245355,-7.162127446705209,11.84687205319266,-8.377050194423827,11.510086585405826,-10.447768020166084,13.994132173648827,-8.796069179927542,11.41451936859489,0.052007139995421246,0.01695596361147092,1160.2282818755964,347.0887830967167
Waltz/Media-105502,Media-105502.wav,Waltz,Waltz,31.787936507936507,-225.99348001551684,80.6973155307329,178.98333901338768,42.00342579952146,4.458476400589834,16.051556149449162,19.28139831340113,10.64212382847348,8.994282560172875,13.001779420045114,-2.6200717084452068,8.77175686690442,-2.871868830801398,9.053019901807579,3.1864321237208815,10.593978744037287,6.087470477962428,10.78396148216922,3.051249785097843,8.447314566209359,-4.096450333267704,9.476949652703047,0.49024039360631905,10.417111389454083,-1.4262259338996701,8.95477018657636,0.04601505265567766,0.022235715853794663,1028.5663936487924,377.7800463867581
Waltz/Media-105503,Media-105503.wav,Waltz,Waltz,31.787936507936507,-244.8388700890741,92.34755195118504,144.41966338493668,47.10251561566105,8.042007497682883,31.99830697370065,27.600310724404682,16.24518574434275,13.565853088515702,17.07096020541109,3.53215563396874,15.137425206941112,4.4007979522750045,11.392991018192642,4.0247528677118245,12.965140024260199,0.35476765039330327,12.948961314502084,4.303818382321791,14.287417608463018,-9.26639496848696,12.34789884443362,-2.447685091158511,9.774763533032193,-9.7885194594072,9.0482332526407,0.04308071485805861,0.04273917301053439,1313.081156160426,654.565344266921
Waltz/Media-105504,Media-105504.wav,Waltz,Waltz,31.787936507936507,-178.41154514901956,81.94310702772538,161.9824190414547,45.34046068851635,-1.7915300561427112,15.765814788977583,30.716426240504514,11.75319107658279,17.659340580913522,9.19008886329394,4.454632757997857,8.125358667501311,-2.274338645991971,9.334284551745503,6.994923101777937,7.532078575293677,-0.7917340902626272,6.995330897464865,-8.20804145490047,7.862708939806345,-6.241905497735738,10.331162032094227,2.4344443718107374,6.929970143955009,-1.4251960038618945,6.8983869044760375,0.04529389880952381,0.033509821305908155,1168.679870353257,475.8397425161595
Waltz/Media-105701,Media-105701.wav,Waltz,Waltz,31.787936507936507,-248.81458571229413,89.79448463010311,144.82720748810016,47.32338605504509,8.412190569612315,25.132425095672893,22.331185677670227,19.78483404696529,6.735098861274512,13.087227432018516,-10.829799642506062,11.625565725565203,-10.385159997027781,12.164578979133791,-7.070062930546609,16.35494182256293,-15.832516152498707,18.876747551487707,-15.2685463029691,16.141460563224697,-6.440310703073509,12.047227016111583,-3.3686882710315555,11.074370646815167,-2.8158346661859177,10.328915198954252,0.05243675595238095,0.06666388236359348,1192.04536681813,583.1862993245235
Waltz/Media-105702,Media-105702.wav,Waltz,Waltz,31.787936507936507,-131.5677393115016,93.66602838752088,134.41687731383797,38.96494807321985,0.9537029648036538,17.21724352657613,25.926224197156774,13.718513962281945,7.305052783657939,12.40107834242958,10.528021393644199,13.835877968311857,7.8605565848458765,11.046753017756497,6.269247115223026,10.889121555111657,-1.7332210716592762,12.323295212233536,3.988478878955134,10.84091262673792,1.420732949765778,11.07506900432689,1.8269657030632962,11.503775976514532,-2.708008407087281,11.145753515790261,0.05385116185897436,0.03802876891072486,1472.9417380043897,626.9576431311702
Waltz/Media-105703,Media-105703.wav,Waltz,Waltz,31.787936507936507,-244.81759330083185,100.10623737255692,172.0194805162748,40.155325533668886,8.727945778120743,20.40728576078337,28.035909502106072,13.903549537514982,7.475587329452705,9.760989852201018,7.889801781489127,9.055778023137524,-2.1361210666600856,7.549917589758753,0.17472520252665594,10.426264965408341,-2.5865619740186188,9.985030297341169,-2.8997378402403773,9.56315896577119,-3.233279929529119,8.294803173196655,-2.9798316013794826,7.943072966936381,-2.7056040563096166,10.00645259537427,0.03632884043040293,0.06429001999454523,1053.637861576187,564.0574425278058
Waltz/Media-105704,Media-105704.wav,Waltz,Waltz,31.787936507936507,-281.05894518247106,72.91049555251735,172.6746037188742,51.43214230316399,10.019357570127163,20.842106457230578,4.789853841280621,9.700035342434427,26.718736541749173,12.349630154930926,8.18224624712296,10.0786993015566,-5.343446842800065,8.515463679476607,-5.783189881427881,8.977628895139446,-1.4189573876081483,8.627846279181515,-0.752940614685212,8.669631300105609,-3.729420603533979,8.079139970374518,-3.745133773950892,8.251278802745915,-4.538110853822955,8.13775964471889,0.04386160714285714,0.04504937483682016,992.5485782873926,479.40154813924255
Waltz/Media-105801,Media-105801.wav,Waltz,Waltz,31.787936507936507,-210.50869248219186,106.77548811561363,115.42184160939614,41.68406906382242,9.289651440451491,23.894393936871673,22.095675022587567,20.603986654748503,10.362986414796673,10.196303030801657,-0.38666423701841524,13.888127087491409,4.4863147797553005,12.721128987319094,-4.0221858729027895,12.480250941766016,-3.903608349462173,12.259183328178478,8.90175656957364,12.186757126640826,-18.409430948899875,9.491474866017185,-3.3133688488751467,10.074442096724646,-0.5373831409210575,9.578391831725254,0.07745786114926739,0.08821229092213534,1821.2608506308459,1066.7521963782901
Waltz/Media-105802,Media-105802.wav,Waltz,Waltz,31.787936507936507,-270.48451720452977,80.02337029744032,174.63483204143944,48.09819074467694,-4.904915552927284,15.42417798011714,4.8214355536189375,9.982538532987531,10.869230573403296,10.85929155843249,-3.966218571340404,14.802204927647796,-2.1865763028127274,15.389848986417382,0.040154106322463634,14.535166013583096,-1.449822376156898,15.47146372403652,-5.523631701260498,15.774347389562942,-4.960878353957858,15.62217015577119,-3.490747167730679,20.23335085281063,1.2730156344695331,16.43692310701128,0.06176167582417583,0.04244038172547208,1106.1855418239697,480.39298638765445
Waltz/Media-105803,Media-105803.wav,Waltz,Waltz,31.787936507936507,-283.77164912709844,90.55317014297198,107.92928946874902,44.06367701312012,-3.3303040663364687,18.525733909853244,19.26927653003389,15.772590024989533,-6.003647805789552,16.414428898543513,-15.090763473111215,17.33306534099164,-5.544780763216213,15.952593760061982,-12.336933769299149,13.754997228167332,-20.812772405106656,15.231786691786294,-12.244658757270575,14.546649596347644,-20.107778560658765,15.672643338894922,-4.834941908131428,13.769157605119537,-11.05346738670175,18.45653762009862,0.07286765968406593,0.06285502436704907,1603.7696030504421,840.7728832765317
Waltz/Media-105804,Media-105804.wav,Waltz,Waltz,31.787936507936507,-277.2555091323208,100.10947162156282,131.38153395881886,44.14519056077871,12.249610012998671,18.24567757985551,9.655492455901026,12.765661279054054,-0.5731057528047636,12.668880360953072,9.888490968572754,14.465364295679134,-5.139296301413396,11.64484379381833,-16.16469169623179,10.379526145114387,-20.053062153044742,11.660482538472989,-13.625169608258329,10.607153917248556,-12.268629341383642,11.561015798985002,-5.787424124180092,13.381673816129931,-10.979936774623393,9.881311185775324,0.07034183264652015,0.05147406015604876,1326.2077636804183,591.8025468630362
Waltz/Media-105805,Media-105805.wav,Waltz,Waltz,31.787936507936507,-262.85301518160236,85.61684541673914,163.43693509012402,44.22666474862777,13.246110194989184,24.881142045002417,32.5463817118226,14.10715370525736,15.326289761323968,9.67731421289999,-2.358305084098976,11.917472948452367,1.2861581075821105,8.692365211090795,3.841232199655644,8.059258911574922,-3.6497276948817263,8.977575082548329,-5.11670316174713,8.863837267334759,-7.2383415475540795,8.565501745275055,-4.125486551993429,8.126457966176147,-3.003353554066713,9.768726100631966,0.037665264423076925,0.03606132643647963,980.7765926367427,437.6711253652731
Waltz/Media-105901,Media-105901.wav,Waltz,Waltz,31.787936507936507,-298.67908769840153,83.75142358193051,153.89966637163758,45.113684268778044,27.371149284342994,23.294476355568715,3.5867886501487236,18.39701470284529,0.5750949650927948,11.665410186978304,0.2689514995112762,11.911873456157931,2.4465094623108103,11.07848572368109,-3.646824481552467,11.658501721004713,-0.9779361091872968,9.84082887352449,-0.8228716748739693,9.191041641399925,-5.324417149801345,13.830796200059337,-1.7509656172270893,15.49822681256688,-10.744048073378593,11.155210312449958,0.05893572573260073,0.04965379497729733,1178.7819974714894,523.8207770700518
Waltz/Media-105902,Media-105902.wav,Waltz,Waltz,31.787936507936507,-307.6641604394212,109.76177172846668,103.59672640707191,50.48791876368366,10.942520750705274,30.096808008413955,26.857221435243115,20.790077099214326,8.414011876942247,15.537058336597127,-2.6296803586109054,16.544177105312563,5.173383681901646,13.675433082104227,-1.3635831845540776,13.185180263876873,-4.103840765023234,13.377655765509699,4.731751627175791,15.878945908740556,-12.846762054670423,11.581642325662948,2.7556294955740914,11.401351272650533,-7.6140710892883305,14.126657541965768,0.07843764308608059,0.09043439328703166,1900.4260112598763,1088.2990368658714
