track_id,filename,folder,label,duration,mfcc_00_mean,mfcc_00_std,mfcc_01_mean,mfcc_01_std,mfcc_02_mean,mfcc_02_std,mfcc_03_mean,mfcc_03_std,mfcc_04_mean,mfcc_04_std,mfcc_05_mean,mfcc_05_std,mfcc_06_mean,mfcc_06_std,mfcc_07_mean,mfcc_07_std,mfcc_08_mean,mfcc_08_std,mfcc_09_mean,mfcc_09_std,mfcc_10_mean,mfcc_10_std,mfcc_11_mean,mfcc_11_std,mfcc_12_mean,mfcc_12_std,zcr_mean,zcr_std,spectral_centroid_mean,spectral_centroid_std
ChaChaCha/Albums-Cafe_Paradiso-05,Albums-Cafe_Paradiso-05.wav,ChaChaCha,ChaChaCha,30.143537414965987,-108.60447692871094,98.53370666503906,70.91121673583984,22.41739845275879,-3.744126319885254,21.59543228149414,33.58859634399414,17.55185890197754,9.103521347045898,12.757004737854004,7.469147682189941,13.678199768066406,0.1458648145198822,12.294902801513672,-0.6448966264724731,11.042959213256836,1.845963954925537,9.909974098205566,-0.8419596552848816,9.650227546691895,-2.0378472805023193,8.345146179199219,-3.7297489643096924,8.069106101989746,2.742607831954956,7.864304542541504,0.11425067058795227,0.05561846999192347,2612.4927184532394,633.5824534564296
ChaChaCha/Albums-Cafe_Paradiso-06,Albums-Cafe_Paradiso-06.wav,ChaChaCha,ChaChaCha,30.143537414965987,-179.21861267089844,124.52761840820312,49.318275451660156,44.79515075683594,9.910002708435059,24.577213287353516,28.0197811126709,23.2678279876709,11.924026489257812,18.632266998291016,19.45708465576172,17.71607208251953,0.5298242568969727,14.145054817199707,5.1573872566223145,10.417120933532715,8.21188735961914,13.36376953125,-1.5389403104782104,13.29910945892334,6.047975063323975,10.764171600341797,-7.943544387817383,9.026695251464844,1.264647126197815,8.888860702514648,0.15456037396555042,0.11099814579026575,3152.69920686892,1238.6061406582007
ChaChaCha/Albums-Cafe_Paradiso-07,Albums-Cafe_Paradiso-07.wav,ChaChaCha,ChaChaCha,30.143537414965987,-135.72801208496094,87.80703735351562,61.420372009277344,28.86220932006836,11.624323844909668,17.495567321777344,28.397544860839844,15.458166122436523,2.5210657119750977,13.269648551940918,15.81989574432373,12.742502212524414,9.151063919067383,11.411117553710938,9.339872360229492,10.43012809753418,6.636935234069824,9.446873664855957,3.380563974380493,7.799423694610596,2.955447196960449,7.321168422698975,-2.0863020420074463,7.717048645019531,4.449811935424805,6.976438045501709,0.12301154132986913,0.10261120014805464,2885.3955350135934,935.9567732871496
ChaChaCha/Albums-Cafe_Paradiso-08,Albums-Cafe_Paradiso-08.wav,ChaChaCha,ChaChaCha,30.143537414965987,-129.8238983154297,117.64215850830078,66.9425048828125,24.59441566467285,-13.502923011779785,19.086750030517578,27.326778411865234,14.471128463745117,0.5974239706993103,11.626644134521484,0.4361839294433594,13.951432228088379,3.472468376159668,12.202665328979492,-1.094450831413269,10.773344993591309,-3.288379192352295,9.556111335754395,-2.7862813472747803,9.26071548461914,-0.11737685650587082,9.015463829040527,-2.980473518371582,8.527297973632812,-0.3553258776664734,8.658341407775879,0.12370844158968437,0.06081758275420013,2665.702628384916,693.5265706960188
ChaChaCha/Albums-Fire-01,Albums-Fire-01.wav,ChaChaCha,ChaChaCha,30.71950113378685,-175.4986114501953,112.56645965576172,107.40103912353516,26.0833740234375,12.358955383300781,17.684545516967773,25.90135383605957,14.035012245178223,8.46026611328125,10.730634689331055,8.210249900817871,13.649595260620117,1.2098608016967773,8.861368179321289,3.154628276824951,10.398594856262207,4.574810028076172,10.643491744995117,3.2516098022460938,10.3587064743042,3.6926486492156982,8.407505989074707,-4.909377574920654,6.739320755004883,3.9010653495788574,7.779483318328857,0.04526548032407408,0.03185906378710972,1668.5056643973803,560.5971819713576
ChaChaCha/Albums-Fire-08,Albums-Fire-08.wav,ChaChaCha,ChaChaCha,30.71950113378685,-160.2327880859375,101.45539855957031,90.29060363769531,24.874364852905273,15.889166831970215,20.02408790588379,32.094974517822266,15.162040710449219,10.619725227355957,12.851616859436035,15.741493225097656,10.559901237487793,3.3763256072998047,9.527034759521484,8.157553672790527,8.398045539855957,8.842434883117676,8.492358207702637,3.0457847118377686,8.74200439453125,6.327904224395752,8.037477493286133,-3.1947124004364014,6.480152606964111,5.15242862701416,6.4664764404296875,0.056505175855064246,0.041719708220990706,2023.7468300408361,660.6040636146207
ChaChaCha/Albums-Fire-14,Albums-Fire-14.wav,ChaChaCha,ChaChaCha,30.71950113378685,-174.6837158203125,97.05641174316406,104.93851470947266,23.633577346801758,27.968608856201172,13.756793975830078,33.90242004394531,10.568406105041504,8.099037170410156,9.627413749694824,16.294618606567383,8.48585033416748,1.1420392990112305,6.0412421226501465,5.727191925048828,5.864617347717285,10.22482967376709,7.699685573577881,3.9984779357910156,7.791805267333984,8.009724617004395,5.794356346130371,-2.859138011932373,5.541628837585449,4.962924957275391,5.355503559112549,0.03411436189058957,0.026363398505514588,1672.3733031819324,545.1818799039473
ChaChaCha/Albums-I_Like_It2-01,Albums-I_Like_It2-01.wav,ChaChaCha,ChaChaCha,34.06349206349206,-147.6076202392578,94.0435791015625,89.98542785644531,30.723140716552734,0.6170227527618408,26.376161575317383,39.97013854980469,23.48074722290039,6.509666919708252,12.363725662231445,13.153406143188477,11.802611351013184,-0.6589620113372803,10.77053451538086,9.086867332458496,9.198490142822266,6.961043834686279,11.31808853149414,9.306758880615234,9.799548149108887,-2.695162534713745,11.660150527954102,-0.033824626356363297,10.9486083984375,-1.2930819988250732,10.27696704864502,0.08001122347903886,0.04566564188311468,1997.2486374285484,770.9791095082618
ChaChaCha/Albums-I_Like_It2-02,Albums-I_Like_It2-02.wav,ChaChaCha,ChaChaCha,31.787936507936507,-176.83514404296875,123.14865112304688,103.65390014648438,31.271072387695312,-6.539151191711426,20.31928253173828,26.797922134399414,17.194894790649414,3.8633151054382324,12.049748420715332,13.733224868774414,11.773078918457031,3.3548223972320557,10.78884220123291,5.885869026184082,7.892953872680664,1.0539582967758179,9.948751449584961,7.0779523849487305,10.14407730102539,0.16755537688732147,9.527336120605469,3.0224103927612305,8.548444747924805,-0.20042066276073456,7.852049827575684,0.08269180286705624,0.03823790632321365,1826.6297529587152,657.038329266908
ChaChaCha/Albums-Latin_Jam-01,Albums-Latin_Jam-01.wav,ChaChaCha,ChaChaCha,30.143537414965987,-143.64059448242188,99.10968780517578,56.05124282836914,34.6844367980957,14.649508476257324,21.38741111755371,28.5081729888916,14.289735794067383,9.67406940460205,10.050848007202148,19.829248428344727,11.239293098449707,5.252098083496094,7.021848201751709,7.903944969177246,7.2075419425964355,4.093571186065674,7.8244524002075195,1.2346669435501099,7.675401210784912,5.18760347366333,10.859030723571777,2.4879214763641357,9.318950653076172,11.079183578491211,8.869462966918945,0.13075600522036182,0.09654557711354055,3061.624564266532,1071.337277518547
ChaChaCha/Albums-Latin_Jam-04,Albums-Latin_Jam-04.wav,ChaChaCha,ChaChaCha,30.143537414965987,-166.51126098632812,100.76988220214844,54.07917785644531,30.02876091003418,7.880709171295166,25.426982879638672,42.061737060546875,12.38827896118164,15.34703540802002,9.85641860961914,16.335405349731445,9.074286460876465,10.525988578796387,8.913101196289062,11.987115859985352,9.742629051208496,7.567614555358887,9.405288696289062,6.321364879608154,6.891256332397461,8.67786693572998,8.675454139709473,2.4664957523345947,8.288397789001465,6.701844692230225,8.339366912841797,0.09708264169553503,0.07705313251846008,2735.6192700860024,948.4108584568115
ChaChaCha/Albums-Latin_Jam-07,Albums-Latin_Jam-07.wav,ChaChaCha,ChaChaCha,30.143537414965987,-115.765380859375,95.1408920288086,54.059181213378906,34.545021057128906,13.470917701721191,18.157167434692383,19.691373825073242,13.161738395690918,5.533182621002197,11.282651901245117,19.101062774658203,10.18995189666748,5.017577171325684,8.229371070861816,10.302942276000977,8.253443717956543,1.9194926023483276,7.185636520385742,1.737382173538208,6.536960601806641,3.5596108436584473,6.1718316078186035,1.2152621746063232,7.4988532066345215,5.823256015777588,7.562396049499512,0.16351257277232487,0.11559246817845603,3312.5253070809263,1026.8026631304465
ChaChaCha/Albums-Latin_Jam-13,Albums-Latin_Jam-13.wav,ChaChaCha,ChaChaCha,30.143537414965987,-184.2395782470703,100.00516510009766,69.3724594116211,27.501869201660156,3.107649564743042,24.583999633789062,46.071197509765625,10.758094787597656,19.91372299194336,9.308293342590332,15.780627250671387,8.40246868133545,13.834451675415039,8.868085861206055,12.106010437011719,9.13094711303711,8.979654312133789,8.886825561523438,9.592355728149414,6.683541297912598,9.058794021606445,7.663198947906494,6.343527317047119,7.622023582458496,5.963741302490234,7.917477130889893,0.06699339034834488,0.05861616403722136,2126.1168417539498,856.4210604574015
ChaChaCha/Albums-Latin_Jam2-04,Albums-Latin_Jam2-04.wav,ChaChaCha,ChaChaCha,30.143537414965987,-174.29583740234375,105.00897979736328,68.26873016357422,39.63291931152344,6.251713752746582,35.21759033203125,33.2339973449707,21.278480529785156,7.9633989334106445,15.893170356750488,13.4868803024292,15.381752967834473,2.573267698287964,10.067696571350098,2.9075145721435547,10.998026847839355,7.06633996963501,7.6747050285339355,2.436344623565674,7.962998867034912,0.12864787876605988,8.213847160339355,-2.9772703647613525,10.248263359069824,-2.777125358581543,7.54287576675415,0.11531857438414164,0.08187770439562515,2517.139732979697,990.3406403831864
ChaChaCha/Albums-Latin_Jam2-05,Albums-Latin_Jam2-05.wav,ChaChaCha,ChaChaCha,30.143537414965987,-97.28240203857422,82.28190612792969,59.408504486083984,23.751018524169922,7.890807151794434,18.10057830810547,23.969200134277344,13.025407791137695,3.845324993133545,12.419015884399414,18.274322509765625,12.61716365814209,7.8951416015625,9.736412048339844,6.395406246185303,9.833911895751953,3.6113455295562744,7.646203517913818,3.6796798706054688,7.491416931152344,7.3838605880737305,7.519073009490967,5.545711040496826,8.042878150939941,7.247704029083252,7.00801944732666,0.1327016124182063,0.0674641436333344,3043.3397086711125,797.1615089216672
ChaChaCha/Albums-Latin_Jam2-06,Albums-Latin_Jam2-06.wav,ChaChaCha,ChaChaCha,30.143537414965987,-147.09278869628906,116.46842956542969,75.88965606689453,29.616985321044922,3.3559532165527344,14.04438591003418,27.043107986450195,12.615896224975586,8.958115577697754,13.61182975769043,12.54955768585205,10.372044563293457,-0.022177046164870262,11.387523651123047,1.7615431547164917,8.419723510742188,3.158750534057617,8.684453010559082,0.07902064919471741,8.938634872436523,5.159203052520752,8.966750144958496,1.9588758945465088,10.792343139648438,6.504734039306641,8.75476360321045,0.13149274983160122,0.08224158764619251,2632.538670548469,906.9386900943664
ChaChaCha/Albums-Latin_Jam2-13,Albums-Latin_Jam2-13.wav,ChaChaCha,ChaChaCha,30.143537414965987,-79.23046875,77.54169464111328,58.97550964355469,23.90557098388672,11.11273193359375,17.834627151489258,26.112075805664062,12.04781436920166,4.874008655548096,12.202672004699707,19.394798278808594,12.692152976989746,8.616584777832031,9.568233489990234,6.355801105499268,9.687758445739746,2.7208943367004395,7.726515769958496,3.263298273086548,7.650578022003174,7.517543315887451,7.251977443695068,6.125785827636719,7.830480098724365,7.574333190917969,6.872989654541016,0.1321952884430331,0.0701924055258469,3037.475467763094,843.3874618921789
ChaChaCha/Albums-Latin_Jam3-01,Albums-Latin_Jam3-01.wav,ChaChaCha,ChaChaCha,30.143537414965987,-77.01176452636719,80.0013656616211,49.40190887451172,18.117109298706055,6.480058193206787,13.939030647277832,20.45444679260254,13.01158618927002,-5.2425994873046875,12.51073932647705,20.206832885742188,9.937036514282227,3.7793939113616943,8.405460357666016,5.9155049324035645,8.800042152404785,16.930322647094727,8.239529609680176,-0.8509136438369751,7.494709491729736,13.632908821105957,7.25306510925293,-7.246994495391846,8.629368782043457,7.577603340148926,8.65319538116455,0.1744103787769438,0.08509672825757282,3497.3147652136868,562.0317436156668
ChaChaCha/Albums-Latin_Jam3-02,Albums-Latin_Jam3-02.wav,ChaChaCha,ChaChaCha,30.143537414965987,-117.66303253173828,83.60162353515625,71.63225555419922,21.373241424560547,-27.53582763671875,19.633235931396484,22.473371505737305,16.94671630859375,2.5994935035705566,17.19462013244629,-4.310957908630371,12.424147605895996,-0.3136073350906372,11.474830627441406,-5.3706793785095215,9.017297744750977,-3.552306652069092,8.509509086608887,2.7858798503875732,9.088031768798828,1.509960412979126,8.633101463317871,-7.520074844360352,7.487027168273926,-0.6062021851539612,8.026294708251953,0.12755379739222478,0.03651793244851903,2588.2227625333157,426.1784373873435
ChaChaCha/Albums-Latin_Jam3-03,Albums-Latin_Jam3-03.wav,ChaChaCha,ChaChaCha,30.143537414965987,-95.74555969238281,90.5190200805664,66.61151885986328,22.93898582458496,-3.932023286819458,19.807344436645508,23.39141845703125,14.405921936035156,-4.078725337982178,10.344134330749512,6.388608932495117,13.231827735900879,1.6856322288513184,10.885257720947266,2.120281934738159,9.389631271362305,4.630613327026367,9.972736358642578,-0.5132132768630981,10.8936185836792,1.2952725887298584,9.239206314086914,-2.8206071853637695,6.241697788238525,1.812483787536621,7.1365227699279785,0.12914644377886836,0.05586495725617262,2887.7571056178563,568.7835198159229
ChaChaCha/Albums-Latin_Jam4-01,Albums-Latin_Jam4-01.wav,ChaChaCha,ChaChaCha,30.143537414965987,-68.04969024658203,81.4914779663086,90.40422821044922,23.764123916625977,-11.537555694580078,13.394811630249023,20.849735260009766,12.768746376037598,6.710402011871338,10.737241744995117,13.670686721801758,9.915568351745605,2.337644338607788,8.005305290222168,-3.245588541030884,8.062417030334473,1.3620145320892334,9.366548538208008,-1.2292592525482178,9.162899017333984,3.829421043395996,8.354361534118652,-2.716226577758789,7.1983723640441895,1.6750370264053345,7.513374328613281,0.10131666786951501,0.04462337179771091,2313.1964434470538,574.6037641122338
ChaChaCha/Albums-Latin_Jam4-06,Albums-Latin_Jam4-06.wav,ChaChaCha,ChaChaCha,30.143537414965987,-64.8057632446289,78.46224975585938,75.38388061523438,14.9417142868042,-15.845569610595703,14.142925262451172,31.765451431274414,15.561787605285645,8.696194648742676,13.0833740234375,5.2987213134765625,10.066688537597656,2.668769121170044,8.26615047454834,-0.8459842801094055,8.060523986816406,4.658268451690674,8.298226356506348,5.42303466796875,8.647228240966797,3.0020053386688232,8.300139427185059,-3.891103982925415,8.347860336303711,-0.43535324931144714,7.40104866027832,0.11503590502309469,0.039380643809424555,2509.0204946753747,405.1580162499619
ChaChaCha/Albums-Latin_Jam4-11,Albums-Latin_Jam4-11.wav,ChaChaCha,ChaChaCha,30.143537414965987,-46.2717170715332,83.99908447265625,66.90129089355469,20.09869956970215,-23.077695846557617,10.591324806213379,13.181461334228516,10.184001922607422,-2.301804304122925,10.87921142578125,2.578345537185669,9.151865005493164,-2.8873932361602783,8.749917984008789,-1.6798954010009766,8.443971633911133,2.484605550765991,9.42370319366455,2.045646905899048,8.448468208312988,1.520071029663086,8.0368013381958,-6.85194730758667,8.61269474029541,2.2337629795074463,7.605875492095947,0.1480025951453041,0.04684584472199058,2885.4957550249596,495.2289350196911
ChaChaCha/Albums-Latin_Jam5-02,Albums-Latin_Jam5-02.wav,ChaChaCha,ChaChaCha,30.047528344671203,-152.45045471191406,90.17528533935547,87.58976745605469,24.17186164855957,7.6251983642578125,16.858287811279297,31.725801467895508,15.996916770935059,6.72817325592041,13.267523765563965,7.246581077575684,10.08484935760498,3.4745287895202637,9.66499137878418,6.747979164123535,7.657299041748047,4.279679298400879,7.975951671600342,0.3177179992198944,7.822469234466553,2.250183582305908,7.350646018981934,-1.643519639968872,6.601006031036377,2.075493097305298,6.4260969161987305,0.08949610883204633,0.04153749582182656,2271.1011657668164,637.4936525881884
ChaChaCha/Albums-Latin_Jam5-07,Albums-Latin_Jam5-07.wav,ChaChaCha,ChaChaCha,30.047528344671203,-128.1750030517578,83.21937561035156,103.82669830322266,25.517229080200195,4.317033767700195,19.029085159301758,25.465030670166016,13.890503883361816,14.100387573242188,13.161858558654785,7.07544469833374,11.785287857055664,-4.024271488189697,9.65286636352539,3.2042722702026367,10.026467323303223,2.89766001701355,9.184142112731934,0.28662070631980896,9.131667137145996,-0.17462560534477234,8.877771377563477,-2.3468143939971924,7.8346357345581055,2.610715866088867,7.851369380950928,0.06343885738416988,0.02931172164304606,1938.8702933172074,558.098811806725
ChaChaCha/Albums-Latin_Jam5-11,Albums-Latin_Jam5-11.wav,ChaChaCha,ChaChaCha,30.047528344671203,-102.17523956298828,78.17816925048828,82.72163391113281,19.620729446411133,-9.962776184082031,14.452354431152344,21.46615982055664,10.298362731933594,4.938172817230225,10.097599983215332,11.695870399475098,8.269244194030762,3.8113338947296143,7.855218887329102,4.52463436126709,7.571439743041992,6.786044597625732,9.056061744689941,-0.7135729193687439,8.492719650268555,6.04476261138916,7.690418243408203,-0.9378613829612732,6.5066819190979,4.291781425476074,5.889357089996338,0.11118974722490348,0.042765081714515915,2496.0838046870244,482.7650949935187
ChaChaCha/Albums-Latino_Latino-01,Albums-Latino_Latino-01.wav,ChaChaCha,ChaChaCha,30.71950113378685,-204.53961181640625,122.72626495361328,83.6346664428711,30.705507278442383,-0.9910757541656494,18.989463806152344,32.462005615234375,16.93387794494629,5.338520050048828,10.476637840270996,7.4474382400512695,10.988324165344238,3.421147108078003,10.48709774017334,0.9833076596260071,7.914542198181152,2.24436616897583,7.8456854820251465,-3.473646402359009,7.336894989013672,0.4554647207260132,7.959421634674072,-2.949925661087036,6.6738691329956055,0.3833172023296356,7.401568412780762,0.08693509956065759,0.06654996787296832,2266.9827057347934,811.6307316538984
ChaChaCha/Albums-Latino_Latino-04,Albums-Latino_Latino-04.wav,ChaChaCha,ChaChaCha,30.71950113378685,-198.94375610351562,110.82611083984375,74.3666000366211,27.47023582458496,-11.48315715789795,17.57005500793457,23.75835418701172,16.802223205566406,1.6915684938430786,10.893167495727539,4.323912620544434,10.141407012939453,-3.0150156021118164,12.222360610961914,-2.9398856163024902,9.992352485656738,1.547327995300293,6.7805495262146,-4.911694526672363,7.795985698699951,-1.166926383972168,6.57181453704834,-3.847165822982788,7.646472454071045,-0.23665964603424072,5.920193195343018,0.10323254735922147,0.059585878522065865,2605.759536893843,783.5001978533318
ChaChaCha/Albums-Latino_Latino-06,Albums-Latino_Latino-06.wav,ChaChaCha,ChaChaCha,30.71950113378685,-229.0369873046875,105.1128158569336,99.81023406982422,42.53871536254883,-6.048461437225342,16.51386070251465,20.57839584350586,12.826011657714844,0.7782179117202759,12.726932525634766,0.7888188362121582,10.05593204498291,2.690049648284912,8.567975997924805,-1.342405915260315,7.984701156616211,2.4415879249572754,9.565570831298828,-2.374638795852661,9.324928283691406,-0.07152489572763443,8.4860258102417,-4.458188056945801,6.342055320739746,-0.19365403056144714,6.108526229858398,0.07352231257086168,0.07384646454320594,1958.4091184516187,927.9779064016869
ChaChaCha/Albums-Macumba-01,Albums-Macumba-01.wav,ChaChaCha,ChaChaCha,29.95301587301587,-164.96377563476562,95.11161804199219,107.88349151611328,27.644088745117188,-9.427796363830566,20.379838943481445,5.6408185958862305,20.37650489807129,41.19960021972656,15.133184432983398,-32.612449645996094,17.97875213623047,21.05242156982422,16.320587158203125,-1.5388169288635254,10.246554374694824,-19.090024948120117,10.59851360321045,21.43661880493164,16.214412689208984,-30.116146087646484,13.196810722351074,12.284070014953613,12.977752685546875,-14.505792617797852,10.694600105285645,0.08124242974806202,0.04717286425844488,2078.545803586376,643.3409947474249
ChaChaCha/Albums-Macumba-02,Albums-Macumba-02.wav,ChaChaCha,ChaChaCha,30.09233560090703,-120.66683197021484,89.26889038085938,103.89659118652344,20.973485946655273,-12.985274314880371,16.865747451782227,20.267545700073242,16.98052406311035,54.210845947265625,17.788619995117188,-29.175182342529297,17.183582305908203,30.4921817779541,12.56096363067627,2.058151960372925,10.586730003356934,-20.486154556274414,9.758843421936035,36.7900505065918,14.131304740905762,-35.745025634765625,12.548332214355469,29.530471801757812,12.288359642028809,-8.367595672607422,8.711520195007324,0.09945867091049383,0.052090277991559304,2389.6154723308773,503.51339243349366
ChaChaCha/Albums-Macumba-03,Albums-Macumba-03.wav,ChaChaCha,ChaChaCha,30.09233560090703,-127.79390716552734,81.20988464355469,123.02728271484375,21.165691375732422,3.1008644104003906,13.563247680664062,20.171310424804688,15.025626182556152,50.206398010253906,14.966153144836426,-36.05500030517578,14.617715835571289,32.28206253051758,12.039155006408691,1.1380599737167358,9.383638381958008,-17.489397048950195,9.763174057006836,37.70648193359375,13.470507621765137,-34.37748718261719,13.060097694396973,25.66829490661621,10.106522560119629,-7.739526271820068,8.704605102539062,0.07065685884452161,0.028140067825841532,1954.150758541817,445.17898896597967
ChaChaCha/Albums-Macumba-04,Albums-Macumba-04.wav,ChaChaCha,ChaChaCha,30.09233560090703,-167.07493591308594,100.25534057617188,115.80232238769531,25.44059944152832,3.2390339374542236,21.85610580444336,15.04956340789795,17.01433753967285,37.916751861572266,16.805179595947266,-35.934661865234375,17.030080795288086,27.7346248626709,14.280597686767578,-1.3049578666687012,10.366497039794922,-18.402332305908203,10.234042167663574,31.57943344116211,16.22900390625,-31.849693298339844,14.955476760864258,16.93019676208496,13.945002555847168,-11.293632507324219,8.585558891296387,0.07979630835262345,0.0466508140945316,2031.294728624596,671.3483567107842
ChaChaCha/Albums-Mambo_Kings-03,Albums-Mambo_Kings-03.wav,ChaChaCha,ChaChaCha,30.143537414965987,-148.909423828125,86.94939422607422,95.56636047363281,24.936443328857422,-12.832253456115723,16.846750259399414,18.17206382751465,11.263837814331055,4.336122035980225,8.924047470092773,2.8531270027160645,6.301056385040283,-1.8489528894424438,6.639480113983154,0.5765635371208191,6.433515548706055,3.7688846588134766,6.368618965148926,-0.6365252733230591,6.767495632171631,3.9284350872039795,8.015214920043945,2.3107149600982666,8.085884094238281,4.536266803741455,8.540761947631836,0.09701874037721324,0.04312631715163176,2186.4175649690164,576.0928817104559
ChaChaCha/Albums-Mambo_Kings-10,Albums-Mambo_Kings-10.wav,ChaChaCha,ChaChaCha,30.047528344671203,-153.92893981933594,80.92681121826172,88.09117126464844,22.41311264038086,-8.928897857666016,18.77909278869629,19.848041534423828,13.68748664855957,1.7437678575515747,10.368732452392578,1.486254096031189,10.037186622619629,5.3887834548950195,10.718199729919434,0.5294352769851685,8.304696083068848,0.6530711054801941,8.515213966369629,8.659735679626465,9.620434761047363,0.3222038447856903,8.777314186096191,-3.9316821098327637,7.85581111907959,-4.563540935516357,7.976142406463623,0.09042516288610039,0.03828903716309979,2206.7768108796113,529.3970974200781
ChaChaCha/Albums-Mambo_Kings-11,Albums-Mambo_Kings-11.wav,ChaChaCha,ChaChaCha,30.143537414965987,-192.01438903808594,93.9931411743164,106.90476989746094,26.455459594726562,-7.100587368011475,16.14615821838379,24.11314582824707,13.130255699157715,2.7254109382629395,11.411449432373047,-3.3986704349517822,13.288267135620117,4.836198806762695,10.135329246520996,-6.701059341430664,8.522527694702148,-7.446110725402832,8.80552864074707,5.191056728363037,12.039934158325195,-6.058286190032959,9.363119125366211,-9.093535423278809,9.105875015258789,-4.557864189147949,8.013011932373047,0.08397159473633564,0.05411753165634268,1914.379903892749,609.8183645734283
ChaChaCha/Albums-Mambo_Kings-12,Albums-Mambo_Kings-12.wav,ChaChaCha,ChaChaCha,30.047528344671203,-167.5690155029297,105.93012237548828,89.79353332519531,25.08711051940918,-9.814692497253418,17.819509506225586,31.555133819580078,11.009123802185059,8.07205581665039,9.972234725952148,5.1180267333984375,8.876803398132324,3.6641836166381836,8.241138458251953,2.3050880432128906,7.041184425354004,4.6408257484436035,6.741299629211426,0.2627165913581848,6.946542263031006,2.385335922241211,6.525357246398926,0.010569403879344463,6.065958023071289,3.3419876098632812,6.590983867645264,0.09339406370656371,0.050864643727606795,2249.6158344451746,636.1555024583492
ChaChaCha/Albums-Pais_Tropical-05,Albums-Pais_Tropical-05.wav,ChaChaCha,ChaChaCha,30.143537414965987,-96.12248229980469,93.99565887451172,82.8070297241211,22.593563079833984,-7.305975914001465,21.858739852905273,23.859888076782227,15.734944343566895,5.303116798400879,9.93494701385498,7.007803440093994,8.534293174743652,4.966524124145508,7.9717698097229,0.23765966296195984,8.477056503295898,-1.4588854312896729,9.48141860961914,-1.293576955795288,9.165825843811035,1.17234206199646,8.533280372619629,-0.2541595995426178,8.101903915405273,3.9448752403259277,6.7816386222839355,0.11386989390877598,0.039950410422650844,2445.4081825319763,535.6851085472858
ChaChaCha/Albums-Pais_Tropical-06,Albums-Pais_Tropical-06.wav,ChaChaCha,ChaChaCha,30.143537414965987,-98.53977966308594,85.11933135986328,88.29634857177734,17.792789459228516,-1.9380812644958496,15.882381439208984,27.596071243286133,13.767143249511719,3.5011253356933594,11.684640884399414,9.044394493103027,11.910934448242188,1.7409355640411377,9.788272857666016,-1.3957470655441284,9.487719535827637,1.870065450668335,8.139030456542969,-1.1949965953826904,8.057990074157715,-0.4683287739753723,7.391114711761475,-3.2933828830718994,7.339614391326904,0.5121133923530579,8.392378807067871,0.09533400091416475,0.03986798708246176,2330.294241242357,491.6786664795467
ChaChaCha/Albums-Pais_Tropical-07,Albums-Pais_Tropical-07.wav,ChaChaCha,ChaChaCha,30.143537414965987,-72.29396057128906,87.7393798828125,79.2918472290039,17.89336395263672,-9.814543724060059,15.549741744995117,28.982389450073242,11.472209930419922,4.79336404800415,9.417339324951172,6.627864360809326,8.416285514831543,3.0138728618621826,9.491792678833008,1.6360331773757935,8.28117561340332,3.287522792816162,8.404142379760742,1.1308867931365967,7.971194267272949,3.2870476245880127,7.931083679199219,-0.35605087876319885,7.215830326080322,1.6351343393325806,6.3004302978515625,0.11223853084103157,0.04314761781924842,2524.744115517917,467.3348437946096
ChaChaCha/Albums-Pais_Tropical-08,Albums-Pais_Tropical-08.wav,ChaChaCha,ChaChaCha,30.143537414965987,-78.12564849853516,80.17799377441406,97.12663269042969,24.632566452026367,-10.157236099243164,15.575102806091309,21.860593795776367,14.020455360412598,8.244803428649902,13.311712265014648,10.198162078857422,9.583749771118164,8.789010047912598,11.666962623596191,5.320405960083008,11.113585472106934,6.917396068572998,10.177474021911621,7.713784694671631,10.391348838806152,4.560349941253662,10.593302726745605,5.133623123168945,8.905632972717285,4.904475212097168,7.281493663787842,0.09133114715646651,0.04465165370743098,2115.644798485064,612.3038190279464
ChaChaCha/Media-103401,Media-103401.wav,ChaChaCha,ChaChaCha,31.787936507936507,-107.94097137451172,132.13783264160156,79.25142669677734,30.059412002563477,2.5287225246429443,19.03350830078125,24.62381362915039,16.581830978393555,9.993937492370605,13.453588485717773,13.146866798400879,10.94680404663086,3.310561180114746,9.72414493560791,6.242880344390869,9.556331634521484,-3.421771287918091,8.700297355651855,4.059433937072754,10.396048545837402,2.3610453605651855,10.33488941192627,5.578094482421875,10.840211868286133,2.2557358741760254,11.673213958740234,0.09299350289901388,0.040484752850920916,2187.8476498494297,813.1096015974332
ChaChaCha/Media-103402,Media-103402.wav,ChaChaCha,ChaChaCha,31.787936507936507,-91.25640106201172,136.52984619140625,62.102195739746094,30.77796173095703,10.95841121673584,17.282182693481445,22.04983901977539,16.429224014282227,4.918083667755127,18.53629493713379,7.728625297546387,12.449992179870605,-5.577950477600098,14.892630577087402,-0.24676428735256195,13.36000919342041,-3.9021925926208496,13.05501937866211,4.969254016876221,11.342740058898926,-7.709815979003906,12.89356803894043,-0.5633861422538757,10.239090919494629,-3.1245927810668945,9.221007347106934,0.118404101419832,0.08293947592974252,2677.7957315918366,1063.2241197345484
ChaChaCha/Media-103403,Media-103403.wav,ChaChaCha,ChaChaCha,29.51238095238095,-65.34747314453125,97.33020782470703,89.69676971435547,30.713329315185547,-12.743368148803711,18.45712661743164,24.8541316986084,16.94984245300293,1.159348964691162,11.808420181274414,7.1651763916015625,10.685047149658203,-5.707431793212891,9.897811889648438,-2.682917356491089,11.773329734802246,-4.375509262084961,11.277254104614258,1.396671175956726,11.346745491027832,-5.266120433807373,8.816428184509277,0.43741413950920105,10.326332092285156,-6.565418243408203,9.154391288757324,0.09900353744590873,0.05039529902827928,2252.578849247633,740.8745756029676
ChaChaCha/Media-103404,Media-103404.wav,ChaChaCha,ChaChaCha,31.787936507936507,-67.94747161865234,123.30514526367188,66.24398803710938,28.394306182861328,-1.6242754459381104,17.0206241607666,26.925567626953125,13.800117492675781,16.213083267211914,12.36148452758789,12.525403022766113,11.435479164123535,1.7888636589050293,8.719656944274902,6.791831016540527,9.801444053649902,6.548206329345703,10.083439826965332,12.038375854492188,8.296116828918457,2.591172695159912,8.668229103088379,1.779473066329956,9.256412506103516,2.3949978351593018,9.251558303833008,0.10052245023739956,0.049427367982483324,2516.1850207198877,798.954966545425
ChaChaCha/Media-103405,Media-103405.wav,ChaChaCha,ChaChaCha,31.787936507936507,-82.77770233154297,134.3679656982422,88.91072082519531,41.1575927734375,5.775655746459961,19.381053924560547,24.772838592529297,15.737259864807129,11.71158218383789,13.733932495117188,8.95527458190918,12.002826690673828,-0.5358624458312988,9.805359840393066,7.177732467651367,9.289857864379883,-7.0117645263671875,9.583762168884277,1.9185189008712769,10.534852027893066,-1.0381520986557007,9.253120422363281,5.766499042510986,9.480114936828613,-0.1717572957277298,9.04983139038086,0.0854763256711103,0.051453803630355725,2113.695050193909,992.7382342054281
ChaChaCha/Media-103406,Media-103406.wav,ChaChaCha,ChaChaCha,31.787936507936507,-62.790199279785156,134.01638793945312,72.82034301757812,29.171831130981445,-12.59799575805664,17.880678176879883,16.006982803344727,19.63782501220703,6.930578231811523,17.055482864379883,2.8965017795562744,12.938307762145996,-3.8728647232055664,14.00758171081543,-0.17689067125320435,12.173322677612305,-2.1011595726013184,12.127776145935059,6.744902610778809,10.791046142578125,-0.3131828010082245,11.035173416137695,-0.6208641529083252,9.0208740234375,-5.438248634338379,9.482380867004395,0.11702414513330898,0.054485258418034116,2453.3171617526623,907.0349546282106
ChaChaCha/Media-103407,Media-103407.wav,ChaChaCha,ChaChaCha,31.787936507936507,-87.62639617919922,143.22166442871094,65.915771484375,36.879703521728516,17.34017562866211,16.453887939453125,26.88539695739746,17.985612869262695,14.141122817993164,18.641212463378906,11.617527961730957,11.476716995239258,-3.0773284435272217,9.371230125427246,-1.5697087049484253,10.39897346496582,-5.646341323852539,10.941267013549805,7.6941938400268555,11.1072416305542,-2.478045701980591,9.974361419677734,4.603454113006592,9.864615440368652,2.848068952560425,9.272110939025879,0.10874440741417092,0.061337499465614995,2676.3630973193367,1154.390978867044
ChaChaCha/Media-103408,Media-103408.wav,ChaChaCha,ChaChaCha,31.787936507936507,-44.32225036621094,128.48486328125,73.30914306640625,30.17770004272461,1.2517427206039429,17.483779907226562,29.439300537109375,15.473898887634277,5.944226264953613,11.504691123962402,10.445291519165039,11.030426025390625,-0.12221013009548187,10.035045623779297,4.716915130615234,8.352398872375488,-1.89559006690979,8.214987754821777,3.784876585006714,7.763681888580322,-1.6216473579406738,7.347431659698486,3.316896915435791,7.186034679412842,-2.115978479385376,7.467771530151367,0.10640037207815924,0.06114591080472516,2486.7076222986757,936.2211969120056
ChaChaCha/Media-103409,Media-103409.wav,ChaChaCha,ChaChaCha,31.787936507936507,-86.66096496582031,150.35372924804688,63.65496063232422,27.883586883544922,17.144689559936523,17.421106338500977,28.143644332885742,16.47238540649414,5.9890289306640625,10.245735168457031,10.062450408935547,9.64286994934082,4.235950469970703,9.795437812805176,5.847484588623047,8.615270614624023,-3.168581485748291,8.215947151184082,4.985696315765381,8.491518020629883,-1.9978125095367432,10.391204833984375,5.770487308502197,8.28840160369873,-1.6078379154205322,7.484422206878662,0.11427207930058436,0.06165232197850369,2654.502804782161,1043.4810229572442
ChaChaCha/Media-103410,Media-103410.wav,ChaChaCha,ChaChaCha,31.787936507936507,-47.76859664916992,131.9388427734375,78.03410339355469,27.443586349487305,9.347919464111328,20.333450317382812,20.009382247924805,15.131338119506836,12.218233108520508,13.0640230178833,7.78839111328125,10.422133445739746,-0.32575055956840515,10.04905891418457,6.318971633911133,9.394014358520508,-1.621973991394043,9.429791450500488,9.580290794372559,10.582600593566895,-2.7745957374572754,9.948238372802734,1.9824440479278564,8.008198738098145,-3.0356435775756836,7.9219255447387695,0.09582153944485025,0.043570157765047475,2405.068130517661,847.6698660478919
ChaChaCha/Media-103411,Media-103411.wav,ChaChaCha,ChaChaCha,29.51238095238095,-71.13301086425781,115.87789154052734,89.54205322265625,33.61870193481445,-19.79933738708496,19.915616989135742,29.02751922607422,17.75690460205078,-0.4945436120033264,15.296077728271484,6.777596473693848,15.419775009155273,-3.399801015853882,14.456306457519531,-1.877227783203125,11.48788833618164,-6.686648845672607,10.896554946899414,0.7580645084381104,11.157827377319336,-1.9804595708847046,8.993375778198242,4.344712257385254,9.39102840423584,-2.780006170272827,8.386211395263672,0.09810265661880409,0.051912864412427484,2117.5144448603405,790.1750189860868
ChaChaCha/Media-103412,Media-103412.wav,ChaChaCha,ChaChaCha,31.787936507936507,-84.17076873779297,136.68780517578125,79.53559875488281,37.5277214050293,-21.831392288208008,23.50719451904297,32.737369537353516,18.864513397216797,6.946873188018799,18.629194259643555,8.969084739685059,14.046246528625488,-3.117727756500244,12.075165748596191,-1.9908201694488525,10.728209495544434,-6.1352949142456055,10.607794761657715,5.7316179275512695,11.627580642700195,1.8837300539016724,11.762054443359375,4.509413242340088,11.043463706970215,-1.1422418355941772,10.44361400604248,0.10009123618973703,0.05057339314664605,2170.5825976150727,873.870614842793
ChaChaCha/Media-103413,Media-103413.wav,ChaChaCha,ChaChaCha,31.787936507936507,-152.64266967773438,154.734619140625,72.27132415771484,44.56654739379883,10.340147018432617,39.01859664916992,24.642913818359375,22.609817504882812,3.176992416381836,19.975772857666016,8.287668228149414,18.478281021118164,-5.0534443855285645,15.178397178649902,-2.372190237045288,15.635390281677246,-4.8084492683410645,15.104623794555664,-0.2887553572654724,13.81558609008789,-0.6792399883270264,13.637861251831055,5.528341770172119,13.615409851074219,1.6784056425094604,13.08769416809082,0.10013795996165084,0.07218496011252691,2285.7700565945224,1090.337021874235
ChaChaCha/Media-103414,Media-103414.wav,ChaChaCha,ChaChaCha,31.787936507936507,-106.11572265625,136.12814331054688,76.54712677001953,33.470157623291016,-34.62550735473633,33.35029220581055,30.694398880004883,20.409244537353516,-3.150245428085327,26.780122756958008,-3.819241762161255,14.624860763549805,-5.319314002990723,14.845767974853516,-8.406020164489746,11.975587844848633,-9.479333877563477,12.375521659851074,5.150641918182373,12.756392478942871,-1.606640100479126,11.343673706054688,-4.849040985107422,8.709872245788574,-5.136397838592529,9.888772964477539,0.12178069644813733,0.04591506209522174,2253.555780281323,798.7692535783094
ChaChaCha/Media-103415,Media-103415.wav,ChaChaCha,ChaChaCha,31.787936507936507,-90.59635162353516,146.36436462402344,72.37234497070312,30.283788681030273,5.329168319702148,15.739214897155762,20.9226131439209,13.543314933776855,5.693929195404053,13.514122009277344,6.064204692840576,12.004044532775879,-6.667028427124023,15.50614070892334,0.6174893975257874,12.695608139038086,-2.6310694217681885,11.564562797546387,4.906578540802002,10.185115814208984,-6.689645767211914,11.177530288696289,-1.9269225597381592,10.489603042602539,-2.425882339477539,9.74019718170166,0.10305944405131483,0.052738017669342704,2461.1837021471792,927.8713434051932
ChaChaCha/Media-103416,Media-103416.wav,ChaChaCha,ChaChaCha,31.787936507936507,-162.541748046875,132.0039825439453,92.24178314208984,47.002986907958984,11.186373710632324,22.83003044128418,23.80931854248047,19.459592819213867,9.364409446716309,17.76936912536621,13.955162048339844,14.336007118225098,-0.5858652591705322,11.418785095214844,7.627663612365723,10.206104278564453,2.683105707168579,10.611052513122559,12.067039489746094,12.613218307495117,-1.3770171403884888,14.383519172668457,-8.700216293334961,15.428613662719727,-6.403361797332764,13.1502685546875,0.06530092962472608,0.07009464308298984,1804.7930694442352,1161.297452252176
ChaChaCha/Media-103417,Media-103417.wav,ChaChaCha,ChaChaCha,31.787936507936507,-135.08563232421875,141.37892150878906,37.52219772338867,28.315458297729492,-12.830891609191895,25.51525115966797,9.842558860778809,22.029277801513672,7.901730060577393,26.850830078125,7.0260910987854,20.702831268310547,-7.276390552520752,16.785921096801758,-7.060272216796875,15.978275299072266,-8.007997512817383,15.815728187561035,6.16267728805542,14.790885925292969,2.2527787685394287,16.301116943359375,-2.8786673545837402,11.754602432250977,-5.712367534637451,12.827064514160156,0.15087391286979548,0.11176091616486133,3077.503797151829,1253.0908161019636
ChaChaCha/Media-103507,Media-103507.wav,ChaChaCha,ChaChaCha,31.787936507936507,-145.78326416015625,130.4938507080078,88.03817749023438,33.914695739746094,-9.43581485748291,20.605098724365234,23.071331024169922,12.673375129699707,1.9081611633300781,11.330719947814941,-1.009002685546875,12.2455415725708,-7.473861217498779,9.82617473602295,-1.2800825834274292,9.176204681396484,-6.036890983581543,8.83768081665039,5.309647560119629,9.30615234375,-4.548856735229492,7.52916145324707,1.89186692237854,8.00830364227295,-10.036866188049316,8.385892868041992,0.09630982069485025,0.05122258299607244,2099.6548167390492,831.8839293589162
ChaChaCha/Media-103508,Media-103508.wav,ChaChaCha,ChaChaCha,31.787936507936507,-187.45713806152344,135.05821228027344,105.88986206054688,43.914886474609375,-21.815814971923828,21.128990173339844,32.45526885986328,20.974157333374023,7.606478691101074,11.460693359375,1.946917176246643,10.356657981872559,5.2916789054870605,11.0894136428833,1.3969544172286987,10.28805160522461,-7.842092037200928,10.514920234680176,4.6848554611206055,10.466412544250488,-7.284178256988525,8.60731029510498,-8.41629695892334,8.862701416015625,-8.051739692687988,8.897934913635254,0.10020323057432433,0.05539646114206142,1818.7958561978955,766.3625302713148
ChaChaCha/Media-103509,Media-103509.wav,ChaChaCha,ChaChaCha,31.787936507936507,-171.85043334960938,139.5726318359375,67.99632263183594,36.68155288696289,-0.23900778591632843,22.23883819580078,7.239676475524902,17.292320251464844,-10.424930572509766,16.74928092956543,-0.5696994662284851,13.681862831115723,-9.594449043273926,14.306413650512695,-2.004232883453369,12.623351097106934,-12.810356140136719,13.908212661743164,-2.8878166675567627,11.673685073852539,-5.516524314880371,12.723102569580078,0.030954208225011826,14.217643737792969,-6.325199604034424,11.181648254394531,0.12151319393718042,0.07126993385967653,2558.0310848165227,1058.919137088625
ChaChaCha/Media-103510,Media-103510.wav,ChaChaCha,ChaChaCha,31.787936507936507,-158.5045623779297,141.36184692382812,70.09444427490234,42.139156341552734,-19.85580062866211,38.60285568237305,7.034689903259277,27.228374481201172,-5.072566509246826,23.609983444213867,-4.436752796173096,23.406513214111328,-1.7538588047027588,17.31889533996582,-5.528932571411133,18.179948806762695,-11.202396392822266,16.2069034576416,-0.19957078993320465,15.338238716125488,0.522203803062439,15.840018272399902,-0.6717627644538879,13.485190391540527,-2.6859097480773926,13.773106575012207,0.11093792800401753,0.06940211311699801,2297.0076231713506,1077.4907073714423
ChaChaCha/Media-103601,Media-103601.wav,ChaChaCha,ChaChaCha,31.787936507936507,-136.75918579101562,128.37451171875,57.20887756347656,33.951045989990234,-0.952207624912262,34.57487869262695,18.922801971435547,18.659788131713867,8.87075424194336,16.626157760620117,8.823801040649414,12.757192611694336,4.3454813957214355,12.788866996765137,5.103063583374023,10.908456802368164,5.619186878204346,10.418527603149414,6.964332103729248,10.247230529785156,-1.6905680894851685,9.150103569030762,1.7614198923110962,8.186415672302246,-3.9438374042510986,7.645727634429932,0.14305784616964937,0.09258007626094085,2872.7158165310393,1169.241566719278
ChaChaCha/Media-103602,Media-103602.wav,ChaChaCha,ChaChaCha,31.787936507936507,-184.06689453125,161.52365112304688,89.66043853759766,47.35895538330078,-8.676563262939453,26.544639587402344,14.239569664001465,24.550331115722656,-0.5348458290100098,14.450467109680176,9.596785545349121,14.128005027770996,1.8425530195236206,12.668526649475098,9.755959510803223,12.890807151794434,1.8214340209960938,13.884361267089844,6.877043724060059,15.145807266235352,3.6399476528167725,9.457192420959473,5.131020545959473,10.884236335754395,-4.296667575836182,9.556514739990234,0.10019146046384222,0.05570973581096571,1969.7592105749632,858.2746784753713
ChaChaCha/Media-103603,Media-103603.wav,ChaChaCha,ChaChaCha,31.787936507936507,-120.4146499633789,129.18101501464844,57.568389892578125,36.28902816772461,0.30608779191970825,25.867168426513672,29.031164169311523,22.070478439331055,10.105464935302734,19.6485652923584,6.851657867431641,15.511030197143555,4.513681888580322,16.334930419921875,12.281088829040527,21.8880558013916,-7.582751750946045,15.816556930541992,7.482089519500732,12.370327949523926,6.766510963439941,14.731884002685547,3.5230469703674316,10.58497428894043,-4.558505058288574,10.956741333007812,0.1393117410062089,0.11053793332805403,2696.2767420537775,1202.7345449466427
ChaChaCha/Media-103604,Media-103604.wav,ChaChaCha,ChaChaCha,31.787936507936507,-126.38677978515625,137.81076049804688,65.13624572753906,35.53107833862305,-8.710464477539062,20.0651912689209,41.521644592285156,27.485904693603516,-2.504140853881836,15.30925464630127,12.465357780456543,11.614374160766602,5.602329254150391,14.817977905273438,2.6733529567718506,10.07937240600586,-2.8498551845550537,11.813220977783203,4.030161380767822,13.816994667053223,-4.729796886444092,11.218138694763184,1.746471643447876,11.041566848754883,-2.4012084007263184,9.677706718444824,0.12081590405861943,0.07361096862218211,2425.4584028170934,948.5325887380554
ChaChaCha/Media-103617,Media-103617.wav,ChaChaCha,ChaChaCha,31.787936507936507,-136.91351318359375,136.2939910888672,97.00691986083984,38.28799057006836,-17.628173828125,22.26383399963379,44.59759521484375,24.85401153564453,-2.508396625518799,14.199055671691895,-0.5460853576660156,11.288248062133789,1.8000009059906006,16.429882049560547,-4.616019248962402,12.23022174835205,-11.895231246948242,11.70498275756836,-0.19597260653972626,9.53569221496582,-2.436636447906494,8.96043872833252,0.4055080711841583,10.445109367370605,-6.7762837409973145,8.766745567321777,0.09490953421749453,0.04309238680908737,1927.705443271721,759.4518413194005
ChaChaCha/Media-103701,Media-103701.wav,ChaChaCha,ChaChaCha,31.787936507936507,-85.53658294677734,131.83856201171875,58.542755126953125,25.576099395751953,-30.29853630065918,22.26276397705078,5.136946201324463,18.17042350769043,-12.534114837646484,13.191104888916016,-0.4686030447483063,13.963884353637695,-3.6195521354675293,11.537785530090332,3.5109221935272217,13.349119186401367,-3.890601396560669,12.582173347473145,1.2270537614822388,10.753775596618652,-9.360039710998535,10.806999206542969,-0.5331113934516907,10.756823539733887,-8.059945106506348,9.421808242797852,0.1510019574050402,0.06663165799187842,2685.4122203398642,904.8841195713321
ChaChaCha/Media-103702,Media-103702.wav,ChaChaCha,ChaChaCha,31.787936507936507,-132.70208740234375,126.107666015625,81.48026275634766,39.692039489746094,8.632864952087402,38.80188751220703,21.757905960083008,18.842090606689453,1.7872216701507568,14.974302291870117,9.953925132751465,15.714766502380371,1.551550269126892,11.370309829711914,9.880926132202148,12.246438026428223,8.625533103942871,11.639304161071777,11.099398612976074,11.346026420593262,-1.6831254959106445,10.313504219055176,1.8270682096481323,10.070127487182617,0.9207078218460083,11.412657737731934,0.10139415175310446,0.05392064124085206,2244.2716849261496,947.7010124742312
ChaChaCha/Media-103703,Media-103703.wav,ChaChaCha,ChaChaCha,31.787936507936507,-171.5730438232422,129.1651611328125,35.35532760620117,29.963817596435547,0.0939122885465622,21.919757843017578,39.61788558959961,19.28965187072754,2.7642836570739746,16.631528854370117,9.771622657775879,13.768000602722168,-7.075028896331787,12.895235061645508,-7.332655906677246,12.463996887207031,-11.019451141357422,12.785216331481934,-2.7866761684417725,11.573929786682129,-8.77311897277832,11.322630882263184,1.4771544933319092,10.53420352935791,-4.152679920196533,11.726563453674316,0.15981741348612125,0.0900890316812,2890.95414087048,1077.8994192375646
ChaChaCha/Media-103704,Media-103704.wav,ChaChaCha,ChaChaCha,31.787936507936507,-91.28428649902344,134.84030151367188,74.69172668457031,30.7830867767334,-34.873329162597656,26.435787200927734,44.590370178222656,22.53236198425293,7.2782769203186035,15.25562572479248,9.263195037841797,14.845677375793457,-0.2975729703903198,13.75754165649414,1.6577590703964233,11.739624977111816,-10.399271011352539,12.741921424865723,-0.6649104952812195,9.593452453613281,0.634235143661499,9.619250297546387,1.7079449892044067,9.173418998718262,-3.9515435695648193,9.905587196350098,0.1406945506528488,0.06146906549031235,2282.186361957278,699.5360876636597
ChaChaCha/Media-103716,Media-103716.wav,ChaChaCha,ChaChaCha,31.787936507936507,-212.53697204589844,131.41896057128906,68.17571258544922,48.361968994140625,3.952235460281372,30.977079391479492,21.99896240234375,26.16484832763672,-3.026270627975464,13.824259757995605,13.451260566711426,13.675101280212402,2.6577556133270264,13.26602554321289,2.1324355602264404,15.04668140411377,-1.8286583423614502,14.542156219482422,2.1404852867126465,11.804156303405762,0.5888798236846924,11.440325736999512,9.188926696777344,11.709248542785645,4.222449779510498,11.554823875427246,0.12330082405040176,0.08768238589108342,2430.2091001896383,1200.6283172341848
ChaChaCha/Media-103801,Media-103801.wav,ChaChaCha,ChaChaCha,31.787936507936507,-122.47903442382812,132.61270141601562,71.41913604736328,40.488746643066406,-3.07476544380188,26.218523025512695,17.538793563842773,22.434640884399414,6.327965259552002,18.5859317779541,8.371103286743164,14.292048454284668,-9.78824520111084,17.685535430908203,-0.43073371052742004,12.330050468444824,-1.8746922016143799,14.601759910583496,1.4311224222183228,12.569500923156738,-5.0759992599487305,12.124958992004395,-7.255084037780762,12.182541847229004,-1.4156725406646729,10.887730598449707,0.11563420208637691,0.07093062545161181,2521.845043127908,1039.4192366842865
ChaChaCha/Media-103802,Media-103802.wav,ChaChaCha,ChaChaCha,31.787936507936507,-128.87054443359375,128.42637634277344,57.267635345458984,36.57100296020508,-9.138299942016602,22.900426864624023,13.843626976013184,14.396506309509277,-3.7279412746429443,13.386495590209961,8.057204246520996,11.465883255004883,-3.54227614402771,13.845468521118164,2.9555914402008057,12.486597061157227,-1.2045599222183228,13.025908470153809,0.904639482498169,13.483321189880371,-9.860160827636719,12.274540901184082,-3.3147826194763184,14.963897705078125,-6.581029891967773,11.31753158569336,0.12496040962837837,0.07200555911174102,2662.5081100393163,996.5134726616031
ChaChaCha/Media-103803,Media-103803.wav,ChaChaCha,ChaChaCha,31.787936507936507,-139.67230224609375,154.56837463378906,70.75694274902344,28.50025177001953,5.481852054595947,26.430768966674805,24.851224899291992,16.008333206176758,2.1069934368133545,11.354496002197266,7.299471378326416,12.547571182250977,-2.4743402004241943,12.693345069885254,3.346198797225952,11.150704383850098,2.1265389919281006,11.554445266723633,10.949365615844727,11.886680603027344,-1.4874036312103271,10.508026123046875,7.292544841766357,11.218364715576172,3.878061056137085,11.356199264526367,0.10119334653487948,0.0534229300681222,2424.7486349054325,863.9438403224916
ChaChaCha/Media-103804,Media-103804.wav,ChaChaCha,ChaChaCha,31.787936507936507,-132.12513732910156,120.68927001953125,63.003684997558594,32.598793029785156,18.815723419189453,24.647302627563477,26.770750045776367,18.795454025268555,3.040377616882324,17.054737091064453,3.923994302749634,17.726511001586914,-1.9777677059173584,16.022022247314453,-5.876136779785156,16.216413497924805,-4.516534805297852,15.616639137268066,1.049976110458374,13.702960014343262,-17.834421157836914,16.084009170532227,-3.641055107116699,13.433650016784668,-7.738811492919922,16.282649993896484,0.09104786796932067,0.06968322125415273,2463.0060613416904,1077.4503357861354
ChaChaCha/Media-103816,Media-103816.wav,ChaChaCha,ChaChaCha,31.787936507936507,-160.28089904785156,137.97128295898438,30.326147079467773,35.7663688659668,22.83326530456543,25.461875915527344,20.92439079284668,20.056180953979492,12.316811561584473,13.899271011352539,22.36289405822754,13.913154602050781,2.9162890911102295,11.840659141540527,7.826622486114502,10.614134788513184,-0.17089442908763885,11.230031967163086,1.8118081092834473,10.614819526672363,-7.3560380935668945,10.369892120361328,-0.6729115843772888,9.992206573486328,-1.0360102653503418,9.476177215576172,0.17628665141070124,0.1270349751773819,3414.7837487278607,1470.7338609730648
ChaChaCha/Media-103906,Media-103906.wav,ChaChaCha,ChaChaCha,31.787936507936507,-82.64339447021484,135.25123596191406,60.49020767211914,31.236597061157227,-8.87124252319336,22.6439151763916,25.456052780151367,13.865553855895996,8.884466171264648,9.626998901367188,18.800682067871094,10.927515983581543,2.0755441188812256,8.779911041259766,10.47700023651123,11.218568801879883,0.8785770535469055,9.69071102142334,8.084061622619629,10.760233879089355,2.7017600536346436,8.782258033752441,4.639664649963379,7.966331481933594,-2.4678080081939697,7.791906356811523,0.1299833934441198,0.07293136763197146,2704.4238904108274,1002.9061878679906
ChaChaCha/Media-103907,Media-103907.wav,ChaChaCha,ChaChaCha,31.787936507936507,-99.92912292480469,125.72541809082031,73.033935546875,41.01090621948242,-36.765628814697266,28.38159942626953,21.034799575805664,24.31235694885254,-19.11811065673828,20.85355567932129,2.5774149894714355,17.139629364013672,-3.15946364402771,20.9381103515625,8.07356071472168,16.822345733642578,-8.993035316467285,14.987751007080078,11.297991752624512,17.844676971435547,-3.108970880508423,10.758668899536133,-0.568507969379425,11.267118453979492,-0.1381233185529709,11.387215614318848,0.13385575979273193,0.0734827058876582,2322.3912088529064,920.9018186739055
ChaChaCha/Media-103908,Media-103908.wav,ChaChaCha,ChaChaCha,31.787936507936507,-123.01837921142578,126.40325927734375,91.30272674560547,33.243377685546875,13.347396850585938,22.50132942199707,38.87786865234375,16.108901977539062,7.776857852935791,10.79251766204834,1.2804926633834839,9.347243309020996,-0.3014903962612152,8.814765930175781,8.416303634643555,8.105149269104004,-3.1810314655303955,8.063528060913086,-1.5272045135498047,10.941484451293945,-3.074093818664551,9.436345100402832,-1.1323843002319336,11.84749698638916,-1.0784885883331299,11.477834701538086,0.07904199860756027,0.03576348407153756,1925.4586913939388,748.3805073318592
ChaChaCha/Media-103909,Media-103909.wav,ChaChaCha,ChaChaCha,31.787936507936507,-86.9812240600586,129.42640686035156,69.17118835449219,27.423542022705078,-8.748138427734375,20.770095825195312,30.586505889892578,15.99302864074707,0.8076868057250977,14.293538093566895,1.3836857080459595,10.1820707321167,-2.5723323822021484,11.08841323852539,-0.33282190561294556,10.539200782775879,-5.50262451171875,11.824542045593262,-0.934101402759552,10.0653657913208,-6.060274600982666,9.12661361694336,0.9604367613792419,9.049013137817383,-6.086521148681641,8.019466400146484,0.12627580864225713,0.05852790264765633,2483.2959928101163,821.7461752995819
ChaChaCha/Media-103910,Media-103910.wav,ChaChaCha,ChaChaCha,31.787936507936507,-134.7261962890625,122.02526092529297,77.67424774169922,34.340206146240234,-3.4142446517944336,17.454933166503906,25.92490005493164,16.325878143310547,5.299727439880371,10.835807800292969,8.55660343170166,9.542943000793457,3.3178725242614746,8.8616304397583,5.971407413482666,9.499659538269043,2.352098226547241,11.11595630645752,8.696913719177246,11.05846881866455,5.773158073425293,13.542800903320312,7.082112789154053,12.981931686401367,2.3925962448120117,11.284892082214355,0.08052110915814463,0.05364600898539324,2124.1583752559072,839.9688856218773
ChaChaCha/Media-104009,Media-104009.wav,ChaChaCha,ChaChaCha,31.787936507936507,-107.0384521484375,136.20004272460938,65.60008239746094,29.507556915283203,-34.001434326171875,24.680118560791016,18.452611923217773,26.424657821655273,-15.124051094055176,17.614377975463867,8.34101676940918,15.785035133361816,-10.551301002502441,19.286346435546875,6.667359352111816,15.084840774536133,-5.404073238372803,15.94745922088623,11.142518043518066,13.18510913848877,-1.440458059310913,12.052206039428711,2.582512378692627,11.458566665649414,-5.456292152404785,11.4759521484375,0.1470728805241052,0.06527337423497574,2462.007592940079,783.9966498249797
ChaChaCha/Media-104010,Media-104010.wav,ChaChaCha,ChaChaCha,31.787936507936507,-127.25397491455078,137.0437469482422,75.45144653320312,39.86474609375,6.926420211791992,27.057926177978516,37.28146743774414,21.612289428710938,7.687596797943115,15.583213806152344,7.625489234924316,14.522236824035645,0.4345666468143463,11.25902271270752,9.728876113891602,12.327103614807129,-0.5846548080444336,10.319294929504395,-1.3981566429138184,12.98297119140625,-2.504441738128662,12.861376762390137,0.5852491855621338,9.389580726623535,-1.9186598062515259,9.657163619995117,0.09626523694302411,0.05851477119723195,2290.7621706081995,1032.7212241147188
ChaChaCha/Media-104011,Media-104011.wav,ChaChaCha,ChaChaCha,31.787936507936507,-228.3809814453125,152.0772705078125,76.52497100830078,57.282798767089844,13.179091453552246,30.86022186279297,6.736824035644531,23.212047576904297,-2.517244815826416,18.075071334838867,0.6126565337181091,16.412216186523438,-7.150598049163818,16.727264404296875,4.890730381011963,16.2353458404541,-6.443373680114746,14.709498405456543,0.957929253578186,14.179328918457031,-3.805100440979004,12.427374839782715,-3.449970006942749,12.15754508972168,-2.0008561611175537,9.503789901733398,0.11917807535153396,0.1045450220941989,2494.8353251469575,1490.6649842845893
ChaChaCha/Media-104012,Media-104012.wav,ChaChaCha,ChaChaCha,31.787936507936507,-132.77655029296875,123.84518432617188,36.67373275756836,35.248470306396484,-16.848405838012695,35.14107894897461,14.057276725769043,24.133060455322266,-10.400432586669922,17.995203018188477,-3.96774959564209,17.559791564941406,-9.48733139038086,17.391963958740234,-3.8562347888946533,16.636999130249023,-12.3272705078125,14.264501571655273,-6.504560947418213,13.278402328491211,-4.893332004547119,12.601415634155273,-1.0556656122207642,13.129462242126465,-2.608537197113037,10.15467643737793,0.14672584059989044,0.07903670365868332,2936.8534967490104,1079.4641449398905
ChaChaCha/Media-104106,Media-104106.wav,ChaChaCha,ChaChaCha,31.787936507936507,-137.95684814453125,147.16859436035156,65.41533660888672,38.178932189941406,-5.221797943115234,25.890378952026367,26.418020248413086,19.49142837524414,10.103984832763672,16.720073699951172,11.953286170959473,11.270566940307617,4.049022674560547,14.415731430053711,7.886560440063477,10.198941230773926,6.517516136169434,12.296038627624512,9.658334732055664,11.579630851745605,-1.4974544048309326,10.35457992553711,-0.378385454416275,9.163846015930176,0.9274845123291016,8.904963493347168,0.12589381505661065,0.06603190651339014,2555.983303692351,1057.9601838258784
ChaChaCha/Media-104107,Media-104107.wav,ChaChaCha,ChaChaCha,31.787936507936507,-87.62333679199219,136.16326904296875,79.76304626464844,31.263181686401367,6.723764896392822,18.946067810058594,22.80288314819336,16.153209686279297,7.245974063873291,11.850044250488281,13.871418952941895,11.010538101196289,8.496522903442383,10.020622253417969,9.991469383239746,8.962881088256836,5.555355072021484,8.43898868560791,8.775284767150879,9.411846160888672,-5.162482261657715,8.376927375793457,2.7222065925598145,7.816868305206299,1.721406102180481,7.457643985748291,0.09419690752830533,0.057492920495076115,2285.9153082999014,950.0064156894931
ChaChaCha/Media-104108,Media-104108.wav,ChaChaCha,ChaChaCha,31.787936507936507,-150.03416442871094,136.55886840820312,89.63453674316406,46.51791000366211,-5.775567054748535,30.226905822753906,8.863977432250977,17.648101806640625,5.854180335998535,17.27116584777832,11.01127815246582,15.202472686767578,1.8201665878295898,16.6712589263916,9.080714225769043,14.768084526062012,6.298404216766357,14.783445358276367,9.923741340637207,16.136486053466797,-1.6677881479263306,12.591094017028809,0.8602921962738037,12.585103034973145,0.444806307554245,13.171422958374023,0.08354388753195763,0.052287853925836666,1979.4559527159147,1032.2882882207025
ChaChaCha/Media-104109,Media-104109.wav,ChaChaCha,ChaChaCha,31.787936507936507,-122.7549057006836,110.17335510253906,88.76551055908203,31.288719177246094,-20.05569839477539,24.951244354248047,29.932266235351562,16.19673728942871,1.096718430519104,12.28720760345459,4.560201644897461,9.89203929901123,-3.6745247840881348,9.541655540466309,9.151264190673828,8.914616584777832,1.4985811710357666,9.641942024230957,5.068704128265381,9.127032279968262,-3.2814953327178955,9.112679481506348,2.733914852142334,9.023584365844727,0.798825204372406,8.320609092712402,0.09842237719138057,0.05273547426997918,2135.397979477558,749.363197229071
ChaChaCha/Media-104110,Media-104110.wav,ChaChaCha,ChaChaCha,31.787936507936507,-170.86329650878906,156.8308563232422,46.15907287597656,39.0633544921875,-4.107665061950684,27.7828311920166,30.15298080444336,23.519800186157227,-0.20536239445209503,16.120038986206055,15.58663558959961,16.942726135253906,0.28872063755989075,15.05207347869873,7.098361968994141,17.106027603149414,3.0493783950805664,14.320381164550781,6.946277141571045,12.5471830368042,1.365966796875,14.556468963623047,3.9048943519592285,12.630912780761719,2.15805983543396,10.14714241027832,0.09925627168553688,0.08051717190729145,2563.618111230245,1085.1508758123232
ChaChaCha/Media-104111,Media-104111.wav,ChaChaCha,ChaChaCha,31.787936507936507,-107.47406768798828,134.76173400878906,80.34835815429688,35.11903762817383,-4.262012481689453,24.32560157775879,24.198354721069336,15.699504852294922,7.831178665161133,13.981552124023438,20.999736785888672,11.253701210021973,11.918811798095703,12.841330528259277,19.000398635864258,12.113563537597656,3.9496421813964844,11.236412048339844,11.597037315368652,10.701276779174805,1.9104214906692505,10.49666690826416,4.238058567047119,10.914076805114746,5.807455062866211,9.691044807434082,0.0742733205122352,0.046689472627813436,2045.2574340069552,881.9107820536886
ChaChaCha/Media-105405,Media-105405.wav,ChaChaCha,ChaChaCha,31.787936507936507,-99.19905090332031,120.1319580078125,72.46026611328125,31.796873092651367,0.4887886941432953,28.8050594329834,13.340063095092773,14.684784889221191,5.748591899871826,15.867158889770508,16.86374282836914,12.58625316619873,1.4747647047042847,12.088065147399902,8.138778686523438,12.817867279052734,9.34243392944336,13.088568687438965,18.587350845336914,11.850692749023438,-4.110240936279297,11.582962036132812,7.146284580230713,11.497028350830078,5.771047592163086,10.117912292480469,0.10518733735847334,0.07657795457286548,2375.8683846376152,948.283659613517
ChaChaCha/Media-105406,Media-105406.wav,ChaChaCha,ChaChaCha,31.787936507936507,-62.38741683959961,116.98104858398438,68.58304595947266,28.551218032836914,-10.475592613220215,20.918643951416016,8.443431854248047,13.031682968139648,2.5689566135406494,10.03073501586914,10.503273963928223,10.596881866455078,4.318443775177002,8.62905216217041,14.147053718566895,8.884016990661621,5.8821330070495605,9.260183334350586,13.537501335144043,9.2599515914917,7.702702522277832,9.674548149108887,10.043972969055176,9.496015548706055,-2.5266647338867188,9.343521118164062,0.13545685148831263,0.06472724622209605,2658.1126220513324,893.4449271141924
ChaChaCha/Media-105407,Media-105407.wav,ChaChaCha,ChaChaCha,31.787936507936507,-136.52940368652344,108.99720764160156,102.92739868164062,34.700897216796875,-8.033191680908203,23.01231575012207,37.943572998046875,16.590816497802734,9.587793350219727,16.95047950744629,9.994056701660156,11.584249496459961,0.19575825333595276,12.620157241821289,3.5191729068756104,10.146636009216309,5.45534610748291,9.844287872314453,4.597770690917969,10.60660171508789,-0.24912576377391815,9.369973182678223,3.6724748611450195,9.164461135864258,-2.656219482421875,8.093033790588379,0.08137997055332359,0.0490734193663934,1835.3455004139746,749.9156633300867
ChaChaCha/Media-105417,Media-105417.wav,ChaChaCha,ChaChaCha,31.787936507936507,-122.5797119140625,119.73869323730469,41.03266143798828,29.42510223388672,5.036791801452637,23.06032371520996,26.088773727416992,19.397605895996094,4.689853191375732,14.84842586517334,5.3118696212768555,15.503694534301758,-0.18928441405296326,12.800265312194824,7.49172306060791,13.02720832824707,-0.009483499452471733,13.089346885681152,9.247594833374023,12.541732788085938,2.3273603916168213,12.248726844787598,0.8225737810134888,13.18312931060791,0.0775550976395607,11.178906440734863,0.15577277552045288,0.10114393601172268,3161.093744743478,1086.1890078318809
ChaChaCha/Media-105601,Media-105601.wav,ChaChaCha,ChaChaCha,31.787936507936507,-128.9945068359375,147.9917755126953,76.80530548095703,34.85915756225586,3.3781261444091797,21.29524803161621,32.684959411621094,19.80316734313965,11.735939025878906,15.921615600585938,16.99496078491211,12.805102348327637,1.4981985092163086,13.936905860900879,13.996444702148438,11.24276065826416,2.915890693664551,9.667621612548828,3.6168501377105713,10.43443489074707,-0.888203501701355,10.743993759155273,1.8812745809555054,8.957152366638184,-2.354926347732544,9.678807258605957,0.08720046852173119,0.058700775111786015,2129.8663783132033,1032.5802464571575
ChaChaCha/Media-105602,Media-105602.wav,ChaChaCha,ChaChaCha,31.787936507936507,-122.66389465332031,119.5107650756836,63.7740478515625,36.34825897216797,-0.2903894782066345,22.938800811767578,25.529897689819336,22.55425262451172,3.81239914894104,16.06988525390625,8.161036491394043,15.50070858001709,-3.2801733016967773,15.000643730163574,1.5091489553451538,12.704936027526855,-5.754247665405273,12.210926055908203,0.1783629208803177,10.528343200683594,-5.769465446472168,14.75466537475586,-0.6964544057846069,13.477925300598145,-2.366656541824341,9.963579177856445,0.12124676143626735,0.08910192552922856,2603.9334125234122,1138.8622286602645
ChaChaCha/Media-105603,Media-105603.wav,ChaChaCha,ChaChaCha,31.787936507936507,-107.41814422607422,114.44032287597656,57.706912994384766,27.978530883789062,4.729488849639893,18.92295265197754,33.79867172241211,16.84372329711914,11.396757125854492,12.543294906616211,10.218819618225098,10.286067962646484,-0.051366858184337616,10.672860145568848,5.21901273727417,10.441934585571289,1.4556037187576294,12.55434513092041,10.487496376037598,11.60427474975586,1.3629764318466187,9.34320068359375,5.017849445343018,9.32785415649414,2.043027639389038,9.004256248474121,0.11931610664718773,0.07245560472879786,2729.0581079304043,987.8630666522106
ChaChaCha/Media-105604,Media-105604.wav,ChaChaCha,ChaChaCha,31.787936507936507,-102.47178649902344,117.94221496582031,57.992820739746094,27.59375,28.612215042114258,15.65917682647705,25.028907775878906,13.30735969543457,11.603493690490723,10.969635009765625,16.724895477294922,10.095246315002441,9.159170150756836,9.769493103027344,8.294920921325684,9.507099151611328,3.749784469604492,9.473233222961426,10.000927925109863,8.909947395324707,1.0333458185195923,8.521284103393555,2.3545541763305664,8.949077606201172,-0.5081877112388611,8.582640647888184,0.09495233461924762,0.07258928712874878,2799.4070021739226,978.4296679673049
ChaChaCha/Media-105605,Media-105605.wav,ChaChaCha,ChaChaCha,31.787936507936507,-111.04476165771484,114.15665435791016,69.25589752197266,34.634727478027344,8.16344928741455,15.878812789916992,27.418670654296875,15.363374710083008,2.0393435955047607,12.122798919677734,12.437591552734375,13.112472534179688,-3.4079456329345703,12.571084976196289,2.974891424179077,10.18345832824707,2.2769925594329834,11.582426071166992,11.074555397033691,11.213028907775879,2.2278146743774414,10.528651237487793,1.3061954975128174,10.003301620483398,-0.8707537651062012,8.717084884643555,0.11445255432797663,0.07434233678956431,2624.4259162031203,1052.6817937797466
ChaChaCha/Media-106005,Media-106005.wav,ChaChaCha,ChaChaCha,31.787936507936507,-129.07958984375,112.12898254394531,70.34034729003906,33.14265441894531,0.28952065110206604,21.041255950927734,32.397010803222656,19.99174690246582,9.074555397033691,11.445130348205566,6.202322483062744,10.349420547485352,0.4065398871898651,11.559320449829102,8.288363456726074,9.476576805114746,0.9306167960166931,9.204955101013184,1.5745875835418701,8.065134048461914,-6.402423858642578,8.1278076171875,1.014482021331787,9.125256538391113,-4.30996561050415,7.913590431213379,0.12207744590029218,0.06722082362183077,2638.815283469166,909.0554158083345
ChaChaCha/Media-106006,Media-106006.wav,ChaChaCha,ChaChaCha,31.787936507936507,-134.16983032226562,106.86367797851562,44.256038665771484,34.8075065612793,5.542415142059326,30.78814697265625,30.548635482788086,22.55329704284668,-5.812628269195557,15.042013168334961,0.2827318608760834,17.08504867553711,-0.43088769912719727,15.08081340789795,-4.54584264755249,12.468358039855957,-5.197601795196533,12.971982955932617,0.922500491142273,11.387602806091309,-8.148916244506836,11.240175247192383,2.2276554107666016,11.226110458374023,-3.16290545463562,10.48351764678955,0.17973529378195763,0.10982285746019717,3245.0392445929897,1152.3489540362564
ChaChaCha/Media-106007,Media-106007.wav,ChaChaCha,ChaChaCha,31.787936507936507,-122.13166809082031,104.24947357177734,31.655244827270508,22.750778198242188,10.416013717651367,24.437963485717773,44.33690643310547,18.04575538635254,13.699739456176758,11.653404235839844,14.5565767288208,11.313241004943848,5.156965255737305,9.186046600341797,9.491632461547852,9.405945777893066,3.495867967605591,9.781709671020508,8.467698097229004,10.199575424194336,4.110522270202637,10.05063247680664,4.534025192260742,9.439631462097168,-0.06549067795276642,9.323439598083496,0.17246635888422207,0.08225002794472763,3292.015077798489,850.4086388352199
ChaChaCha/Media-106008,Media-106008.wav,ChaChaCha,ChaChaCha,31.787936507936507,-118.17566680908203,115.27925109863281,70.70333862304688,28.130645751953125,7.597975730895996,21.32675552368164,30.997791290283203,16.505863189697266,2.6670961380004883,11.645055770874023,5.895318984985352,10.800260543823242,1.3902366161346436,10.048954010009766,4.304678440093994,9.086301803588867,-1.1797709465026855,10.079288482666016,3.860767364501953,9.54686164855957,-8.543984413146973,8.254192352294922,-2.5390615463256836,7.992220878601074,-6.650768756866455,7.695383071899414,0.12016605129200146,0.05771254696967279,2600.6130454581494,814.9163340398991
ChaChaCha/Media-106101,Media-106101.wav,ChaChaCha,ChaChaCha,31.787936507936507,-137.55641174316406,120.16082763671875,75.57186126708984,35.74734878540039,-2.683732509613037,32.321739196777344,25.406049728393555,17.132518768310547,6.6156229972839355,17.602123260498047,11.201104164123535,13.733928680419922,9.659299850463867,9.720856666564941,10.6113920211792,10.27632999420166,6.214478015899658,10.850090026855469,12.055052757263184,11.969339370727539,8.399191856384277,11.698138236999512,4.460509300231934,9.51544189453125,0.07916014641523361,8.28711986541748,0.09331807261230825,0.06518251112141812,2289.6972828789985,899.8965963568579
ChaChaCha/Media-106102,Media-106102.wav,ChaChaCha,ChaChaCha,31.787936507936507,-71.33869934082031,117.53173828125,61.0247688293457,29.554420471191406,3.1073997020721436,26.581111907958984,18.070737838745117,18.303035736083984,-2.228102922439575,13.980645179748535,14.380045890808105,11.542132377624512,9.8140287399292,12.35780143737793,12.502081871032715,12.964624404907227,5.387511253356934,12.08813762664795,9.916379928588867,10.511707305908203,5.078213691711426,10.552062034606934,1.9034814834594727,11.154629707336426,0.931440532207489,10.923483848571777,0.11866161717037985,0.07706501683922394,2731.5954644315757,930.258184480927
ChaChaCha/Media-106103,Media-106103.wav,ChaChaCha,ChaChaCha,31.787936507936507,-129.28240966796875,114.93172454833984,82.5592041015625,40.250816345214844,27.48775291442871,27.82178497314453,22.455442428588867,22.229633331298828,5.986207008361816,17.32969856262207,6.016164779663086,13.900666236877441,4.6030802726745605,12.42508602142334,5.513540744781494,10.946297645568848,-0.11556324362754822,11.23964786529541,13.023414611816406,13.035124778747559,-1.4758247137069702,11.822896003723145,3.417747974395752,9.94762897491455,-1.3175687789916992,8.837081909179688,0.1031393381345873,0.08443396722750758,2447.431262209125,1170.9591234066847
ChaChaCha/Media-106104,Media-106104.wav,ChaChaCha,ChaChaCha,31.787936507936507,-155.20361328125,131.0607452392578,73.67424774169922,29.04842185974121,-4.937032699584961,22.717716217041016,15.497106552124023,23.269826889038086,-0.7072209715843201,13.836130142211914,3.956998348236084,13.83806324005127,3.0172524452209473,14.014472961425781,-1.0389715433120728,13.65501880645752,-5.72702169418335,12.628140449523926,0.14174281060695648,11.505711555480957,-8.907194137573242,9.400256156921387,-1.2621699571609497,10.408576011657715,-4.062325954437256,10.041947364807129,0.12490726579620161,0.0680160825664671,2474.393668935666,901.7057011823557
ChaChaCha/Media-106105,Media-106105.wav,ChaChaCha,ChaChaCha,31.787936507936507,-160.0393524169922,119.36912536621094,81.9655990600586,31.621906280517578,-8.603751182556152,21.7069149017334,23.108795166015625,15.023750305175781,1.8829383850097656,14.550065994262695,6.396420001983643,11.637662887573242,-3.1445987224578857,14.372584342956543,12.685996055603027,15.964035034179688,3.0951011180877686,11.810641288757324,6.730118274688721,10.885673522949219,-8.017242431640625,11.83930492401123,8.140511512756348,12.123346328735352,4.666532039642334,10.288315773010254,0.10342431747626005,0.06081738612359284,2260.1843553663352,874.4271042481454
ChaChaCha/Media-106117,Media-106117.wav,ChaChaCha,ChaChaCha,31.787936507936507,-193.53839111328125,118.97297668457031,124.11648559570312,47.592525482177734,-0.052645206451416016,31.052677154541016,33.67761993408203,15.077778816223145,16.676496505737305,15.134797096252441,9.502467155456543,9.011859893798828,-9.775480270385742,9.542097091674805,4.116146087646484,7.837488651275635,-0.8214203119277954,7.9060468673706055,0.5052096843719482,6.80070161819458,-10.215805053710938,7.133648872375488,-6.854153156280518,6.495063781738281,-8.565369606018066,7.677456855773926,0.04586562385865595,0.03167714624457099,1350.0594751138551,835.9525573931835
Jive/Albums-Cafe_Paradiso-14,Albums-Cafe_Paradiso-14.wav,Jive,Jive,30.047528344671203,-73.41205596923828,76.8768539428711,85.9580078125,22.516855239868164,-12.094717979431152,15.165331840515137,24.124113082885742,8.943690299987793,5.623252868652344,8.124046325683594,8.298474311828613,6.8319807052612305,2.832221269607544,7.101991653442383,2.278841733932495,5.569840431213379,7.075447082519531,6.796380996704102,1.7400729656219482,6.827608585357666,3.558729410171509,6.460856914520264,-1.07743239402771,5.965153694152832,3.4689483642578125,5.817863464355469,0.10583750603281854,0.04571243391701934,2448.3736167354496,543.6304556795092
Jive/Albums-Cafe_Paradiso-15,Albums-Cafe_Paradiso-15.wav,Jive,Jive,30.143537414965987,-103.69816589355469,103.44933319091797,71.30096435546875,23.972726821899414,-13.371698379516602,21.95583724975586,28.667301177978516,18.04106903076172,13.858457565307617,15.471980094909668,11.644314765930176,15.53913402557373,7.679698944091797,13.480509757995605,7.571142673492432,10.747394561767578,5.575613498687744,11.532944679260254,2.7787094116210938,11.577682495117188,4.078115940093994,9.912117004394531,0.28239861130714417,9.529263496398926,5.8366875648498535,8.719016075134277,0.10493160303598922,0.05700138535486706,2505.5937763345823,628.3535516851816
Jive/Albums-Cafe_Paradiso-16,Albums-Cafe_Paradiso-16.wav,Jive,Jive,30.143537414965987,-143.5955352783203,79.02558135986328,70.22750854492188,28.50706672668457,-12.131392478942871,16.750144958496094,16.469114303588867,14.767450332641602,-1.7460265159606934,18.912946701049805,-6.98625373840332,16.37270164489746,-6.8378095626831055,11.445858001708984,1.0443179607391357,10.732396125793457,-4.530266284942627,9.91664981842041,-4.173669338226318,8.617403030395508,-2.1545515060424805,9.600175857543945,-8.163970947265625,8.781153678894043,2.1203510761260986,7.553150653839111,0.13980706312548113,0.07229517066179302,2743.015875982981,737.165245589082
Jive/Albums-Commitments-08,Albums-Commitments-08.wav,Jive,Jive,31.679546485260772,-125.8505630493164,112.51451110839844,79.97052764892578,21.00961685180664,-18.228273391723633,13.043905258178711,35.6087532043457,11.215277671813965,16.830915451049805,9.195168495178223,6.801750659942627,9.646869659423828,6.794852256774902,6.113533020019531,6.734705448150635,6.139019966125488,1.5160324573516846,6.267254829406738,-3.9562854766845703,6.39339542388916,3.228073835372925,5.8907470703125,-6.764209747314453,6.14827299118042,0.2981862425804138,5.04583740234375,0.1100915035485348,0.061594258131671936,2417.9280431407105,532.223188113092
Jive/Albums-Commitments-10,Albums-Commitments-10.wav,Jive,Jive,30.71950113378685,-145.58755493164062,109.03783416748047,90.26106262207031,25.525074005126953,-0.9640003442764282,13.482324600219727,36.8411865234375,17.738515853881836,13.772805213928223,14.223594665527344,9.282744407653809,8.490920066833496,6.269094467163086,8.039334297180176,6.914176940917969,7.579334735870361,3.3428146839141846,6.833733081817627,-1.2798908948898315,6.543474197387695,3.18794846534729,6.450619697570801,-3.1343472003936768,6.812081336975098,3.6022274494171143,6.186064720153809,0.0721113532218443,0.043069932396143686,2067.4361672118266,604.8159517330914
Jive/Albums-Fire-07,Albums-Fire-07.wav,Jive,Jive,30.71950113378685,-114.18081665039062,97.25653839111328,103.14608001708984,23.953292846679688,2.9400715827941895,19.168649673461914,32.73810577392578,15.401480674743652,10.774520874023438,12.982973098754883,3.8798956871032715,12.048659324645996,7.563612461090088,10.820350646972656,8.75700569152832,7.445418357849121,-0.24164874851703644,9.178417205810547,3.060159921646118,7.538546085357666,5.091301441192627,7.999133110046387,-5.13359260559082,7.170837879180908,3.6676883697509766,6.511587619781494,0.06410988874716553,0.027709675014758153,1887.8591884458076,538.1502329671426
Jive/Albums-Fire-12,Albums-Fire-12.wav,Jive,Jive,30.71950113378685,-130.03004455566406,99.00778198242188,97.4362564086914,29.962942123413086,19.236080169677734,17.402360916137695,46.376495361328125,17.605379104614258,7.095673561096191,10.524801254272461,6.275824546813965,11.209349632263184,7.550693988800049,8.887969017028809,3.1674320697784424,7.0245466232299805,3.7995898723602295,7.496567249298096,5.575077056884766,7.040295124053955,0.8777090907096863,8.799921035766602,0.5366175770759583,7.397476673126221,3.2172930240631104,6.7831902503967285,0.054736586474867725,0.04507792094381889,1829.8513257458474,690.0890888307609
Jive/Albums-Latin_Jam-11,Albums-Latin_Jam-11.wav,Jive,Jive,30.143537414965987,-165.57826232910156,108.83865356445312,91.08332061767578,22.851457595825195,15.38070011138916,19.343000411987305,28.967451095581055,12.258914947509766,9.152956008911133,15.347708702087402,14.199894905090332,8.702397346496582,4.970094680786133,10.637711524963379,7.914088249206543,8.346033096313477,4.216344833374023,8.563457489013672,-4.108625888824463,11.66163158416748,0.017610451206564903,15.379990577697754,-4.605330467224121,10.754288673400879,3.9838614463806152,9.724115371704102,0.060400277857967664,0.03594503710844839,1964.9083420534416,628.2895103662346
Jive/Albums-Latin_Jam-12,Albums-Latin_Jam-12.wav,Jive,Jive,30.047528344671203,-65.4636459350586,80.0337905883789,86.81597137451172,20.21682357788086,-4.003210067749023,12.560688972473145,30.619800567626953,11.288802146911621,9.133790016174316,10.044595718383789,12.008935928344727,9.179390907287598,3.7239692211151123,7.342800617218018,5.537539958953857,6.486680030822754,7.287816524505615,6.371360778808594,-0.4775546193122864,7.046438217163086,3.008599042892456,7.078704833984375,1.0348095893859863,7.557535648345947,4.3778300285339355,7.030025482177734,0.08664899553571428,0.03285591792393932,2288.5832749942383,543.6053403330124
Jive/Albums-Latin_Jam2-11,Albums-Latin_Jam2-11.wav,Jive,Jive,30.143537414965987,-68.43121337890625,75.26942443847656,64.85514831542969,15.166206359863281,-16.61806869506836,11.918059349060059,33.492427825927734,7.748000621795654,12.135239601135254,8.807802200317383,9.571318626403809,7.006893157958984,0.7324187755584717,6.632868766784668,-0.8112144470214844,7.078396797180176,-0.08335358649492264,6.210323810577393,-3.036015272140503,6.490748882293701,3.570666551589966,6.849615097045898,5.826170444488525,7.3181867599487305,3.3561205863952637,6.728919506072998,0.15379882060719785,0.040254627003253274,2861.347495848993,366.97622584729277
Jive/Albums-Latin_Jam2-12,Albums-Latin_Jam2-12.wav,Jive,Jive,30.143537414965987,-41.585506439208984,72.26959991455078,70.92418670654297,16.963245391845703,-23.319210052490234,11.019660949707031,30.206317901611328,8.749080657958984,10.73437786102295,9.128052711486816,7.238325595855713,6.7134599685668945,1.9003064632415771,6.5641961097717285,0.2434682548046112,9.013193130493164,3.391622304916382,6.692160129547119,-2.5632619857788086,5.568373203277588,-2.6775412559509277,6.12910795211792,-0.22495684027671814,5.784415245056152,3.4901809692382812,6.2640461921691895,0.15180622714588143,0.04212838804184475,2718.3261215287957,403.769038484117
Jive/Albums-Latin_Jam3-11,Albums-Latin_Jam3-11.wav,Jive,Jive,30.143537414965987,-33.75105285644531,87.67020416259766,72.11158752441406,20.446420669555664,-13.955013275146484,15.126511573791504,29.1042423248291,8.27812385559082,13.236268043518066,9.31994915008545,12.320683479309082,7.31732702255249,7.691024303436279,7.152958393096924,10.05885124206543,6.779901027679443,8.862586975097656,6.182307720184326,4.745222568511963,7.523510456085205,6.459412097930908,5.804440975189209,0.3062659502029419,6.605201244354248,4.055972576141357,5.16977596282959,0.10573300074576597,0.0547409686396861,2710.7401658083772,588.32230914849
Jive/Albums-Latin_Jam3-12,Albums-Latin_Jam3-12.wav,Jive,Jive,30.143537414965987,-44.184967041015625,67.71185302734375,76.94473266601562,19.31056785583496,-6.3363847732543945,16.364770889282227,16.360673904418945,11.139688491821289,3.8971188068389893,8.724953651428223,8.96804141998291,7.477129936218262,-2.0953667163848877,7.854326248168945,1.446223258972168,6.509454727172852,1.9084887504577637,6.084454536437988,-0.36248889565467834,7.234321117401123,4.338436603546143,6.924023151397705,-2.827357769012451,6.828684329986572,3.351292610168457,6.249236583709717,0.13012977230080833,0.042643795953599746,2789.396400665755,581.3083319382241
Jive/Albums-Latin_Jam4-05,Albums-Latin_Jam4-05.wav,Jive,Jive,30.143537414965987,-45.27250671386719,69.15443420410156,73.99163818359375,12.0682373046875,-12.840514183044434,13.717693328857422,25.591663360595703,8.318832397460938,12.222949028015137,7.905218601226807,15.705141067504883,7.670413017272949,5.378082275390625,6.017751216888428,6.374030113220215,6.384867191314697,9.161009788513184,6.251152038574219,0.6911745071411133,6.444335460662842,5.350654125213623,7.047792434692383,-2.68981671333313,6.403102874755859,2.082893133163452,5.528119087219238,0.11538510693321787,0.036096015485758436,2624.6905475854287,327.89149839286455
Jive/Albums-Latin_Jam4-10,Albums-Latin_Jam4-10.wav,Jive,Jive,30.143537414965987,-50.82870864868164,66.2712173461914,107.26581573486328,20.955074310302734,-3.6054022312164307,14.250558853149414,19.760208129882812,7.5472636222839355,10.654722213745117,6.141465187072754,12.079235076904297,6.794297695159912,3.6195502281188965,5.9017333984375,8.642152786254883,6.452856063842773,5.29681396484375,5.3588032722473145,-2.85982608795166,5.144237518310547,2.5390679836273193,6.3288469314575195,0.4745863378047943,6.5650200843811035,5.478790283203125,4.866889476776123,0.07109397553406467,0.03012154131312676,2000.63435465194,481.1027791422783
Jive/Albums-Latin_Jam5-04,Albums-Latin_Jam5-04.wav,Jive,Jive,30.047528344671203,-129.30215454101562,79.0516357421875,83.51624298095703,17.33245849609375,13.681916236877441,17.07475471496582,32.81019592285156,7.728431224822998,6.278420448303223,7.755681037902832,13.795074462890625,9.209067344665527,-0.5244340300559998,7.237660884857178,3.63927960395813,6.592446804046631,7.0658087730407715,6.526472091674805,-3.207355499267578,6.537887096405029,3.366447687149048,5.977360725402832,-3.6223912239074707,7.11032247543335,3.407288074493408,6.3305253982543945,0.09146205357142857,0.032598917657457344,2462.5500888720476,463.034632012664
Jive/Albums-Latin_Jam5-09,Albums-Latin_Jam5-09.wav,Jive,Jive,30.047528344671203,-64.40877532958984,64.77139282226562,104.99302673339844,17.017274856567383,-21.68008804321289,10.588325500488281,13.723651885986328,7.42189359664917,8.940836906433105,6.755008220672607,3.022977590560913,6.937038898468018,-1.1419540643692017,6.441994667053223,5.722023010253906,6.552497863769531,4.578806400299072,7.030056953430176,-3.020310163497925,5.819061756134033,2.7438740730285645,5.706925392150879,-2.393472194671631,7.000504493713379,4.963779926300049,6.638265609741211,0.1044616463561776,0.020961617584237643,2160.6885124009345,365.08284042640173
Jive/Albums-Macumba-14,Albums-Macumba-14.wav,Jive,Jive,30.09233560090703,-91.54969024658203,88.7895736694336,115.32725524902344,20.605953216552734,-24.44904136657715,15.299983978271484,0.1641736477613449,19.081924438476562,59.69151306152344,18.363189697265625,-41.13908386230469,15.577632904052734,37.906532287597656,12.249974250793457,-4.059919834136963,9.712934494018555,-20.833370208740234,9.721449851989746,43.43749237060547,12.234868049621582,-43.78292465209961,13.641199111938477,31.266185760498047,8.676846504211426,-7.023090839385986,7.862087726593018,0.11809511537905093,0.033460785448739094,2511.7988235199014,370.77206971044177
Jive/Albums-Macumba-15,Albums-Macumba-15.wav,Jive,Jive,30.09233560090703,-107.84495544433594,78.25301361083984,122.30340576171875,22.821062088012695,-20.459619522094727,15.970046997070312,-9.864489555358887,15.986665725708008,56.71187210083008,14.609838485717773,-42.23584747314453,17.94448471069336,35.24336624145508,13.712495803833008,-5.376364231109619,10.393789291381836,-17.974830627441406,10.289140701293945,35.137672424316406,12.973514556884766,-34.762107849121094,12.597009658813477,22.17000961303711,9.934479713439941,-9.585314750671387,8.10938549041748,0.09533879786361883,0.030259054849376535,2250.3297905301656,364.91198035743423
Jive/Albums-Macumba-16,Albums-Macumba-16.wav,Jive,Jive,30.09233560090703,-183.4219970703125,87.00263214111328,101.80410766601562,27.71156883239746,-36.22838592529297,26.05857276916504,-25.233064651489258,28.30961799621582,27.946630477905273,17.057384490966797,-43.741512298583984,21.88039779663086,26.562868118286133,13.053157806396484,-17.270029067993164,17.11166000366211,-35.605186462402344,15.433310508728027,27.71553611755371,13.066703796386719,-29.672203063964844,12.455228805541992,18.06182098388672,9.784772872924805,-14.73044490814209,11.422642707824707,0.1261182243441358,0.048567114162627247,2507.012605353706,620.1230492780082
Jive/Albums-Pais_Tropical-13,Albums-Pais_Tropical-13.wav,Jive,Jive,30.143537414965987,-96.8561019897461,95.50640869140625,80.99617767333984,17.432891845703125,-13.396332740783691,13.127245903015137,37.57709503173828,18.52720832824707,15.339872360229492,17.726581573486328,-0.02326313406229019,11.089677810668945,-1.1657865047454834,9.22757625579834,1.8355138301849365,8.894001007080078,-4.445789337158203,9.769545555114746,-7.59519624710083,9.129332542419434,2.840019464492798,8.367782592773438,-9.235893249511719,9.074996948242188,-0.6011909246444702,7.315949440002441,0.11158861684468822,0.0348499468499362,2413.458878966574,404.51236193116847
Jive/Albums-Pais_Tropical-14,Albums-Pais_Tropical-14.wav,Jive,Jive,30.143537414965987,-70.4005126953125,83.46788787841797,61.151702880859375,18.899505615234375,-18.167499542236328,13.873652458190918,29.022249221801758,12.78056812286377,2.753748893737793,13.294721603393555,8.603240013122559,9.581147193908691,7.203860759735107,8.550310134887695,-2.840101957321167,8.343579292297363,-3.8181166648864746,7.884835243225098,-5.299559593200684,6.987988471984863,-3.12863826751709,7.369271278381348,-3.3445935249328613,6.543312072753906,0.35813626646995544,6.397866249084473,0.1553722965983449,0.050995168387035876,2930.442100337325,492.2616599748399
Jive/Albums-Pais_Tropical-15,Albums-Pais_Tropical-15.wav,Jive,Jive,30.143537414965987,-79.70234680175781,77.71739959716797,66.66566467285156,18.832611083984375,-6.351276874542236,14.212849617004395,32.12577438354492,10.17846393585205,7.400973796844482,9.610923767089844,11.045772552490234,7.784659385681152,8.041278839111328,8.552854537963867,6.091900825500488,7.958566665649414,3.642500638961792,8.333945274353027,2.042415142059326,7.238248348236084,3.5142431259155273,7.596348762512207,-1.3390884399414062,7.67692756652832,2.0564117431640625,6.271716117858887,0.12362800110662048,0.05769425719139258,2780.859308822388,561.02127424149
Jive/Albums-Pais_Tropical-16,Albums-Pais_Tropical-16.wav,Jive,Jive,30.047528344671203,-107.11720275878906,68.07540130615234,85.09517669677734,24.744443893432617,-31.212265014648438,15.996354103088379,5.271487236022949,18.80660057067871,-1.3258229494094849,12.480021476745605,0.8158955574035645,10.478856086730957,-1.6263847351074219,13.901946067810059,-5.534664154052734,11.992989540100098,-4.350127220153809,9.957077026367188,-2.8913893699645996,9.906638145446777,-3.1228442192077637,10.777125358581543,-7.403809547424316,8.613920211791992,-4.5725016593933105,8.65455436706543,0.11391997466216217,0.053093435573413165,2339.6833557665564,595.1089499863871
Jive/Media-103515,Media-103515.wav,Jive,Jive,31.787936507936507,-112.23764038085938,127.34200286865234,112.35698699951172,36.42759704589844,-13.305685997009277,18.091325759887695,24.793216705322266,15.627049446105957,4.482429027557373,14.958316802978516,-1.7171294689178467,12.030584335327148,3.6299145221710205,12.819811820983887,6.992757320404053,9.242091178894043,-2.807218313217163,8.705107688903809,4.343568325042725,7.975884437561035,-2.9348955154418945,8.043360710144043,2.91715407371521,8.137866973876953,-3.257913827896118,7.72380256652832,0.08310625342403213,0.03297565674408662,1756.4956664588367,648.1605235652506
Jive/Media-103516,Media-103516.wav,Jive,Jive,31.787936507936507,-132.4222869873047,131.5292510986328,73.4434585571289,32.725677490234375,-4.993340492248535,21.99998664855957,30.910219192504883,15.662676811218262,10.740739822387695,13.785181999206543,12.830707550048828,10.212093353271484,0.8042327165603638,9.939826011657715,5.5709686279296875,8.24259090423584,-3.3223092555999756,8.911200523376465,5.676208019256592,8.280543327331543,-1.3101218938827515,8.685880661010742,2.545142412185669,10.340219497680664,-0.558455765247345,10.715587615966797,0.09784207507761139,0.04708778106325955,2233.958917730086,729.2379288036641
Jive/Media-103517,Media-103517.wav,Jive,Jive,31.787936507936507,-133.3114013671875,132.46563720703125,71.89429473876953,29.898740768432617,-10.487354278564453,23.619094848632812,23.079517364501953,16.595170974731445,14.325403213500977,14.593238830566406,1.154136061668396,13.550138473510742,-2.126508951187134,13.313194274902344,3.5127415657043457,9.692699432373047,-2.8653006553649902,11.679184913635254,4.257659912109375,10.486055374145508,-2.209399461746216,9.26291275024414,-0.9430710077285767,8.39601993560791,-0.19338467717170715,8.66834831237793,0.12659003492512783,0.06212386169316245,2457.650669738817,940.4222159066663
Jive/Media-103611,Media-103611.wav,Jive,Jive,31.787936507936507,-202.0074920654297,114.40191650390625,73.31864166259766,28.170652389526367,4.22183895111084,23.913633346557617,51.315006256103516,18.298954010009766,2.353949546813965,12.212259292602539,19.96704864501953,12.072555541992188,-11.674057960510254,10.548077583312988,17.109479904174805,11.343708992004395,-6.287469387054443,8.56233024597168,5.271915912628174,9.148118019104004,-6.058002948760986,9.160990715026855,-3.1892497539520264,8.485471725463867,-1.6695266962051392,8.217935562133789,0.10042793268352812,0.07666129286930504,2272.381300508191,835.6069313844314
Jive/Media-103612,Media-103612.wav,Jive,Jive,31.787936507936507,-120.97295379638672,128.47727966308594,81.40410614013672,30.866418838500977,-6.398714065551758,27.371912002563477,35.31422805786133,15.53031063079834,16.138471603393555,12.550840377807617,17.34265899658203,10.722044944763184,-3.318190336227417,8.696603775024414,8.41868782043457,10.206830024719238,-2.786649703979492,9.400196075439453,7.484688758850098,9.06514835357666,-0.2990012466907501,8.134455680847168,0.9239214658737183,7.57999849319458,-4.694662094116211,8.238102912902832,0.09025178049671292,0.03910536164133508,2119.870914103262,728.9303028116799
Jive/Media-103613,Media-103613.wav,Jive,Jive,31.787936507936507,-180.7820281982422,144.8374481201172,70.78266906738281,52.34854507446289,0.4752884805202484,31.969440460205078,5.584436416625977,18.569107055664062,-9.134803771972656,17.218103408813477,6.759976863861084,15.13632583618164,-16.407398223876953,13.064604759216309,-3.2123706340789795,11.342918395996094,-6.382654666900635,10.120309829711914,-4.57267427444458,9.399922370910645,-4.642811298370361,10.988694190979004,-3.389875650405884,9.188621520996094,-4.770314693450928,8.773694038391113,0.1469184424077794,0.10655567012320946,2657.199534604061,1373.8799538719109
Jive/Media-103614,Media-103614.wav,Jive,Jive,31.787936507936507,-216.6737518310547,147.6776580810547,41.138126373291016,34.019203186035156,16.398292541503906,18.174022674560547,25.867809295654297,19.114389419555664,5.047554969787598,16.406408309936523,9.547403335571289,13.310989379882812,-7.98789119720459,16.4824275970459,1.342769742012024,14.878482818603516,-3.85345721244812,12.624691009521484,0.28905054926872253,11.431221961975098,-3.6983227729797363,10.712080001831055,-5.564282417297363,10.695941925048828,-5.918288230895996,9.738208770751953,0.16067342152118336,0.13170491254517663,3109.5540661292457,1346.7815837995379
Jive/Media-103619,Media-103619.wav,Jive,Jive,31.787936507936507,-228.9516143798828,129.24349975585938,62.323890686035156,34.372650146484375,-22.937145233154297,25.998798370361328,15.487151145935059,14.455486297607422,10.347504615783691,15.884666442871094,4.018439292907715,11.821471214294434,-3.4661712646484375,12.988107681274414,2.8739068508148193,10.306892395019531,-12.418828010559082,14.151484489440918,0.42582207918167114,10.339345932006836,-4.297721862792969,10.100727081298828,-1.2861098051071167,8.961316108703613,-0.16458448767662048,8.348285675048828,0.1425549414490504,0.08741092026052812,2626.6119249064755,1088.422464656454
Jive/Media-103713,Media-103713.wav,Jive,Jive,31.787936507936507,-117.05003356933594,132.43508911132812,66.77515411376953,30.709285736083984,8.6246976852417,19.496557235717773,41.922264099121094,15.567800521850586,8.117879867553711,10.420801162719727,17.13948631286621,14.48739242553711,8.064948081970215,8.25243854522705,14.670750617980957,12.426857948303223,7.531431674957275,9.64252758026123,9.851011276245117,9.831809043884277,-1.4580730199813843,11.44722843170166,4.278017044067383,8.703782081604004,3.2633309364318848,10.567814826965332,0.09696003013148284,0.06674873087772039,2289.3339963850176,943.1616597524398
Jive/Media-103714,Media-103714.wav,Jive,Jive,31.787936507936507,-114.0685043334961,125.35591888427734,58.2591552734375,34.72581100463867,17.502437591552734,21.44931983947754,14.785361289978027,20.052154541015625,9.172867774963379,17.52783966064453,12.552181243896484,12.94563102722168,-8.693079948425293,16.13477897644043,-0.19373272359371185,14.238700866699219,-4.094740390777588,12.88454532623291,-2.261423110961914,14.71480655670166,-3.1590802669525146,12.65992546081543,2.28745436668396,10.788713455200195,-3.216181516647339,10.261738777160645,0.12830419101533966,0.0964165813779564,2909.8230231498146,1215.4292152442815
Jive/Media-103718,Media-103718.wav,Jive,Jive,31.787936507936507,-130.6332244873047,131.15553283691406,68.71295166015625,32.994956970214844,-23.9582576751709,29.725679397583008,33.101749420166016,18.603755950927734,-5.490664958953857,15.468990325927734,-1.9818958044052124,10.728404998779297,-1.4882255792617798,13.406522750854492,4.652879238128662,12.515872955322266,-8.119804382324219,11.847537994384766,-0.8242352604866028,10.329495429992676,-7.790480613708496,9.953123092651367,-4.121716499328613,9.172531127929688,-6.847561359405518,8.895560264587402,0.1291623390704894,0.07308037473805434,2450.764477403186,961.1975127280515
Jive/Media-103719,Media-103719.wav,Jive,Jive,31.787936507936507,-125.22735595703125,118.03901672363281,88.66039276123047,38.74550247192383,-5.332382678985596,19.256921768188477,30.094947814941406,17.229406356811523,18.06861114501953,14.339998245239258,8.256814956665039,10.376798629760742,10.214717864990234,11.631693840026855,7.731256484985352,10.312484741210938,0.8148058652877808,8.53508472442627,4.927977561950684,11.805548667907715,-6.302394866943359,8.589539527893066,-1.7111605405807495,10.120500564575195,-7.537586688995361,8.5824556350708,0.09527155428232287,0.0625521893130046,2048.58886885137,872.7114589838081
Jive/Media-103813,Media-103813.wav,Jive,Jive,31.787936507936507,-114.81778717041016,132.79859924316406,74.09148406982422,27.72969627380371,-3.8892996311187744,15.67814826965332,27.13046646118164,13.284582138061523,4.478659629821777,9.568818092346191,7.4376606941223145,7.885451316833496,7.782925605773926,7.562586784362793,1.3504054546356201,6.886224269866943,-6.394834995269775,7.8862504959106445,-3.9247982501983643,7.195711135864258,-6.624964237213135,8.443792343139648,6.210721969604492,8.542829513549805,0.09131452441215515,7.916567802429199,0.11934535358838569,0.05271912074325317,2380.0131372559117,754.634652837288
Jive/Media-103814,Media-103814.wav,Jive,Jive,31.787936507936507,-106.73833465576172,131.1143798828125,75.06753540039062,36.006649017333984,-3.5680294036865234,24.261783599853516,19.84162712097168,14.640625953674316,10.450505256652832,13.410459518432617,15.972745895385742,11.489809036254883,-2.5937178134918213,11.378629684448242,-3.29903507232666,10.386117935180664,-10.69603157043457,10.473091125488281,5.031960964202881,7.971755504608154,-3.83536958694458,8.587553024291992,-1.0980430841445923,7.747771263122559,-6.701354503631592,7.831528663635254,0.1144864379793645,0.06808018299770491,2385.0924856704933,1011.188589801792
Jive/Media-103819,Media-103819.wav,Jive,Jive,31.787936507936507,-171.17672729492188,113.93827056884766,68.9685287475586,25.43199348449707,24.925270080566406,22.47431182861328,26.93245506286621,18.27281951904297,14.776337623596191,12.666332244873047,24.56726837158203,15.858519554138184,6.068812847137451,19.07887077331543,10.443144798278809,11.24314022064209,-4.880383491516113,16.199600219726562,9.47557258605957,14.574844360351562,-1.8126294612884521,11.25556755065918,-1.5200196504592896,13.037873268127441,2.49774432182312,13.616353034973145,0.06684852081811542,0.05957552907400436,2061.8670864236733,879.3653901378165
Jive/Media-103917,Media-103917.wav,Jive,Jive,31.787936507936507,-147.82754516601562,133.57415771484375,70.15447235107422,37.0189094543457,19.287363052368164,27.59543228149414,35.80490493774414,20.020610809326172,18.21559715270996,14.483019828796387,12.180061340332031,14.612153053283691,3.8973867893218994,11.25635051727295,8.304734230041504,11.080525398254395,-3.9537017345428467,13.341595649719238,7.2012715339660645,13.204634666442871,-6.118595123291016,10.36972427368164,-2.5000643730163574,8.769084930419922,-1.4702447652816772,7.935933589935303,0.1037756374406501,0.07544757247545236,2412.2146051747077,1123.7889650010893
Jive/Media-103918,Media-103918.wav,Jive,Jive,31.787936507936507,-126.08696746826172,130.25650024414062,79.65410614013672,37.907196044921875,26.147050857543945,24.587297439575195,29.327497482299805,15.149202346801758,5.133124351501465,13.49098014831543,15.473260879516602,13.478281021118164,1.8236545324325562,8.725707054138184,7.876181125640869,8.238749504089355,-1.1706923246383667,9.221992492675781,8.484460830688477,7.408717632293701,2.7555887699127197,8.901134490966797,2.2026216983795166,7.490746021270752,2.993016481399536,7.551058292388916,0.07822023089390066,0.0461744384716036,2243.801855352372,994.8090916192779
Jive/Media-103919,Media-103919.wav,Jive,Jive,31.787936507936507,-113.46292877197266,139.52438354492188,81.87507629394531,36.70452117919922,-12.010936737060547,27.806245803833008,35.65790939331055,16.492122650146484,8.158430099487305,13.9647855758667,-0.6978774666786194,10.906984329223633,-9.678608894348145,12.101459503173828,4.269677639007568,8.356069564819336,-2.613001823425293,9.305865287780762,2.001683235168457,6.880824089050293,-0.5495266318321228,7.684698104858398,6.197150707244873,7.2740373611450195,-3.123176097869873,7.732024669647217,0.1237869652803141,0.06142462270277417,2314.112458814843,918.206412913877
Jive/Media-103920,Media-103920.wav,Jive,Jive,31.787936507936507,-65.34654998779297,137.4026641845703,72.46941375732422,26.245878219604492,-9.470416069030762,13.60494613647461,35.81041717529297,14.887162208557129,2.858828544616699,11.249861717224121,7.019054889678955,10.771464347839355,-8.11889934539795,9.26301383972168,9.416274070739746,8.69655704498291,-12.107203483581543,9.586661338806152,2.1757640838623047,8.803547859191895,-4.417932033538818,7.392685413360596,1.720931887626648,7.764815807342529,-4.786872386932373,8.29609203338623,0.1310184498265157,0.05193953768214136,2468.7193058957946,778.953750712933
Jive/Media-104015,Media-104015.wav,Jive,Jive,31.787936507936507,-195.86758422851562,131.41342163085938,105.44971466064453,42.948974609375,-11.606985092163086,23.03521728515625,30.364179611206055,13.9814453125,16.214672088623047,10.636835098266602,14.238911628723145,9.548466682434082,10.02967357635498,10.81753158569336,12.532691955566406,8.479897499084473,-0.30598676204681396,9.519562721252441,7.5305280685424805,9.253206253051758,0.027973584830760956,8.351452827453613,1.609165072441101,7.711450576782227,-3.0611510276794434,7.319838047027588,0.06603103314463112,0.04022297673268656,1652.4349724878487,764.7720111759601
Jive/Media-104016,Media-104016.wav,Jive,Jive,31.787936507936507,-151.83595275878906,139.35635375976562,70.04991912841797,43.35751724243164,-2.2202110290527344,37.86487579345703,25.6009464263916,23.955894470214844,-4.976493835449219,14.048688888549805,12.046661376953125,15.340720176696777,2.555232286453247,11.892979621887207,8.586380958557129,10.439993858337402,3.2545650005340576,10.17501449584961,5.5728373527526855,12.478687286376953,1.9570661783218384,9.271493911743164,6.872564792633057,9.52798080444336,-1.2230356931686401,8.144092559814453,0.12529389609203798,0.09956477954767537,2430.1905627411675,1116.4903477034138
Jive/Media-104017,Media-104017.wav,Jive,Jive,31.787936507936507,-142.95538330078125,121.24996948242188,84.16844940185547,32.9210205078125,3.7247791290283203,18.70796012878418,31.369863510131836,15.730731964111328,22.48959732055664,12.049346923828125,-2.978632688522339,11.741106033325195,1.983898639678955,10.918113708496094,6.584369659423828,8.889913558959961,-1.7592406272888184,9.818809509277344,2.2860822677612305,9.36376953125,-0.6196438670158386,8.779274940490723,2.891695022583008,9.556413650512695,-4.097104072570801,8.98136043548584,0.08882795379839299,0.054647514713443396,2132.0998639015124,872.0350533300472
Jive/Media-104116,Media-104116.wav,Jive,Jive,31.787936507936507,-93.68687438964844,118.99970245361328,66.64473724365234,28.884246826171875,-5.195951461791992,22.177974700927734,34.41285705566406,16.978729248046875,7.878220081329346,12.151472091674805,16.227455139160156,15.251325607299805,-2.4193711280822754,9.15427017211914,7.668332576751709,8.663692474365234,-7.655750751495361,9.689691543579102,4.684122562408447,7.929496765136719,-5.707327842712402,7.05230712890625,1.9980785846710205,7.0676045417785645,-6.775210857391357,7.417871952056885,0.13039499064097881,0.06643828189073234,2637.855744516777,877.8300433527864
Jive/Media-104117,Media-104117.wav,Jive,Jive,31.787936507936507,-151.12440490722656,146.240478515625,70.38141632080078,50.8511962890625,-14.045706748962402,36.40047073364258,5.002358436584473,20.395109176635742,0.2250969409942627,16.36208724975586,11.59418773651123,13.926409721374512,-3.124683380126953,13.505145072937012,2.6372365951538086,12.342263221740723,2.4000821113586426,11.292624473571777,4.551340579986572,11.029897689819336,-2.425422191619873,10.673507690429688,0.34904542565345764,9.22061538696289,-2.8946406841278076,10.089258193969727,0.1795127316928415,0.12022508870779676,2840.987606177227,1438.5830175462556
Jive/Media-104118,Media-104118.wav,Jive,Jive,31.787936507936507,-84.9751968383789,123.47138214111328,45.37639236450195,30.857275009155273,-3.2319953441619873,28.237133026123047,29.577030181884766,17.80372428894043,4.523137092590332,16.22406768798828,0.9402121901512146,15.668399810791016,3.2471837997436523,12.3568754196167,-4.772890567779541,14.698383331298828,-2.4279699325561523,14.726885795593262,0.3734400272369385,11.1229887008667,-13.002681732177734,13.1876802444458,-0.3084643483161926,9.39350700378418,-6.951062202453613,13.205988883972168,0.15680283852264426,0.07162204135063914,3064.0007228688783,962.4243497137812
Jive/Media-104119,Media-104119.wav,Jive,Jive,31.787936507936507,-90.69913482666016,119.60763549804688,74.70248413085938,24.91962432861328,-9.032493591308594,17.005455017089844,31.69416046142578,12.491277694702148,8.092536926269531,10.623970985412598,8.962101936340332,8.371777534484863,5.378314018249512,8.834982872009277,4.249297142028809,10.012847900390625,3.0929322242736816,9.006569862365723,6.661669731140137,9.831689834594727,3.1223926544189453,9.967024803161621,8.818466186523438,10.283803939819336,-2.2423653602600098,9.679438591003418,0.11783735276661797,0.047993505182273015,2375.330091484163,718.5761523653723
Jive/Media-105413,Media-105413.wav,Jive,Jive,31.787936507936507,-97.71331787109375,110.87419128417969,81.25957489013672,41.401039123535156,-5.820910453796387,28.616439819335938,33.46559524536133,15.124687194824219,12.068400382995605,14.207042694091797,7.984076976776123,17.47319793701172,-0.6738092303276062,10.537384986877441,9.404292106628418,9.80069351196289,-0.31418561935424805,12.907048225402832,9.505849838256836,9.522201538085938,-0.31622710824012756,10.903900146484375,0.8467685580253601,8.645174980163574,2.858978271484375,8.139881134033203,0.10962003230003653,0.06949338458452067,2381.2495156707155,986.4444292134428
Jive/Media-105414,Media-105414.wav,Jive,Jive,31.787936507936507,-82.52157592773438,117.89701080322266,78.45104217529297,28.062040328979492,5.791078567504883,23.362302780151367,30.134117126464844,14.906402587890625,4.281948566436768,10.874320983886719,6.571352005004883,10.471070289611816,0.14383235573768616,11.656365394592285,2.599705219268799,9.29194450378418,0.6262312531471252,9.953204154968262,4.018618106842041,8.443999290466309,-3.754626750946045,9.128647804260254,2.110541582107544,8.537821769714355,-2.8850185871124268,7.794863700866699,0.10362975940467495,0.06716374168123071,2391.122253599608,858.7104838994946
Jive/Media-105415,Media-105415.wav,Jive,Jive,31.787936507936507,-58.86829376220703,114.0316162109375,84.63350677490234,23.560762405395508,-3.628082752227783,14.862472534179688,19.19948387145996,12.849800109863281,5.061491966247559,10.984000205993652,0.4319238066673279,9.394556045532227,-2.498826265335083,9.067265510559082,0.33542007207870483,7.193887710571289,-0.20494873821735382,8.803812980651855,5.013556480407715,7.406248569488525,-3.226827621459961,6.568086624145508,2.4779410362243652,7.495541095733643,2.0264227390289307,7.105096340179443,0.1011519728131848,0.04394046010433911,2318.781167950699,635.3900928132391
Jive/Media-105420,Media-105420.wav,Jive,Jive,31.787936507936507,-168.36329650878906,136.52618408203125,67.77542877197266,39.5225715637207,1.293544888496399,31.648317337036133,13.32767391204834,23.02149772644043,-8.840444564819336,24.711349487304688,5.514233112335205,17.39762306213379,-9.027502059936523,16.498266220092773,9.840935707092285,17.04475975036621,-7.269174575805664,17.635757446289062,2.920644760131836,13.824015617370605,0.13088077306747437,14.156091690063477,7.11105489730835,11.88327693939209,1.7026853561401367,11.57713508605957,0.12495220621804237,0.1136955922490511,2468.474163473389,1281.5722341365088
Jive/Media-106015,Media-106015.wav,Jive,Jive,31.787936507936507,-76.52626037597656,112.57869720458984,82.27545166015625,30.20194435119629,-27.891189575195312,17.3284969329834,33.10069274902344,17.397733688354492,1.0555363893508911,13.8596773147583,13.577095031738281,11.328210830688477,-7.858891487121582,11.642630577087402,0.9664427042007446,9.389802932739258,-4.999122619628906,10.383007049560547,1.3581538200378418,7.9155473709106445,-7.0421576499938965,8.643769264221191,1.430698275566101,8.159420013427734,2.9430010318756104,8.956263542175293,0.11731661454528854,0.05475568063445537,2332.4219760279,698.0032376135354
Jive/Media-106016,Media-106016.wav,Jive,Jive,31.787936507936507,-106.42327880859375,107.07259368896484,36.45291519165039,28.257978439331055,-15.836645126342773,19.965503692626953,38.70320510864258,19.185379028320312,7.594090461730957,13.295454978942871,15.00925350189209,12.147687911987305,-0.6702150702476501,13.505634307861328,4.11991024017334,11.002570152282715,-3.50968861579895,12.635200500488281,7.290017127990723,10.094980239868164,-0.5066288709640503,9.688873291015625,3.780881881713867,9.712536811828613,2.9747908115386963,9.548962593078613,0.17201231795562455,0.07490953387185613,3081.7471312388607,827.6645522326191
Jive/Media-106017,Media-106017.wav,Jive,Jive,31.787936507936507,-104.66658782958984,126.49205017089844,43.73551559448242,23.93427276611328,1.7345932722091675,19.35747718811035,33.49861145019531,15.64774227142334,3.5078377723693848,12.61771297454834,13.303448677062988,10.131111145019531,-2.5542654991149902,8.532754898071289,5.0786662101745605,9.341989517211914,-0.29173746705055237,10.094121932983398,1.2751392126083374,8.84345817565918,2.0567128658294678,7.719185829162598,4.990148544311523,7.581974983215332,-1.533452033996582,7.0395989418029785,0.1673060571128561,0.09342742806704701,3210.426761459558,878.4188403924733
Jive/Media-106114,Media-106114.wav,Jive,Jive,31.787936507936507,-54.87005615234375,109.01151275634766,65.9326171875,25.617534637451172,7.323981761932373,21.483211517333984,21.83506202697754,13.207093238830566,3.3651092052459717,10.589288711547852,7.796422004699707,8.817641258239746,-4.739284992218018,9.586559295654297,10.390202522277832,8.405394554138184,-5.899764537811279,8.893956184387207,9.453392028808594,7.87858247756958,-3.7858047485351562,7.485287189483643,3.7631828784942627,7.363677501678467,0.8270015120506287,7.839404106140137,0.14616836536705624,0.06653115401723936,2929.809531628585,853.5712186623551
Jive/Media-106115,Media-106115.wav,Jive,Jive,31.787936507936507,-98.0661392211914,141.71180725097656,61.35609817504883,33.95798110961914,2.7542684078216553,30.396154403686523,48.53801345825195,15.9403715133667,18.34784698486328,12.07572078704834,15.740620613098145,10.243810653686523,7.296414375305176,10.425841331481934,3.9478540420532227,8.431705474853516,-3.9669480323791504,9.848550796508789,7.427547454833984,10.11806869506836,-1.885948657989502,8.336116790771484,0.3353513479232788,8.313814163208008,0.635667622089386,7.691975116729736,0.12726414125273922,0.06685216205710373,2554.100876564341,1002.004490640438
Jive/Media-106116,Media-106116.wav,Jive,Jive,31.787936507936507,-42.0404167175293,115.72118377685547,57.07843780517578,21.67782974243164,-20.986360549926758,17.892141342163086,32.3736686706543,17.950660705566406,10.129049301147461,10.108001708984375,13.6194486618042,8.44866943359375,-1.2794712781906128,8.32689094543457,6.378956317901611,8.6400728225708,-4.060551166534424,9.470499992370605,9.18471622467041,7.804100513458252,-3.451665163040161,8.7244234085083,3.8280062675476074,8.272069931030273,-0.6807080507278442,9.10162353515625,0.16699860756026297,0.05269456445556499,2843.8418282753537,612.9887384222673
Quickstep/Albums-AnaBelen_Veneo-11,Albums-AnaBelen_Veneo-11.wav,Quickstep,Quickstep,30.047528344671203,-154.6941375732422,81.70220947265625,93.68145751953125,22.694005966186523,-2.6840760707855225,13.341883659362793,20.597957611083984,10.727163314819336,-0.6036766767501831,8.747456550598145,6.7231764793396,7.905021667480469,0.3624188005924225,6.6214518547058105,-0.3440001606941223,6.544715881347656,1.0166425704956055,7.175715446472168,-1.9436564445495605,8.463668823242188,-1.8303433656692505,7.426851749420166,-5.7637176513671875,7.244142055511475,-1.883512258529663,7.30443000793457,0.09693155767374517,0.049823239814260456,2227.679707529159,594.2162651030574
Quickstep/Albums-Ballroom_Classics4-18,Albums-Ballroom_Classics4-18.wav,Quickstep,Quickstep,31.787936507936507,-144.79989624023438,140.04161071777344,83.70421600341797,31.325115203857422,2.8247640132904053,25.779985427856445,17.27225112915039,20.75777244567871,3.213850736618042,20.09650421142578,-0.8370411992073059,17.948638916015625,-10.280525207519531,16.213787078857422,-2.0173394680023193,10.985939025878906,-4.292619228363037,10.480210304260254,-3.498213768005371,10.545121192932129,-5.521505832672119,13.498586654663086,-4.653225421905518,11.946847915649414,-5.470078468322754,9.684915542602539,0.08615578204894084,0.04543999821078394,2113.0306715451025,796.2861950281628
Quickstep/Albums-Ballroom_Classics4-19,Albums-Ballroom_Classics4-19.wav,Quickstep,Quickstep,31.787936507936507,-147.2932891845703,131.5283966064453,63.04779815673828,31.836688995361328,15.635246276855469,21.615375518798828,35.72240447998047,18.53424835205078,15.233989715576172,14.774428367614746,12.095564842224121,15.88552474975586,2.774770975112915,12.643288612365723,8.699976921081543,12.792498588562012,-6.944942951202393,14.363302230834961,12.589672088623047,14.956006050109863,-9.554034233093262,12.70711898803711,7.565341949462891,11.666254997253418,-5.238642692565918,11.614689826965332,0.09432602207359386,0.06232901283915871,2531.9363694840104,1033.6015704536335
Quickstep/Albums-Ballroom_Classics4-20,Albums-Ballroom_Classics4-20.wav,Quickstep,Quickstep,31.787936507936507,-126.9539566040039,139.39393615722656,67.96626281738281,27.509119033813477,18.576784133911133,19.574731826782227,36.25764846801758,15.689894676208496,8.347029685974121,13.094193458557129,13.473010063171387,9.086231231689453,-0.4751635491847992,7.417869567871094,2.4962618350982666,7.479467391967773,-5.590999126434326,7.657198429107666,-1.1805258989334106,7.761037826538086,-3.60518479347229,7.786505699157715,4.566164970397949,7.965487957000732,-0.2221590131521225,7.845774173736572,0.10401710304054054,0.05538804769986306,2436.506285197457,866.7460746756842
Quickstep/Albums-Ballroom_Magic-15,Albums-Ballroom_Magic-15.wav,Quickstep,Quickstep,30.047528344671203,-189.0690155029297,100.13680267333984,72.28001403808594,54.06629180908203,0.678776741027832,13.360507011413574,28.66345977783203,14.220844268798828,10.932825088500977,13.729016304016113,9.714237213134766,10.967421531677246,2.7294771671295166,7.764481067657471,7.417122840881348,8.734535217285156,6.644250869750977,8.51283073425293,-0.3581039011478424,8.167163848876953,-1.0478451251983643,9.773818969726562,-1.6479030847549438,8.183259010314941,2.2964723110198975,7.626806259155273,0.13364578305984556,0.14060088138234436,2632.1160627577797,1417.760215542259
Quickstep/Albums-Ballroom_Magic-16,Albums-Ballroom_Magic-16.wav,Quickstep,Quickstep,30.047528344671203,-151.31158447265625,92.11622619628906,93.66839599609375,49.95024490356445,-16.24567413330078,16.57461166381836,12.530574798583984,12.863470077514648,6.0055012702941895,11.332319259643555,10.055017471313477,6.852429389953613,3.01059889793396,7.284834861755371,-2.3402762413024902,6.157759666442871,0.4220476448535919,6.972219944000244,-1.0260566473007202,6.085499286651611,3.284461736679077,7.302304267883301,-2.158320665359497,6.368964672088623,-1.340538501739502,5.372229099273682,0.14253363296332047,0.1189541580512069,2426.0249563963675,1207.5678746538238
Quickstep/Albums-Ballroom_Magic-17,Albums-Ballroom_Magic-17.wav,Quickstep,Quickstep,30.143537414965987,-165.93153381347656,78.05352020263672,94.26953887939453,22.53632164001465,21.2917423248291,17.811864852905273,33.008216857910156,17.109416961669922,4.362415313720703,11.2608642578125,11.315185546875,9.281822204589844,4.225796222686768,11.820359230041504,8.06411361694336,10.992834091186523,6.061282157897949,9.594779014587402,-2.6134588718414307,9.428908348083496,-2.8126566410064697,10.17939281463623,-5.668662071228027,8.879491806030273,-1.6059882640838623,8.42136287689209,0.0633141779734411,0.037582362057985146,2017.3137692466723,592.4374461408163
Quickstep/Albums-Chrisanne1-12,Albums-Chrisanne1-12.wav,Quickstep,Quickstep,30.143537414965987,-186.3289337158203,101.70663452148438,92.80364990234375,31.73921775817871,-7.682010650634766,22.106678009033203,23.80232048034668,18.637409210205078,4.725255966186523,14.500776290893555,2.732776641845703,11.815032958984375,0.9504604339599609,10.351981163024902,0.08069411665201187,9.362666130065918,4.305517673492432,9.535746574401855,1.2532695531845093,8.542155265808105,-1.446366548538208,9.812304496765137,-2.9438319206237793,8.050459861755371,-0.08580484241247177,7.692454814910889,0.10203198674461124,0.05700357016856083,2203.203417166198,757.1937778817587
Quickstep/Albums-Chrisanne1-13,Albums-Chrisanne1-13.wav,Quickstep,Quickstep,30.143537414965987,-200.4331512451172,83.8175048828125,103.14550018310547,27.83214569091797,-13.809203147888184,16.870929718017578,13.321024894714355,13.817051887512207,7.021334648132324,15.831244468688965,0.38938620686531067,9.266326904296875,-1.4464939832687378,10.778200149536133,-0.13392490148544312,8.208556175231934,1.8625729084014893,9.625449180603027,-0.020317988470196724,8.54246711730957,1.4394569396972656,8.927807807922363,-1.0090223550796509,9.745296478271484,1.6560335159301758,8.022398948669434,0.09214081444861431,0.04112198590096997,2024.2581331111717,569.5193781037024
Quickstep/Albums-Chrisanne1-14,Albums-Chrisanne1-14.wav,Quickstep,Quickstep,30.143537414965987,-144.62391662597656,91.63079071044922,95.50357818603516,31.253145217895508,-13.514360427856445,14.607178688049316,19.93954849243164,15.204947471618652,6.540788650512695,15.991625785827637,2.6385245323181152,10.19070816040039,-1.5861051082611084,9.93263053894043,-5.563621997833252,8.159736633300781,-2.5718307495117188,7.999533653259277,-1.086519479751587,6.840521812438965,-1.8450881242752075,8.027399063110352,-3.738494873046875,7.135379791259766,-1.4102044105529785,6.374631881713867,0.11466866038779831,0.0596192125732689,2246.827851628318,756.1108017417005
Quickstep/Albums-Chrisanne2-11,Albums-Chrisanne2-11.wav,Quickstep,Quickstep,30.143537414965987,-144.66259765625,92.14483642578125,112.72146606445312,25.43319320678711,-4.908440113067627,16.26349449157715,20.20648193359375,12.416637420654297,5.310182571411133,9.563141822814941,2.849752187728882,8.607688903808594,1.1971182823181152,8.020397186279297,-0.3930494785308838,8.86791706085205,-3.4278457164764404,7.117076873779297,-3.229461431503296,7.35699987411499,-2.1853134632110596,6.901691436767578,-4.137076377868652,7.035306453704834,-0.2029774934053421,6.298562049865723,0.08066564123845266,0.04090484814088991,1873.4542760986433,565.9491409682211
Quickstep/Albums-Chrisanne2-12,Albums-Chrisanne2-12.wav,Quickstep,Quickstep,30.047528344671203,-132.54734802246094,67.28125,96.90303039550781,20.444686889648438,-2.7575523853302,13.124341011047363,21.320323944091797,10.388690948486328,-0.5673167109489441,8.964016914367676,6.56491756439209,7.86482572555542,0.35926809906959534,6.777240753173828,-0.5718830823898315,6.792006492614746,1.200211524963379,7.337233543395996,-1.950843095779419,8.47439193725586,-1.8669111728668213,7.350718021392822,-6.0912251472473145,6.814539432525635,-2.3345630168914795,6.953996658325195,0.0953434181949807,0.04848718750871534,2194.6705468981754,534.6696037543378
Quickstep/Albums-Chrisanne3-13,Albums-Chrisanne3-13.wav,Quickstep,Quickstep,30.143537414965987,-143.42071533203125,84.87126922607422,102.94613647460938,24.36707878112793,-3.885106086730957,18.69121742248535,31.4456729888916,12.831079483032227,14.407979011535645,12.305739402770996,3.558262586593628,11.891878128051758,3.355045795440674,8.853869438171387,5.335018634796143,8.597086906433105,-0.08827760070562363,7.939653396606445,0.4948904812335968,8.544262886047363,4.755738258361816,7.623981475830078,0.08498198539018631,8.245706558227539,3.846729040145874,7.389315128326416,0.07662557436008469,0.03824025901470149,1915.2228864766823,508.9384170697936
Quickstep/Albums-Chrisanne3-14,Albums-Chrisanne3-14.wav,Quickstep,Quickstep,30.143537414965987,-110.17436218261719,86.5953140258789,105.31074523925781,24.697126388549805,0.776915967464447,14.59683895111084,22.43981170654297,10.099319458007812,-1.2449140548706055,9.30072021484375,-0.06083143129944801,8.736804008483887,-0.4631812870502472,6.0940446853637695,1.485201358795166,8.006918907165527,7.638383865356445,9.903334617614746,-0.4193687438964844,7.101086616516113,-6.6116790771484375,10.531302452087402,-2.428311347961426,8.76663875579834,4.270420074462891,8.715872764587402,0.07732773708140878,0.032563201700663666,1926.5237519544592,529.0229604266335
Quickstep/Albums-Chrisanne3-15,Albums-Chrisanne3-15.wav,Quickstep,Quickstep,30.143537414965987,-241.1465606689453,121.51688385009766,77.87005615234375,46.491764068603516,1.9925343990325928,23.564119338989258,21.09739875793457,17.596437454223633,6.995916366577148,14.80653190612793,9.464762687683105,10.726593971252441,-3.980226993560791,11.499475479125977,-2.4502429962158203,12.678962707519531,1.8071751594543457,10.594855308532715,-1.4388796091079712,8.903003692626953,-1.0171328783035278,11.402792930603027,-5.128322124481201,9.004467010498047,-0.03185642883181572,7.732884883880615,0.12090918795708237,0.10831083444589981,2541.26647434233,1175.5225981756903
Quickstep/Albums-Step_By_Step-15,Albums-Step_By_Step-15.wav,Quickstep,Quickstep,31.787936507936507,-164.8944549560547,125.68501281738281,71.6048355102539,32.324527740478516,-0.6020511984825134,19.31658172607422,28.683563232421875,17.263160705566406,3.5036323070526123,11.048921585083008,8.1422119140625,10.169412612915039,2.3017148971557617,9.251099586486816,1.4222562313079834,9.903606414794922,-5.686089515686035,11.644793510437012,6.085063457489014,10.869416236877441,-1.8346660137176514,10.529753684997559,6.873281002044678,11.09423542022705,2.104965925216675,9.150239944458008,0.10111880250182614,0.05674138933004546,2283.547733779991,787.0742108185857
Quickstep/Albums-Step_By_Step-16,Albums-Step_By_Step-16.wav,Quickstep,Quickstep,29.350022675736962,-102.67057800292969,94.42857360839844,73.58582305908203,22.934898376464844,-2.4442009925842285,22.413314819335938,24.58106231689453,15.223649024963379,4.39717435836792,11.113480567932129,2.5854852199554443,8.794088363647461,-7.158987998962402,8.205833435058594,7.7005534172058105,7.21558141708374,-1.8978654146194458,8.784258842468262,3.691072702407837,9.200889587402344,-0.7401837706565857,8.18270492553711,5.96633768081665,8.162378311157227,1.4111738204956055,7.794666767120361,0.11458706459980238,0.0506835327924701,2627.4028899463938,583.6107291476964
Quickstep/Albums-Step_By_Step-17,Albums-Step_By_Step-17.wav,Quickstep,Quickstep,31.787936507936507,-103.03449249267578,128.99623107910156,70.66167449951172,31.87200164794922,0.6769734025001526,26.59160804748535,23.23657989501953,16.545562744140625,12.88171672821045,14.318808555603027,11.422582626342773,11.749631881713867,-2.9432826042175293,10.818784713745117,4.969208717346191,10.498612403869629,-10.694414138793945,13.316705703735352,4.884937286376953,10.697697639465332,-2.6736862659454346,11.10588264465332,2.735093593597412,9.417559623718262,2.8703458309173584,9.283660888671875,0.11423141891891891,0.07288679766205589,2506.186737392768,1022.1247148351895
Quickstep/Albums-Step_By_Step-18,Albums-Step_By_Step-18.wav,Quickstep,Quickstep,31.787936507936507,-156.75216674804688,132.03475952148438,96.33231353759766,39.534420013427734,-9.456619262695312,23.27342414855957,23.672941207885742,15.531512260437012,9.248052597045898,8.189775466918945,16.57009506225586,10.17341423034668,4.547519207000732,7.204702854156494,8.694504737854004,9.414655685424805,0.8562085628509521,8.862197875976562,8.684686660766602,9.502657890319824,4.290533065795898,8.326083183288574,4.983583927154541,8.663522720336914,1.6024577617645264,7.656937122344971,0.06617584117056245,0.04943687390766864,1734.9035208392447,811.3827070687169
Quickstep/Media-100614,Media-100614.wav,Quickstep,Quickstep,29.95301587301587,-163.46255493164062,96.2572021484375,112.1595687866211,21.867067337036133,-15.71643352508545,16.10837173461914,2.4451546669006348,19.349712371826172,47.99829864501953,14.619168281555176,-46.18878936767578,14.252320289611816,30.836912155151367,14.345850944519043,-4.306795597076416,6.80750846862793,-24.966386795043945,11.539475440979004,35.107582092285156,13.444063186645508,-41.201847076416016,12.414961814880371,21.809072494506836,12.701253890991211,-12.00383186340332,9.480584144592285,0.10197507873062016,0.04178539554257608,2372.811239816481,420.16602955669595
Quickstep/Media-100615,Media-100615.wav,Quickstep,Quickstep,30.231655328798187,-115.11276245117188,80.12474060058594,111.1834945678711,18.944913864135742,-23.379608154296875,13.76116943359375,-4.808803081512451,16.370798110961914,53.567440032958984,14.612393379211426,-45.458866119384766,14.6049222946167,38.878501892089844,12.44782829284668,-7.7819342613220215,7.851528167724609,-25.980480194091797,9.070087432861328,46.759254455566406,13.291178703308105,-40.339111328125,11.297545433044434,23.343399047851562,10.49128532409668,-11.986835479736328,9.668129920959473,0.12721264160906298,0.033772992609507606,2614.605840612147,371.45008949219954
Quickstep/Media-100616,Media-100616.wav,Quickstep,Quickstep,29.95301587301587,-167.23193359375,102.80071258544922,109.34183502197266,21.117511749267578,-16.39681053161621,18.554101943969727,4.041308403015137,22.498287200927734,47.34218215942383,17.72833824157715,-32.244544982910156,18.868186950683594,32.39921188354492,10.630577087402344,-1.0637016296386719,8.219391822814941,-19.51175880432129,10.036831855773926,32.78158187866211,12.978917121887207,-36.7596549987793,14.14321231842041,18.425838470458984,10.306997299194336,-12.120431900024414,6.750941276550293,0.09362244125484497,0.04426559291012226,2246.3272439995008,581.1822429967116
Quickstep/Media-103312,Media-103312.wav,Quickstep,Quickstep,31.787936507936507,-134.2252655029297,137.96597290039062,93.99868774414062,36.9432487487793,-0.646351158618927,17.745195388793945,35.639320373535156,15.695022583007812,5.6667866706848145,10.326879501342773,11.009224891662598,9.43355655670166,0.495544970035553,8.218503952026367,8.970383644104004,7.566191673278809,-1.4660604000091553,8.433058738708496,2.8056247234344482,8.586601257324219,-4.063133239746094,8.8405179977417,1.7582595348358154,8.368635177612305,1.957301378250122,10.013642311096191,0.07784965074872169,0.049416810223167636,1886.1328597982006,818.0360918639124
Quickstep/Media-103313,Media-103313.wav,Quickstep,Quickstep,31.787936507936507,-188.1213836669922,128.32351684570312,87.37615203857422,29.14011001586914,0.6079495549201965,21.240888595581055,27.851736068725586,17.752330780029297,9.55848503112793,10.163509368896484,3.3368327617645264,8.381364822387695,2.9507625102996826,7.693174362182617,4.271096229553223,7.040400505065918,-3.013977289199829,7.355570316314697,-0.7493244409561157,8.540318489074707,0.6184907555580139,7.496829986572266,9.08349323272705,8.298080444335938,-0.5451124906539917,7.103927135467529,0.0857980420242878,0.03926990877355858,1980.8916940999147,632.4537562855687
Quickstep/Media-103314,Media-103314.wav,Quickstep,Quickstep,31.787936507936507,-125.88597869873047,128.05714416503906,87.31748962402344,30.402658462524414,-0.0833602026104927,19.337509155273438,27.942949295043945,14.411886215209961,2.8961966037750244,12.234333992004395,5.683320045471191,10.320233345031738,3.2497856616973877,9.985471725463867,4.776922702789307,8.575952529907227,-4.565632343292236,8.953683853149414,3.7725436687469482,7.804475784301758,-0.34330305457115173,8.044169425964355,1.4561409950256348,8.183124542236328,-0.4481821358203888,7.544525623321533,0.09552015328250547,0.046690526110361674,2122.651095578826,764.5605558313871
Quickstep/Media-104216,Media-104216.wav,Quickstep,Quickstep,31.787936507936507,-115.7685546875,140.15367126464844,52.405330657958984,45.98970031738281,3.5252459049224854,27.0028018951416,34.056427001953125,19.252643585205078,6.391814231872559,12.475688934326172,10.581255912780762,9.62735652923584,7.477851390838623,10.406438827514648,2.6469008922576904,9.527518272399902,-0.20833630859851837,9.224162101745605,5.421020984649658,8.859177589416504,4.56821870803833,8.93082332611084,7.871781349182129,10.683480262756348,-1.6988862752914429,9.49935531616211,0.15932592220598976,0.1488200280015944,2898.3201592382748,1421.181881349054
Quickstep/Media-104217,Media-104217.wav,Quickstep,Quickstep,31.787936507936507,-117.08719635009766,131.57359313964844,90.08871459960938,33.23910903930664,-10.130438804626465,24.083187103271484,30.67084503173828,14.230072975158691,4.854608535766602,10.974832534790039,11.611244201660156,9.65384578704834,3.5168323516845703,9.42210865020752,5.453369140625,10.138927459716797,1.1059948205947876,9.7495698928833,6.400944232940674,8.19064712524414,0.6072514057159424,8.157876014709473,8.001642227172852,7.732215881347656,0.16466324031352997,7.687963008880615,0.08327638502100074,0.058399361647506635,2051.9952672134486,840.5111201905562
Quickstep/Media-104218,Media-104218.wav,Quickstep,Quickstep,31.787936507936507,-81.19591522216797,134.9749755859375,66.00894165039062,29.317039489746094,-15.883747100830078,23.907011032104492,16.51175880432129,11.406112670898438,2.2733116149902344,9.434033393859863,3.426621675491333,8.822936058044434,3.9095897674560547,8.295424461364746,1.262402892112732,8.602120399475098,-3.745755672454834,8.524060249328613,4.532823085784912,8.637043952941895,-2.2731432914733887,8.509564399719238,1.4724780321121216,7.7052531242370605,1.8641467094421387,7.442802429199219,0.1520687574187363,0.060192097718663566,2730.358851320597,920.6642250307423
Quickstep/Media-104219,Media-104219.wav,Quickstep,Quickstep,31.787936507936507,-148.62762451171875,123.53079986572266,88.53263092041016,47.67647171020508,-18.177099227905273,19.806482315063477,25.117502212524414,15.985419273376465,3.521209716796875,9.000977516174316,13.436607360839844,8.98524284362793,6.815371036529541,8.832767486572266,8.864785194396973,10.462178230285645,6.922511100769043,8.793927192687988,8.451343536376953,8.590677261352539,1.3478014469146729,8.911543846130371,6.908874988555908,8.187129020690918,0.4214198887348175,7.202833652496338,0.09174801120799854,0.09011102678079132,2050.8376118004544,1096.5905030280235
Quickstep/Media-104314,Media-104314.wav,Quickstep,Quickstep,31.787936507936507,-149.11248779296875,115.4410629272461,86.77867126464844,31.01275062561035,0.7839161157608032,25.606775283813477,25.087886810302734,15.842350006103516,5.952571392059326,16.16646385192871,3.8149759769439697,12.924689292907715,-3.1912450790405273,10.936318397521973,7.745893478393555,8.756368637084961,-6.208860874176025,9.866636276245117,6.969079494476318,9.440141677856445,-4.163744926452637,8.262120246887207,2.8920810222625732,8.627730369567871,-2.106816530227661,8.482940673828125,0.09759240606738495,0.05817668507166229,2218.7768869088136,857.2995646333911
Quickstep/Media-104315,Media-104315.wav,Quickstep,Quickstep,31.787936507936507,-211.798828125,114.2823257446289,92.44796752929688,47.018394470214844,11.731412887573242,22.68144416809082,36.17021942138672,21.867321014404297,10.969549179077148,17.382442474365234,0.1103532537817955,13.03917121887207,-0.4835653603076935,12.121752738952637,-2.3530490398406982,9.007316589355469,-9.11622428894043,10.108447074890137,4.113109588623047,9.913165092468262,-11.13332748413086,9.817848205566406,-2.4166316986083984,11.907686233520508,-3.385213613510132,9.21865463256836,0.09637865800766983,0.07374100354174293,2033.3028797187126,1059.422737868728
Quickstep/Media-104316,Media-104316.wav,Quickstep,Quickstep,31.787936507936507,-153.9248809814453,107.54312133789062,101.92049407958984,35.476966857910156,-31.374845504760742,23.799922943115234,23.25186538696289,15.611100196838379,-2.1866538524627686,14.365716934204102,5.4784369468688965,14.574767112731934,3.2120795249938965,14.574947357177734,-2.3893167972564697,10.73121166229248,-1.3486741781234741,9.95532512664795,11.424572944641113,11.550541877746582,-10.154136657714844,9.507896423339844,-1.4236997365951538,8.862937927246094,-11.13782787322998,8.732763290405273,0.10885818514883126,0.03985728604880499,1988.712084809417,693.0221078838142
Quickstep/Media-104317,Media-104317.wav,Quickstep,Quickstep,31.787936507936507,-183.75083923339844,102.53229522705078,136.99546813964844,40.04944610595703,-11.674304962158203,22.519607543945312,27.520814895629883,15.35019302368164,-3.7784461975097656,11.352566719055176,-2.401522397994995,9.76944351196289,-14.927067756652832,11.612227439880371,-0.3273422122001648,10.628168106079102,-17.63068199157715,12.52849006652832,0.6140078902244568,10.356310844421387,-8.14444637298584,10.458019256591797,-4.042332172393799,9.335719108581543,4.687389373779297,8.792693138122559,0.05762610425036523,0.034466021608539225,1317.1830957201735,575.3298226012629
Quickstep/Media-104415,Media-104415.wav,Quickstep,Quickstep,31.787936507936507,-105.3393783569336,115.73737335205078,108.55937194824219,33.09619140625,-15.638212203979492,14.1091890335083,27.769550323486328,13.142937660217285,-0.15982632339000702,11.622031211853027,12.06969165802002,8.693796157836914,-1.1068252325057983,7.13566780090332,2.4413578510284424,6.368276119232178,-4.464890003204346,6.698166847229004,0.15202683210372925,6.458937644958496,-6.128232955932617,6.4991302490234375,-0.8835468888282776,5.5774712562561035,-8.712859153747559,6.086286544799805,0.07399904127100074,0.03150058925679243,1797.8625774838931,628.2202740622835
Quickstep/Media-104416,Media-104416.wav,Quickstep,Quickstep,31.787936507936507,-222.6392059326172,118.53340148925781,47.6514892578125,42.2221565246582,-21.977537155151367,30.064992904663086,25.31731605529785,21.070898056030273,-8.64604663848877,16.062545776367188,-2.251037836074829,18.194576263427734,-1.8061991930007935,15.72434139251709,-4.322727680206299,14.312098503112793,0.32284700870513916,11.986640930175781,-2.3229100704193115,10.066201210021973,-11.741479873657227,11.171286582946777,-8.803974151611328,11.38385009765625,-9.431987762451172,10.521795272827148,0.1604669095827246,0.0912308961235858,2868.638377699912,1069.8289691172035
Quickstep/Media-104417,Media-104417.wav,Quickstep,Quickstep,31.787936507936507,-124.2303466796875,110.45052337646484,84.66914367675781,30.249893188476562,-12.329578399658203,21.28740882873535,36.15321350097656,13.396402359008789,-5.6770195960998535,13.079280853271484,4.671390056610107,11.839115142822266,-9.086136817932129,10.577713966369629,3.6106667518615723,8.133149147033691,-14.730514526367188,10.767902374267578,3.2564351558685303,8.675549507141113,-2.472886562347412,10.102832794189453,-0.3221873939037323,8.477388381958008,-3.409341335296631,8.613557815551758,0.11557428152392257,0.07293210750396417,2225.4112667212225,799.730033103214
Quickstep/Media-104418,Media-104418.wav,Quickstep,Quickstep,31.787936507936507,-220.23094177246094,104.74830627441406,94.09199523925781,40.17435073852539,12.232306480407715,27.741317749023438,28.790916442871094,20.56521987915039,-8.585871696472168,16.724279403686523,-0.2710273563861847,15.151358604431152,-0.19217398762702942,16.64697265625,-5.904000282287598,12.873882293701172,0.7624058723449707,14.922143936157227,0.5280765891075134,14.995575904846191,-9.02591323852539,14.632157325744629,3.841811180114746,12.531561851501465,-12.691762924194336,12.274358749389648,0.08431429476351351,0.06255547936086321,1904.4530284316106,920.0840415954347
Quickstep/Media-104514,Media-104514.wav,Quickstep,Quickstep,31.787936507936507,-205.35409545898438,111.08013916015625,62.86195373535156,39.9417839050293,8.259020805358887,29.412635803222656,23.929582595825195,21.702070236206055,2.811493158340454,18.006641387939453,5.495891094207764,15.470497131347656,-3.2034976482391357,14.990982055664062,-0.5344933271408081,15.130804061889648,-11.378825187683105,16.65071678161621,2.310028076171875,14.775943756103516,0.6204500794410706,15.392946243286133,5.501639366149902,15.536955833435059,0.089919812977314,13.921236991882324,0.12627545197224252,0.08859211512971103,2655.738947133317,1268.7437806772668
Quickstep/Media-104515,Media-104515.wav,Quickstep,Quickstep,31.787936507936507,-198.03143310546875,118.24254608154297,90.52505493164062,40.513736724853516,-23.36494255065918,26.506603240966797,22.826807022094727,21.185453414916992,-1.8146164417266846,16.68212127685547,1.3130567073822021,13.92951488494873,-0.47525155544281006,14.680256843566895,-4.114485263824463,13.604241371154785,-5.060203552246094,12.181172370910645,4.755715847015381,11.054948806762695,-10.538858413696289,12.422720909118652,2.041923761367798,10.429810523986816,-14.215926170349121,13.31710147857666,0.09768870697132943,0.05628573180253646,2048.159460173683,822.7003570664389
Quickstep/Media-104516,Media-104516.wav,Quickstep,Quickstep,31.787936507936507,-146.3763885498047,114.36912536621094,113.87293243408203,34.889442443847656,-19.571556091308594,23.622852325439453,20.35035514831543,17.467195510864258,-6.050487995147705,14.020974159240723,1.7058000564575195,10.985926628112793,-9.231115341186523,12.678512573242188,8.411014556884766,8.981415748596191,-11.786919593811035,11.546643257141113,5.120248317718506,11.346844673156738,-5.681412220001221,8.36496353149414,-0.6087459921836853,7.545414447784424,0.9168010950088501,8.812410354614258,0.09009769905040176,0.05383985792403663,1796.660314684578,673.3759048958344
Quickstep/Media-104615,Media-104615.wav,Quickstep,Quickstep,31.787936507936507,-286.2191162109375,94.170166015625,97.23394012451172,42.00625991821289,36.6771240234375,34.09284210205078,41.00550079345703,21.123836517333984,12.676238059997559,13.77836799621582,12.905159950256348,14.147640228271484,5.846701622009277,13.644490242004395,2.0796570777893066,11.238419532775879,11.88305377960205,13.76022720336914,7.4120330810546875,11.442721366882324,-1.6093569993972778,10.2339448928833,2.785580635070801,12.774955749511719,-5.642496585845947,13.692347526550293,0.04838799420197224,0.038352969589206004,1503.0268432197265,954.0851002782008
Quickstep/Media-104616,Media-104616.wav,Quickstep,Quickstep,31.787936507936507,-177.6044158935547,105.35736083984375,143.1839599609375,43.19908142089844,-14.911088943481445,26.183584213256836,35.91337585449219,20.87606430053711,7.218827247619629,16.026611328125,-1.4153395891189575,11.75546932220459,3.8139288425445557,12.840530395507812,2.6815099716186523,10.893340110778809,-1.4872887134552002,8.97926139831543,2.282351493835449,10.862919807434082,-4.182938098907471,9.132914543151855,2.5430421829223633,8.949689865112305,-3.2877869606018066,7.874813556671143,0.05437933710737765,0.02710307452201734,1245.4120271648974,573.2461978561918
Quickstep/Media-104617,Media-104617.wav,Quickstep,Quickstep,31.787936507936507,-146.0790252685547,109.2381362915039,124.94691467285156,39.224403381347656,-21.396751403808594,21.581802368164062,27.211380004882812,15.752604484558105,1.690467357635498,15.217375755310059,7.626444339752197,12.805562973022461,-11.57836627960205,12.730813980102539,-5.160712242126465,11.859197616577148,-18.853727340698242,11.534470558166504,-1.7852199077606201,8.479204177856445,-5.648211479187012,9.106531143188477,-0.9860692024230957,9.043843269348145,-8.23428726196289,8.271921157836914,0.062380515545105916,0.02657831329376725,1528.921664516214,589.2942459877398
Quickstep/Media-104618,Media-104618.wav,Quickstep,Quickstep,31.787936507936507,-214.95396423339844,97.75200653076172,106.89771270751953,40.35499954223633,-7.976281642913818,29.14346694946289,32.63776779174805,21.57685089111328,-3.170929193496704,16.60614776611328,3.542006015777588,15.3929443359375,10.87951374053955,18.034269332885742,-8.770727157592773,11.923844337463379,-3.040052652359009,11.333654403686523,2.7871735095977783,11.94933032989502,-17.08832359313965,13.577729225158691,0.7908809781074524,11.779455184936523,-6.505373001098633,12.924784660339355,0.10022819747534698,0.0744932889607696,1909.175009929562,1030.5337317136887
Quickstep/Media-104716,Media-104716.wav,Quickstep,Quickstep,31.787936507936507,-188.4638671875,108.42106628417969,126.93690490722656,40.64597702026367,-4.128503799438477,23.18817710876465,27.167943954467773,19.374181747436523,6.044508934020996,15.759614944458008,1.9763567447662354,13.862420082092285,-0.7258536219596863,12.5659818649292,3.5981547832489014,8.871715545654297,-10.313066482543945,10.725428581237793,1.2227654457092285,10.40447998046875,-3.1641533374786377,8.441316604614258,1.590317964553833,7.724245548248291,-0.6379106044769287,9.079994201660156,0.06074340017804967,0.035780374332168075,1410.5248498295898,666.2752431595925
Quickstep/Media-104717,Media-104717.wav,Quickstep,Quickstep,31.787936507936507,-207.733154296875,106.48512268066406,100.81820678710938,37.87461853027344,-12.233733177185059,26.010133743286133,31.215246200561523,18.439044952392578,0.2359752058982849,14.099323272705078,9.46351432800293,12.696905136108398,3.0285682678222656,11.872151374816895,6.406097888946533,12.263590812683105,-3.7267425060272217,11.3622407913208,2.3301198482513428,10.144888877868652,-2.3539986610412598,9.729090690612793,-1.3957371711730957,9.999165534973145,-3.8945887088775635,9.541939735412598,0.0806830373447772,0.04092177049830654,1790.705977247894,726.4153682778148
Quickstep/Media-104718,Media-104718.wav,Quickstep,Quickstep,31.787936507936507,-168.19908142089844,124.58750915527344,87.80335998535156,38.86653137207031,-22.100969314575195,28.856199264526367,24.956357955932617,16.642608642578125,1.2710180282592773,15.672998428344727,0.37079164385795593,13.795827865600586,-7.182767868041992,15.29003620147705,4.48714542388916,11.806591987609863,-6.797472953796387,12.25020980834961,-2.215057134628296,10.432397842407227,0.018210768699645996,10.592852592468262,1.9495981931686401,9.950693130493164,-8.439505577087402,11.504304885864258,0.12022882521457268,0.06501987778247584,2214.869628237233,859.0095833095
Quickstep/Media-104815,Media-104815.wav,Quickstep,Quickstep,31.787936507936507,-169.03289794921875,132.94276428222656,66.50743865966797,38.08369827270508,5.442661762237549,21.325620651245117,22.794464111328125,20.860326766967773,-6.938968181610107,12.980085372924805,9.15053939819336,9.564430236816406,-0.2972593903541565,11.167119979858398,3.3463869094848633,11.004327774047852,-2.306086540222168,13.229804039001465,2.6092283725738525,9.988873481750488,-8.305859565734863,8.933110237121582,8.811762809753418,11.241765022277832,-6.58384895324707,8.338849067687988,0.1451193988540906,0.10632272799947885,2668.73016038177,1246.3427603416208
Quickstep/Media-104816,Media-104816.wav,Quickstep,Quickstep,31.787936507936507,-241.4055633544922,124.79061889648438,57.8759765625,55.13917541503906,30.455909729003906,32.306968688964844,43.29180908203125,20.096054077148438,6.568119525909424,14.318683624267578,18.898826599121094,17.168916702270508,12.134588241577148,11.939120292663574,12.549775123596191,9.653128623962402,5.165565013885498,11.271454811096191,13.996313095092773,11.47860336303711,2.385547637939453,8.944852828979492,6.276737213134766,10.576744079589844,2.2383179664611816,9.100579261779785,0.1262594018215851,0.11953591655347379,2623.8427481693857,1489.7393195362806
Quickstep/Media-104915,Media-104915.wav,Quickstep,Quickstep,31.787936507936507,-198.10842895507812,115.75370025634766,60.13174057006836,37.46011734008789,15.947335243225098,30.396713256835938,38.25001525878906,24.8889102935791,5.466948986053467,20.5622501373291,8.365283966064453,15.5797758102417,3.846007823944092,15.808082580566406,1.8305089473724365,13.720267295837402,-4.298776626586914,13.447911262512207,1.1856927871704102,15.894977569580078,-8.823779106140137,11.840063095092773,-0.18373748660087585,12.59642219543457,-5.8228349685668945,12.63989543914795,0.12905248470598976,0.09613372991006919,2654.049576004196,1184.0422417478474
Quickstep/Media-104916,Media-104916.wav,Quickstep,Quickstep,31.787936507936507,-123.08448028564453,121.21847534179688,83.26435089111328,34.69416809082031,-5.367368221282959,24.45377540588379,22.30813217163086,15.344470977783203,4.782472133636475,13.473848342895508,8.826096534729004,11.34511947631836,-4.257589340209961,12.025999069213867,0.01986410655081272,8.734343528747559,-11.099333763122559,10.78137493133545,-0.23406799137592316,8.965275764465332,-3.947324752807617,8.45297622680664,-3.2577412128448486,8.512824058532715,-4.778937339782715,8.85762882232666,0.11746284925127831,0.06206114932086381,2336.023002289952,914.4443877849004
Quickstep/Media-104917,Media-104917.wav,Quickstep,Quickstep,31.787936507936507,-92.25730895996094,115.05321502685547,76.23529815673828,31.936906814575195,-8.344366073608398,25.897499084472656,17.36964225769043,18.6002254486084,-3.2556190490722656,15.870165824890137,9.429734230041504,10.642878532409668,0.8387653827667236,10.14690113067627,-7.3446173667907715,12.13526439666748,-8.830514907836914,11.228487014770508,-1.194006323814392,10.384455680847168,-4.167716026306152,10.102152824401855,-1.728040337562561,9.681447982788086,-5.863020896911621,9.371950149536133,0.129820751917458,0.08871128578557065,2543.7593248685625,1014.9926888023697
Quickstep/Media-104918,Media-104918.wav,Quickstep,Quickstep,31.787936507936507,-161.1708526611328,115.0443344116211,104.44027709960938,49.407222747802734,-15.937578201293945,21.59101676940918,13.892400741577148,17.915637969970703,17.001115798950195,17.588024139404297,3.338230609893799,12.78476619720459,2.4294273853302,10.882128715515137,9.480722427368164,12.220762252807617,-9.155345916748047,11.917280197143555,5.807337760925293,11.686336517333984,-0.4082220792770386,9.277636528015137,5.903329372406006,10.040806770324707,0.8016483783721924,8.780330657958984,0.09493450111851716,0.06958150288149405,1947.093122875933,1005.6772287217528
Quickstep/Media-105016,Media-105016.wav,Quickstep,Quickstep,31.787936507936507,-138.8949432373047,104.65100860595703,88.87335205078125,26.11712646484375,-8.445693016052246,18.02269172668457,48.59270095825195,16.837657928466797,11.779877662658691,9.504549980163574,6.315894603729248,9.493864059448242,6.356019496917725,8.173693656921387,10.00191593170166,8.513579368591309,2.4866373538970947,8.913284301757812,3.068847894668579,9.15848159790039,-4.413656711578369,9.60313606262207,0.12617161870002747,8.520101547241211,-2.1863722801208496,8.415275573730469,0.07259732811358656,0.03816117594332844,1837.9221079271924,559.8461383011999
Quickstep/Media-105017,Media-105017.wav,Quickstep,Quickstep,31.787936507936507,-109.67627716064453,120.66924285888672,92.74749755859375,36.141387939453125,-1.6180071830749512,25.6038818359375,33.78396987915039,19.086862564086914,-0.24090251326560974,12.686819076538086,6.191376209259033,10.7700834274292,-0.03529169410467148,10.838674545288086,4.568833351135254,8.915307998657227,-4.505251407623291,9.904447555541992,4.377276420593262,9.463837623596191,-1.0727592706680298,8.29631233215332,0.5189171433448792,8.856168746948242,2.9226739406585693,9.161040306091309,0.09191065273466034,0.05008570364563898,2116.928044051791,879.9262789986142
Quickstep/Media-105018,Media-105018.wav,Quickstep,Quickstep,31.787936507936507,-176.26974487304688,134.2240753173828,72.95539855957031,44.76198959350586,10.406068801879883,23.033964157104492,10.463446617126465,14.130147933959961,2.3915929794311523,11.987263679504395,3.121351718902588,9.30142879486084,-7.389379024505615,8.501508712768555,-2.6368465423583984,8.438091278076172,-3.1948277950286865,10.270890235900879,0.25244250893592834,8.47999382019043,-6.889648914337158,9.37171459197998,0.6706368923187256,8.559926986694336,-6.087501049041748,7.794900894165039,0.16218427570306793,0.16204661889632674,2798.514773276927,1571.1658040417267
Quickstep/Media-105019,Media-105019.wav,Quickstep,Quickstep,31.787936507936507,-142.85763549804688,116.58305358886719,65.42056274414062,33.32963180541992,15.17736530303955,29.35309600830078,16.53499412536621,18.001855850219727,7.0571699142456055,16.334875106811523,9.587377548217773,12.145227432250977,4.996920585632324,13.488675117492676,3.3079254627227783,11.059915542602539,2.9776499271392822,12.10169792175293,4.4582319259643555,10.211050987243652,-6.272109031677246,11.623140335083008,7.237534523010254,10.581314086914062,-5.2126264572143555,12.230987548828125,0.11410836776387874,0.07860809691326517,2690.9134059960043,1067.449666905088
Quickstep/Media-105020,Media-105020.wav,Quickstep,Quickstep,31.787936507936507,-157.84495544433594,109.60035705566406,97.33687591552734,32.29156494140625,14.441400527954102,19.15296173095703,19.964107513427734,13.871252059936523,12.899142265319824,12.866891860961914,5.619880199432373,10.381710052490234,-3.0484306812286377,9.657365798950195,8.658594131469727,11.477109909057617,-2.647127866744995,11.491321563720703,-1.6354632377624512,9.834715843200684,3.9107625484466553,9.353246688842773,8.946589469909668,10.885592460632324,-3.453556537628174,8.719917297363281,0.06660348851807889,0.03809609122475369,1882.6481790005378,741.5711313271386
Quickstep/Media-105119,Media-105119.wav,Quickstep,Quickstep,31.787936507936507,-147.23367309570312,110.8739242553711,106.37138366699219,40.94858169555664,-3.9108309745788574,31.678874969482422,28.790172576904297,19.897663116455078,-0.6285108923912048,14.37796688079834,4.1085638999938965,16.34369659423828,14.350777626037598,15.598374366760254,16.692258834838867,13.136399269104004,6.937704563140869,14.654611587524414,17.66762924194336,13.933492660522461,-9.005311965942383,12.544546127319336,-8.2584867477417,11.40829849243164,-1.8909538984298706,10.091495513916016,0.08683559509678597,0.05835040090206496,1755.138532883395,880.984461697926
Quickstep/Media-105120,Media-105120.wav,Quickstep,Quickstep,31.787936507936507,-125.13116455078125,120.76378631591797,84.55735778808594,34.03938293457031,-6.377101421356201,20.52230453491211,39.635520935058594,17.48556900024414,5.177178859710693,11.471476554870605,18.91071319580078,10.727899551391602,7.551050662994385,12.855889320373535,11.522655487060547,8.439621925354004,9.975318908691406,10.10413932800293,8.800405502319336,10.011472702026367,-1.8400076627731323,11.150215148925781,1.7247192859649658,8.500028610229492,4.549941062927246,7.533061981201172,0.08869883925310446,0.05625159369972974,2020.3744308267067,840.6766359547591
Quickstep/Media-105121,Media-105121.wav,Quickstep,Quickstep,31.787936507936507,-112.48479461669922,118.23912048339844,68.00847625732422,31.191162109375,-4.117040634155273,27.272775650024414,28.360225677490234,23.551733016967773,-7.40407657623291,15.083075523376465,5.443479537963867,14.009716033935547,5.057002067565918,15.662565231323242,4.43580961227417,9.320258140563965,-0.6737576723098755,9.727725982666016,9.821223258972168,10.424783706665039,-10.788311004638672,11.708252906799316,1.805875539779663,8.968679428100586,-0.6155309677124023,8.111775398254395,0.14511761550401753,0.07766241129349066,2612.6641695124163,960.1055402380307
Quickstep/Media-105122,Media-105122.wav,Quickstep,Quickstep,31.787936507936507,-119.08952331542969,111.17314910888672,89.17437744140625,36.41297149658203,-3.924809217453003,24.719701766967773,32.958797454833984,21.497081756591797,6.993809700012207,18.75286293029785,4.292962551116943,14.005935668945312,6.7318291664123535,12.536995887756348,6.593203544616699,11.210269927978516,-4.532955169677734,14.299777030944824,5.808926105499268,12.672335624694824,-1.7196266651153564,11.56127643585205,4.0064473152160645,10.017242431640625,3.8528778553009033,9.551668167114258,0.08763275257943755,0.061357919767510566,2043.8426750380388,860.6714970170483
Quickstep/Media-105207,Media-105207.wav,Quickstep,Quickstep,30.71950113378685,-167.69577026367188,101.14008331298828,106.67605590820312,27.720834732055664,-3.4797072410583496,19.342967987060547,19.474315643310547,19.1761417388916,1.6736009120941162,13.445906639099121,2.2991368770599365,11.41643238067627,-3.14958119392395,11.097176551818848,-0.5085038542747498,9.441532135009766,1.3866900205612183,9.673208236694336,-3.452681064605713,9.517135620117188,9.049600601196289,8.704944610595703,-1.2271932363510132,7.5537214279174805,2.875577211380005,6.041475296020508,0.07824421001039304,0.05000331875955883,1916.6976396071211,664.6688995488141
Quickstep/Media-105313,Media-105313.wav,Quickstep,Quickstep,31.787936507936507,-117.3588638305664,112.60966491699219,78.79589080810547,35.734107971191406,-2.6320254802703857,21.47789764404297,28.28553009033203,17.109121322631836,3.803988456726074,17.7523250579834,8.566352844238281,12.897345542907715,2.570112466812134,13.27617359161377,8.044297218322754,12.96937370300293,7.16877555847168,14.937409400939941,4.172473430633545,11.216957092285156,-3.4403772354125977,10.915074348449707,-0.6246278285980225,11.046650886535645,3.7057981491088867,9.994990348815918,0.1042714087609569,0.06794261858574424,2314.277108761531,961.125842593232
Quickstep/Media-105314,Media-105314.wav,Quickstep,Quickstep,31.787936507936507,-181.37545776367188,113.7470703125,37.16561508178711,38.00292205810547,26.546663284301758,34.19063949584961,26.73114776611328,19.10479736328125,1.9178235530853271,14.809562683105469,9.755640983581543,19.368925094604492,5.780378341674805,13.370161056518555,10.831984519958496,13.065529823303223,3.181495189666748,13.569387435913086,6.571258544921875,13.770591735839844,-1.4423195123672485,12.656694412231445,0.16940617561340332,11.843932151794434,-3.4274935722351074,10.654945373535156,0.15190433254200147,0.11437194118756143,3326.127083995851,1355.0676535574478
Quickstep/Media-105315,Media-105315.wav,Quickstep,Quickstep,31.787936507936507,-87.87593841552734,117.63619232177734,89.90727996826172,25.55899429321289,-11.69013786315918,18.354703903198242,3.8120334148406982,12.559428215026855,-5.269830703735352,9.440146446228027,5.831230163574219,9.505706787109375,6.406007289886475,10.323224067687988,5.4262518882751465,7.898768901824951,3.3049917221069336,7.744933128356934,2.8731253147125244,7.047389507293701,-4.412060737609863,7.136714458465576,-0.8190869092941284,8.01930046081543,-0.7263949513435364,7.522213935852051,0.10743257510043827,0.03795215096029538,2228.498196828071,655.1854781240417
Quickstep/Media-105320,Media-105320.wav,Quickstep,Quickstep,31.787936507936507,-130.45822143554688,112.91105651855469,99.59193420410156,31.76702308654785,-25.373279571533203,26.595706939697266,5.645308017730713,21.347517013549805,-4.957483291625977,19.514232635498047,3.6983413696289062,13.643021583557129,5.423844337463379,11.312201499938965,15.958512306213379,12.503588676452637,3.801454544067383,13.045232772827148,6.184082508087158,11.269063949584961,-4.38690185546875,12.157818794250488,0.8920563459396362,12.853889465332031,1.5360777378082275,13.119004249572754,0.0957687522826881,0.03828918469775524,1899.0462635907259,613.1472010963367
Quickstep/Media-105516,Media-105516.wav,Quickstep,Quickstep,31.787936507936507,-102.62999725341797,110.1251220703125,99.14739227294922,38.88774108886719,-2.129439353942871,14.2828950881958,35.282379150390625,12.370380401611328,7.310056209564209,8.924182891845703,18.91359519958496,9.3510103225708,6.683422565460205,7.844864845275879,7.899765968322754,7.587143898010254,-4.986346244812012,10.054550170898438,6.827881813049316,7.571890354156494,0.2262822538614273,9.431726455688477,5.092056751251221,9.590359687805176,-3.313002824783325,6.797102928161621,0.07769663931245435,0.06633353261679907,1842.7589783168537,895.388595804688
Quickstep/Media-105517,Media-105517.wav,Quickstep,Quickstep,31.787936507936507,-83.220458984375,132.9462890625,58.129634857177734,47.60477828979492,-7.453545093536377,21.08062744140625,29.881973266601562,19.146860122680664,5.9155192375183105,12.883587837219238,14.818394660949707,10.399699211120605,2.2558817863464355,10.971641540527344,1.8182933330535889,10.547941207885742,6.167235374450684,11.165397644042969,0.5228339433670044,8.686678886413574,-4.44996976852417,8.981362342834473,6.007739543914795,8.70233154296875,-0.4277389347553253,7.953521251678467,0.15388527780314099,0.15221811447409445,2807.176584042185,1391.4267434069554
Quickstep/Media-105518,Media-105518.wav,Quickstep,Quickstep,31.787936507936507,-106.77571105957031,107.63282012939453,85.7441635131836,30.5026912689209,2.495967149734497,21.263343811035156,21.686134338378906,17.127197265625,5.2102885246276855,12.10234546661377,4.662261962890625,14.486992835998535,9.168853759765625,12.592175483703613,-2.502072334289551,10.480486869812012,-3.1525306701660156,11.720098495483398,3.5581679344177246,9.41517162322998,-7.11362361907959,12.412123680114746,2.3894755840301514,10.500099182128906,-4.695328712463379,10.305989265441895,0.1081116748082542,0.06233007183757706,2257.540377778428,857.6120123435201
Quickstep/Media-105715,Media-105715.wav,Quickstep,Quickstep,31.787936507936507,-132.16940307617188,123.82184600830078,89.6405029296875,37.420753479003906,-0.9092423915863037,26.878597259521484,30.852909088134766,14.222138404846191,9.903154373168945,10.373560905456543,13.649664878845215,7.787431240081787,8.00609302520752,9.179516792297363,4.618179798126221,9.80573844909668,0.23235253989696503,8.841906547546387,11.079425811767578,9.766913414001465,5.125893592834473,8.532292366027832,6.370791435241699,11.883975982666016,1.4932024478912354,8.903961181640625,0.08000322429693207,0.07360598359899187,2067.5176052015786,812.1144179377686
Quickstep/Media-105716,Media-105716.wav,Quickstep,Quickstep,31.787936507936507,-136.25244140625,111.50353240966797,80.22354888916016,44.70904541015625,17.65992546081543,27.046329498291016,33.43084716796875,18.054237365722656,10.23839282989502,13.768760681152344,14.985721588134766,13.441661834716797,2.7071666717529297,12.881214141845703,15.68557357788086,13.495246887207031,-1.5688095092773438,15.856303215026855,10.991951942443848,13.264033317565918,3.68579363822937,12.15365982055664,4.081118106842041,12.616363525390625,-3.7985525131225586,11.423440933227539,0.09378566700146092,0.10265043141882546,2301.202583503558,1293.3279729443566
Quickstep/Media-105717,Media-105717.wav,Quickstep,Quickstep,31.787936507936507,-134.57366943359375,134.3068389892578,83.37319946289062,36.19137191772461,-9.645140647888184,23.075716018676758,31.994544982910156,15.086102485656738,3.6400792598724365,10.027179718017578,14.550618171691895,13.247316360473633,8.433072090148926,9.554459571838379,11.109158515930176,8.283612251281738,6.903932571411133,8.941483497619629,10.587475776672363,8.542213439941406,3.6285948753356934,7.844919204711914,5.8894500732421875,7.955387592315674,-0.6414730548858643,7.219696044921875,0.09923166145452886,0.08141864902209014,2177.7542889955434,907.770131887158
Quickstep/Media-105816,Media-105816.wav,Quickstep,Quickstep,31.787936507936507,-128.9272918701172,125.60317993164062,79.33281707763672,35.12960433959961,3.0669479370117188,19.174739837646484,18.006200790405273,15.663328170776367,2.8145549297332764,9.72174072265625,11.866806983947754,8.652874946594238,3.534963369369507,8.50047492980957,6.2237548828125,9.054061889648438,2.8381574153900146,8.055482864379883,8.375161170959473,9.826367378234863,5.68184757232666,9.651875495910645,7.999366760253906,9.260085105895996,-2.2303266525268555,8.439593315124512,0.09670108770087656,0.059738343906215366,2280.1851413021614,851.760857537859
Quickstep/Media-105817,Media-105817.wav,Quickstep,Quickstep,31.787936507936507,-123.70549774169922,124.36127471923828,61.694461822509766,31.94847869873047,0.4847509264945984,22.762054443359375,25.08555793762207,15.492364883422852,-0.6835605502128601,9.758615493774414,10.034056663513184,10.152403831481934,0.13195163011550903,10.140290260314941,4.242734909057617,9.557512283325195,2.0320324897766113,10.155948638916016,7.0957865715026855,10.024560928344727,1.0714657306671143,10.785734176635742,4.77147102355957,11.113033294677734,1.2003380060195923,10.713980674743652,0.13769210246986852,0.07717540081208385,2679.47550539417,946.312557913989
Quickstep/Media-105818,Media-105818.wav,Quickstep,Quickstep,31.787936507936507,-132.5787811279297,121.17174530029297,74.46757507324219,38.44469451904297,7.1187896728515625,22.67745018005371,15.006728172302246,15.303995132446289,1.173256516456604,11.144807815551758,12.750428199768066,12.681711196899414,9.340628623962402,11.74276351928711,10.205086708068848,11.832757949829102,-0.11818046867847443,10.961581230163574,3.9343020915985107,10.679340362548828,-4.986594200134277,9.781349182128906,-0.923161506652832,10.133216857910156,-3.213588237762451,9.001867294311523,0.10793619316106647,0.08435449739150448,2492.8845246796277,1120.7466333817804
Quickstep/Media-105819,Media-105819.wav,Quickstep,Quickstep,31.787936507936507,-78.82489776611328,130.022216796875,63.88636779785156,25.48036003112793,-4.8863935470581055,21.327112197875977,40.37955093383789,14.50351619720459,11.101568222045898,8.705320358276367,14.104789733886719,9.862274169921875,1.577731728553772,7.371654033660889,2.0679707527160645,7.832770824432373,0.9860984086990356,7.801878929138184,-0.32452383637428284,7.213991165161133,-2.4602370262145996,7.725887775421143,5.383376121520996,7.278132915496826,-1.7351312637329102,7.191206455230713,0.11555680469320671,0.05844541795311441,2505.008135806036,807.4634044762715
Quickstep/Media-105820,Media-105820.wav,Quickstep,Quickstep,31.787936507936507,-146.73812866210938,122.64154815673828,84.56647491455078,39.36146545410156,4.966900825500488,20.76046371459961,12.22111988067627,16.54112434387207,1.0867127180099487,10.008408546447754,8.85837173461914,9.65850830078125,3.645371198654175,7.9421305656433105,3.1524927616119385,8.850914001464844,1.7887479066848755,7.509278774261475,8.864402770996094,8.688616752624512,3.78716778755188,9.211000442504883,7.57232141494751,9.998438835144043,-2.281555414199829,8.048027038574219,0.10647527278122718,0.06440281062806004,2284.5559990843935,942.125594850963
Quickstep/Media-105911,Media-105911.wav,Quickstep,Quickstep,31.787936507936507,-208.8735809326172,129.83416748046875,104.54625701904297,47.098304748535156,-13.165905952453613,26.33141326904297,29.397302627563477,19.849384307861328,9.553229331970215,18.600879669189453,-6.341163635253906,12.097299575805664,-3.254743814468384,13.91038990020752,-0.8511096835136414,11.465456008911133,-7.917274475097656,11.612292289733887,-1.7519038915634155,12.52834415435791,-7.433130264282227,11.00454330444336,2.706646680831909,9.044054985046387,-5.997079372406006,9.388343811035156,0.07911047925036523,0.05727154790646351,1703.2485967842438,853.8547715158667
Quickstep/Media-105912,Media-105912.wav,Quickstep,Quickstep,31.787936507936507,-187.6324005126953,128.1160430908203,98.0721664428711,33.82829666137695,5.698561191558838,19.860126495361328,28.412147521972656,12.11861515045166,11.316222190856934,9.42868423461914,6.312992095947266,8.252293586730957,-0.37524253129959106,8.79165267944336,5.145842552185059,8.858731269836426,-1.9453098773956299,7.471621990203857,1.1921254396438599,8.012025833129883,3.037109375,9.105815887451172,8.141241073608398,8.116040229797363,-0.48408833146095276,6.800248146057129,0.07462606715668371,0.04766914816137648,1770.8778633828172,697.9837103663406
Quickstep/Media-105913,Media-105913.wav,Quickstep,Quickstep,31.787936507936507,-181.75721740722656,130.1509552001953,98.02294158935547,34.46562957763672,-6.258896827697754,18.59423065185547,31.12779426574707,12.441167831420898,7.193188667297363,10.377418518066406,14.909523010253906,9.312104225158691,-3.133652925491333,7.966080188751221,3.9628725051879883,7.920037746429443,1.3901143074035645,8.222630500793457,5.943607807159424,7.451438903808594,0.9542471766471863,7.915557384490967,8.330735206604004,8.933758735656738,0.13690577447414398,7.276510238647461,0.08234939965303141,0.06277422768546359,1813.7967567990133,756.7235495198205
Quickstep/Media-105914,Media-105914.wav,Quickstep,Quickstep,31.787936507936507,-200.5007781982422,113.49720001220703,100.63223266601562,37.36334991455078,16.238601684570312,24.552724838256836,31.982872009277344,19.463960647583008,7.783472537994385,13.565979957580566,6.126988887786865,13.277867317199707,-0.1361405849456787,12.721426010131836,3.476228713989258,9.114556312561035,-5.081842422485352,9.716218948364258,9.763924598693848,13.900315284729004,0.671290397644043,10.837067604064941,4.647063732147217,10.827563285827637,-1.4096672534942627,9.065675735473633,0.0707465674077794,0.04591740752047613,1728.4020130318536,837.1081524551341
Rumba-American/Albums-AnaBelen_Veneo-13,Albums-AnaBelen_Veneo-13.wav,Rumba-American,Rumba,30.047528344671203,-207.39208984375,89.46073150634766,112.09273529052734,35.7536506652832,22.131742477416992,23.519420623779297,28.86795425415039,17.470144271850586,11.343521118164062,12.751753807067871,3.7803144454956055,14.40083122253418,6.4305949211120605,11.130399703979492,10.30928897857666,9.400956153869629,-2.2921605110168457,9.914189338684082,4.425187587738037,10.307674407958984,-3.576838493347168,10.217769622802734,-5.848693370819092,9.424846649169922,-0.9871492385864258,7.6967315673828125,0.056948675796332046,0.05442423599647959,1685.0272599973648,1006.4536908711156
Rumba-American/Albums-GloriaEstefan_MiTierra-04,Albums-GloriaEstefan_MiTierra-04.wav,Rumba-American,Rumba,30.71950113378685,-193.58839416503906,97.17692565917969,111.43584442138672,37.23393630981445,-3.4747681617736816,27.66758155822754,11.744184494018555,16.663040161132812,5.886099338531494,12.924257278442383,8.07013988494873,17.922849655151367,4.800883769989014,15.689550399780273,0.6176833510398865,11.853083610534668,-2.5522055625915527,10.915067672729492,-5.050344467163086,11.1138277053833,-0.6525173783302307,10.548896789550781,-1.8868508338928223,9.218274116516113,-1.406028389930725,8.707243919372559,0.06996668024848829,0.04693808676033223,1641.5781714041038,748.0797105578272
Rumba-American/Albums-GloriaEstefan_MiTierra-06,Albums-GloriaEstefan_MiTierra-06.wav,Rumba-American,Rumba,30.71950113378685,-166.77737426757812,104.63859558105469,119.4557113647461,33.93828201293945,-4.556314945220947,15.933297157287598,16.70886993408203,20.059402465820312,15.810738563537598,17.428205490112305,9.037090301513672,13.842035293579102,3.7153618335723877,12.012771606445312,-1.1241302490234375,9.123350143432617,2.2222254276275635,10.223702430725098,1.5402976274490356,10.480546951293945,0.9997947812080383,11.734147071838379,-2.864041566848755,11.980630874633789,0.5456470847129822,10.091181755065918,0.07345957046012849,0.060288947206660934,1567.1469591080531,612.2163654008451
Rumba-American/Albums-I_Like_It2-09,Albums-I_Like_It2-09.wav,Rumba-American,Rumba,29.350022675736962,-192.4188232421875,82.11271667480469,109.59886169433594,35.2952766418457,15.632869720458984,24.40748405456543,25.030967712402344,15.10771656036377,1.1757612228393555,20.363906860351562,12.77869701385498,14.8782958984375,1.0239346027374268,15.364974975585938,-1.4644396305084229,11.57280445098877,-11.659363746643066,11.188475608825684,-2.310141086578369,10.507608413696289,1.4539613723754883,13.058146476745605,-7.6654205322265625,12.82398796081543,-0.4391290843486786,10.046004295349121,0.05817957942193676,0.03933124683538894,1740.2928711024747,749.6483428154072
Rumba-American/Albums-Latino_Latino-05,Albums-Latino_Latino-05.wav,Rumba-American,Rumba,30.71950113378685,-196.72386169433594,122.94152069091797,119.8956298828125,31.231712341308594,-8.633477210998535,17.401405334472656,2.913370370864868,15.132993698120117,0.3419617712497711,10.72814655303955,5.668185234069824,10.521198272705078,6.511407852172852,9.54133129119873,0.8972660899162292,10.242857933044434,-2.8827877044677734,10.187262535095215,-5.582552909851074,9.677192687988281,3.491880416870117,10.030671119689941,1.8633880615234375,10.292370796203613,2.85980486869812,7.473435878753662,0.08618883751417233,0.045000735801305175,1634.3119945161468,542.2649836170855
Rumba-American/Albums-Latino_Latino-09,Albums-Latino_Latino-09.wav,Rumba-American,Rumba,30.71950113378685,-168.13055419921875,118.92843627929688,101.8834228515625,26.62264060974121,-9.03044605255127,16.84122085571289,15.815641403198242,11.958139419555664,3.1260015964508057,11.378342628479004,5.417627334594727,11.43533706665039,3.2807178497314453,8.804636001586914,0.46952003240585327,8.586873054504395,-1.1233487129211426,8.07392692565918,-4.268040180206299,8.89982795715332,5.214656829833984,7.781871795654297,-4.845877170562744,8.802042961120605,2.360673666000366,7.931138038635254,0.07324550914115646,0.03501511203668723,1967.67102703863,564.4083427381216
Rumba-American/Albums-Latino_Latino-10,Albums-Latino_Latino-10.wav,Rumba-American,Rumba,30.71950113378685,-211.78546142578125,151.38841247558594,96.64482879638672,32.77278518676758,0.5799257755279541,18.093656539916992,24.209794998168945,15.144986152648926,3.194448232650757,15.19199275970459,9.02871322631836,9.301267623901367,8.127640724182129,9.427902221679688,2.53501558303833,7.649388790130615,1.1168898344039917,8.803406715393066,-1.429174542427063,7.33009147644043,2.934494733810425,8.050372123718262,-4.238956451416016,8.242207527160645,0.8788015246391296,7.250711917877197,0.07162011940192743,0.052443085514318935,2042.1761543591801,764.9189349957466
Rumba-International/Albums-AnaBelen_Veneo-01,Albums-AnaBelen_Veneo-01.wav,Rumba-International,Rumba,30.143537414965987,-180.45091247558594,78.49708557128906,112.12057495117188,28.870542526245117,21.39198112487793,17.743825912475586,33.06987380981445,13.0294828414917,13.679224014282227,10.438799858093262,11.509284019470215,11.407149314880371,4.18780517578125,8.74531078338623,6.39091157913208,8.63832950592041,-1.0148203372955322,7.866433620452881,-2.9390764236450195,8.581643104553223,0.24205288290977478,8.257463455200195,-5.214138031005859,8.73151683807373,-3.0736243724823,8.00718879699707,0.05336887750192456,0.03829036585500011,1665.0769079835839,725.720625351829
Rumba-International/Albums-AnaBelen_Veneo-03,Albums-AnaBelen_Veneo-03.wav,Rumba-International,Rumba,30.047528344671203,-197.7319793701172,92.31804656982422,105.95126342773438,36.82656478881836,5.928779125213623,15.136634826660156,23.974411010742188,13.505060195922852,11.156993865966797,10.220804214477539,1.3173999786376953,10.2257080078125,-3.715832471847534,8.885446548461914,2.9767017364501953,7.743400573730469,-5.204797267913818,11.635138511657715,-8.079180717468262,8.563425064086914,-6.020932197570801,7.6821160316467285,-8.47050666809082,10.925601959228516,-3.6055147647857666,6.844219207763672,0.06452438766891892,0.05789092410901391,1845.5956830788102,905.7709801485228
Rumba-International/Albums-AnaBelen_Veneo-15,Albums-AnaBelen_Veneo-15.wav,Rumba-International,Rumba,30.047528344671203,-212.12355041503906,90.52503204345703,84.0742416381836,29.480695724487305,-4.292342662811279,21.67525863647461,23.629121780395508,13.77700424194336,8.662532806396484,10.475172996520996,-2.388044834136963,15.116930961608887,-2.0332608222961426,10.72292709350586,1.7793636322021484,9.470823287963867,-10.32809066772461,10.935009956359863,-7.829689979553223,9.42585277557373,-3.019735097885132,8.874380111694336,-9.225866317749023,8.843791961669922,-2.7639498710632324,8.395089149475098,0.08415291686776062,0.06367384914931393,2242.7773870691904,788.4453219304789
Rumba-International/Albums-Cafe_Paradiso-09,Albums-Cafe_Paradiso-09.wav,Rumba-International,Rumba,30.143537414965987,-221.03224182128906,72.7496109008789,112.32505798339844,28.804893493652344,25.922025680541992,20.7171573638916,23.232065200805664,15.979656219482422,1.6118131875991821,11.639310836791992,5.918344974517822,10.57460880279541,-2.5137104988098145,10.807293891906738,-0.9630853533744812,9.595202445983887,-3.552778720855713,8.801982879638672,-5.924372673034668,8.756206512451172,-7.785290241241455,9.696554183959961,-10.175677299499512,10.504701614379883,-3.4482364654541016,7.220146656036377,0.055900497377790605,0.04649932423028429,1666.6953013699804,764.1880457922451
Rumba-International/Albums-Cafe_Paradiso-10,Albums-Cafe_Paradiso-10.wav,Rumba-International,Rumba,30.143537414965987,-148.6437225341797,67.14543151855469,109.32683563232422,20.120372772216797,11.378095626831055,10.608635902404785,34.20356750488281,9.910778999328613,6.773049354553223,9.40722370147705,7.281229019165039,9.246190071105957,8.671181678771973,8.308911323547363,4.887000560760498,6.99815034866333,3.7198452949523926,8.18381404876709,3.337587594985962,8.803877830505371,0.8072878122329712,9.034112930297852,4.671329498291016,7.817364692687988,5.110850811004639,8.244006156921387,0.043277731668591224,0.0224214991450355,1685.995349038743,439.7349032682406
Rumba-International/Albums-Cafe_Paradiso-11,Albums-Cafe_Paradiso-11.wav,Rumba-International,Rumba,30.143537414965987,-224.7417755126953,77.49111938476562,97.46251678466797,30.365108489990234,13.1509428024292,17.29816246032715,21.115337371826172,15.78461742401123,9.218426704406738,13.695975303649902,15.438342094421387,14.131654739379883,-0.49671903252601624,11.927411079406738,2.0564815998077393,11.517484664916992,5.697579860687256,11.056198120117188,-4.6313886642456055,10.466774940490723,-2.3472213745117188,11.691703796386719,1.6230412721633911,10.44636058807373,-1.051472783088684,10.319876670837402,0.08459331697459584,0.06223011505308851,1997.1565004274732,867.2426139747433
Rumba-International/Albums-Cafe_Paradiso-12,Albums-Cafe_Paradiso-12.wav,Rumba-International,Rumba,30.143537414965987,-138.3731231689453,85.1256332397461,98.29036712646484,23.947683334350586,10.32459545135498,13.744681358337402,25.59759521484375,13.068922996520996,5.002254009246826,11.641870498657227,8.890021324157715,11.942522048950195,-0.9503501653671265,10.708791732788086,-0.3565977215766907,8.31578540802002,-1.3009892702102661,10.405951499938965,-0.2873910963535309,8.958145141601562,2.150155782699585,10.028532981872559,-7.106806755065918,7.101620674133301,-3.637200355529785,7.299896717071533,0.0623560340887221,0.036796387988252986,1991.8373312283634,612.2308753349881
Rumba-International/Albums-Fire-03,Albums-Fire-03.wav,Rumba-International,Rumba,30.71950113378685,-208.4281463623047,87.40965270996094,134.43675231933594,29.359830856323242,21.717485427856445,20.80961799621582,16.632308959960938,18.38694953918457,4.561479568481445,12.853344917297363,6.772183418273926,11.349783897399902,-3.2731399536132812,10.875576972961426,2.0077223777770996,11.044695854187012,2.3854269981384277,8.743989944458008,-1.2843544483184814,9.722648620605469,-3.3236570358276367,11.142597198486328,-4.71617317199707,9.319604873657227,-0.8484167456626892,8.305780410766602,0.041439318783068786,0.022250122544061866,1242.8976329158463,466.6852729135304
Rumba-International/Albums-Fire-10,Albums-Fire-10.wav,Rumba-International,Rumba,30.71950113378685,-172.4508056640625,88.61459350585938,128.14178466796875,31.8218936920166,19.67298698425293,14.59526538848877,31.38180923461914,14.484373092651367,16.347684860229492,12.636937141418457,14.034772872924805,10.263575553894043,7.552216053009033,8.795806884765625,9.643912315368652,8.515254974365234,4.675742149353027,7.956013202667236,2.8757522106170654,7.833556175231934,1.1533749103546143,8.292845726013184,-2.3607709407806396,7.817009925842285,0.22110430896282196,6.352485656738281,0.03277906214569161,0.025392204560322606,1225.3467571952208,509.26127577877565
Rumba-International/Albums-GloriaEstefan_MiTierra-01,Albums-GloriaEstefan_MiTierra-01.wav,Rumba-International,Rumba,30.71950113378685,-227.0660400390625,101.60352325439453,125.84437561035156,31.905277252197266,12.734380722045898,21.9725399017334,19.842792510986328,19.740995407104492,9.20284652709961,19.861635208129883,7.691621780395508,14.786731719970703,7.586871147155762,13.530804634094238,1.0284638404846191,9.229449272155762,-5.225263595581055,9.97623062133789,-1.8078572750091553,9.477058410644531,-5.115384101867676,9.283549308776855,0.5645387768745422,8.332859992980957,-3.4775924682617188,7.824345111846924,0.04161794926303855,0.024348415488860575,1278.9491130818174,528.0918192630287
Rumba-International/Albums-GloriaEstefan_MiTierra-08,Albums-GloriaEstefan_MiTierra-08.wav,Rumba-International,Rumba,30.71950113378685,-232.41598510742188,114.6729965209961,105.47095489501953,34.68926239013672,6.54822301864624,20.626676559448242,29.657678604125977,14.61664867401123,10.600361824035645,15.232617378234863,12.137170791625977,13.345921516418457,11.535772323608398,11.057417869567871,-2.2466092109680176,9.27211856842041,-9.048325538635254,9.5042085647583,-8.779306411743164,11.127997398376465,-2.539930820465088,10.36079216003418,0.2781294882297516,9.588447570800781,-7.98800802230835,7.847787857055664,0.06620178453325774,0.056703383272821636,1655.1065545674523,776.5314870626506
Rumba-International/Albums-GloriaEstefan_MiTierra-11,Albums-GloriaEstefan_MiTierra-11.wav,Rumba-International,Rumba,30.71950113378685,-196.84327697753906,101.3462905883789,118.55534362792969,36.1143684387207,7.448081970214844,15.176828384399414,32.02564239501953,13.513916969299316,16.776046752929688,12.45566463470459,11.089424133300781,13.278510093688965,6.220465660095215,9.358552932739258,1.0089845657348633,8.074236869812012,0.2751295566558838,8.869994163513184,0.4704265594482422,8.207887649536133,-1.1918694972991943,8.709675788879395,-0.46905162930488586,9.00718879699707,-3.4684994220733643,7.673193454742432,0.0493374433106576,0.057299200484216085,1489.25463784681,772.3099242017205
Rumba-International/Albums-Latin_Jam-02,Albums-Latin_Jam-02.wav,Rumba-International,Rumba,30.143537414965987,-133.48776245117188,89.55757904052734,100.99085998535156,25.093843460083008,1.4708929061889648,16.05270004272461,36.88665771484375,10.64501953125,19.95696449279785,9.660857200622559,15.479375839233398,7.291089057922363,6.221403121948242,7.543739318847656,6.223574161529541,7.832870960235596,5.370835781097412,7.122923851013184,-4.48094367980957,7.200392723083496,-3.464873790740967,6.334383487701416,-3.2245142459869385,6.7442779541015625,-0.26239290833473206,6.8319172859191895,0.06289769173402618,0.03262229236319576,1905.4878921846098,640.1497120514773
Rumba-International/Albums-Latin_Jam-05,Albums-Latin_Jam-05.wav,Rumba-International,Rumba,30.143537414965987,-117.73314666748047,74.30078125,104.3592529296875,31.580852508544922,8.834242820739746,16.330778121948242,31.906352996826172,13.211495399475098,10.3013334274292,12.128177642822266,11.174836158752441,9.026679992675781,16.914562225341797,11.348076820373535,7.996221542358398,7.759073734283447,-5.143049240112305,8.33461856842041,-2.538156509399414,9.014215469360352,0.47709622979164124,9.54544448852539,0.6430360674858093,10.463153839111328,-0.2980552911758423,11.467878341674805,0.07986048462759815,0.046626588937526234,1831.476144413339,712.0726409965904
Rumba-International/Albums-Latin_Jam-08,Albums-Latin_Jam-08.wav,Rumba-International,Rumba,30.143537414965987,-122.39990234375,84.30612182617188,105.98343658447266,25.52129554748535,17.52052116394043,16.3994140625,31.2496395111084,13.715567588806152,10.92575740814209,12.048954963684082,17.10879898071289,12.486759185791016,7.806499481201172,9.90054702758789,6.612534523010254,8.335060119628906,5.182807922363281,8.587395668029785,1.2697319984436035,9.345325469970703,-4.118407249450684,9.402496337890625,-2.61362624168396,7.977819442749023,-1.0951905250549316,7.562410831451416,0.061099057568321784,0.04971448386126294,1797.050288368941,713.4599073994533
Rumba-International/Albums-Latin_Jam-14,Albums-Latin_Jam-14.wav,Rumba-International,Rumba,30.143537414965987,-145.65882873535156,93.86347961425781,109.56129455566406,28.7652587890625,18.72184181213379,16.79912757873535,34.42525863647461,13.331498146057129,14.397193908691406,12.774497985839844,19.932538986206055,10.059800148010254,8.129437446594238,8.946194648742676,7.066096305847168,7.723498821258545,7.373795509338379,8.039029121398926,-2.1247823238372803,8.151263236999512,-1.5689760446548462,8.30593490600586,-2.6609909534454346,7.632534980773926,0.17891961336135864,6.918366432189941,0.05459878993456505,0.05057320077587429,1662.7083044148267,783.0408143512362
Rumba-International/Albums-Latin_Jam2-07,Albums-Latin_Jam2-07.wav,Rumba-International,Rumba,30.143537414965987,-112.56123352050781,79.63190460205078,111.74436950683594,29.967945098876953,18.942365646362305,15.74913501739502,24.35624122619629,13.175267219543457,1.6816015243530273,11.527145385742188,4.009627342224121,8.840693473815918,1.3906139135360718,10.946085929870605,4.9282379150390625,9.59925365447998,-2.81862473487854,10.0221586227417,-1.4150924682617188,8.935385704040527,-0.6112968325614929,8.3413667678833,-5.1551127433776855,8.942766189575195,1.8572957515716553,8.103662490844727,0.07026588962663588,0.051970876280276086,1885.8142256595895,779.5140450714168
Rumba-International/Albums-Latin_Jam2-08,Albums-Latin_Jam2-08.wav,Rumba-International,Rumba,30.047528344671203,-156.04986572265625,88.92699432373047,117.02236938476562,31.8062686920166,9.926555633544922,17.45404052734375,23.769023895263672,11.74229907989502,6.800753116607666,10.927680015563965,7.402634620666504,7.284403324127197,3.375361919403076,8.3086576461792,4.7422308921813965,7.636956691741943,5.29572057723999,7.811746597290039,0.9064411520957947,7.876706600189209,-2.1579253673553467,7.32470703125,-1.8232442140579224,6.9798102378845215,5.39534854888916,8.096606254577637,0.07461503076737452,0.04342289052843831,1787.6416311646271,715.3021565412505
Rumba-International/Albums-Latin_Jam2-09,Albums-Latin_Jam2-09.wav,Rumba-International,Rumba,30.143537414965987,-125.20123291015625,83.55574035644531,108.0309829711914,21.164928436279297,2.334763288497925,14.71006965637207,22.565271377563477,13.444280624389648,5.283668518066406,12.23068904876709,1.770376205444336,10.533742904663086,1.763773798942566,9.998475074768066,-0.030680902302265167,8.169089317321777,-4.931304454803467,8.593652725219727,-0.12683998048305511,10.705824851989746,-5.6161394119262695,8.42770767211914,-3.4571590423583984,7.763655185699463,5.480546951293945,9.59747314453125,0.07412740870381063,0.02834871536372484,1922.2644022270856,480.81435180390037
Rumba-International/Albums-Latin_Jam2-15,Albums-Latin_Jam2-15.wav,Rumba-International,Rumba,30.143537414965987,-151.70480346679688,84.52665710449219,126.52424621582031,27.962648391723633,23.359025955200195,15.405478477478027,30.66095542907715,11.634749412536621,4.81709623336792,9.445459365844727,3.362542152404785,7.8408589363098145,3.769517660140991,8.723163604736328,8.44910717010498,7.307784557342529,2.45158052444458,7.633118152618408,0.1581985205411911,7.171353340148926,-2.9011354446411133,7.576256275177002,-3.1114463806152344,6.873617649078369,0.5516536831855774,7.438357830047607,0.05028958573903002,0.0223441197888729,1521.7373803565727,614.382410048792
Rumba-International/Albums-Latin_Jam3-07,Albums-Latin_Jam3-07.wav,Rumba-International,Rumba,30.143537414965987,-186.70616149902344,69.09806823730469,126.7872543334961,23.513954162597656,12.754287719726562,17.196205139160156,21.963388442993164,13.290907859802246,10.394095420837402,9.820181846618652,9.612556457519531,11.308856010437012,4.576711654663086,9.329766273498535,4.113659381866455,7.444148540496826,-5.315690994262695,7.957265853881836,-6.058404922485352,7.8941330909729,-3.1973190307617188,7.370737552642822,-2.2058849334716797,7.7550883293151855,-1.8615726232528687,9.734563827514648,0.04633259057448037,0.025561836890775194,1370.026704597019,410.5711574576862
Rumba-International/Albums-Latin_Jam3-08,Albums-Latin_Jam3-08.wav,Rumba-International,Rumba,30.143537414965987,-108.11592864990234,75.61800384521484,100.21382141113281,25.204845428466797,13.540035247802734,15.33401107788086,38.021034240722656,11.66880989074707,10.000332832336426,10.174407958984375,0.16932208836078644,8.134230613708496,-1.6083173751831055,8.297796249389648,4.1604180335998535,7.212779521942139,-2.9402658939361572,8.339616775512695,-3.0876922607421875,9.384404182434082,-6.658528804779053,8.56313705444336,-7.276147842407227,6.920068740844727,-3.928887128829956,6.752979755401611,0.06862400163587375,0.0317018726530284,2030.8589053157027,638.573532710449
Rumba-International/Albums-Latin_Jam3-09,Albums-Latin_Jam3-09.wav,Rumba-International,Rumba,30.047528344671203,-135.66055297851562,83.75940704345703,98.70702362060547,28.156173706054688,16.94880485534668,18.48335838317871,33.33694076538086,14.785371780395508,1.69534432888031,11.679250717163086,-0.8121070265769958,9.168289184570312,1.0165205001831055,10.117024421691895,6.283252239227295,8.781805992126465,-4.2405290603637695,10.33022689819336,-6.769357681274414,10.57387638092041,-0.26397353410720825,8.767681121826172,-4.933637619018555,8.47568416595459,0.7027265429496765,8.822279930114746,0.07716729005791506,0.04685854839270924,2084.7290669045715,749.3335464162094
Rumba-International/Albums-Latin_Jam4-03,Albums-Latin_Jam4-03.wav,Rumba-International,Rumba,30.143537414965987,-137.48098754882812,113.5811538696289,77.14359283447266,33.08340072631836,-3.512990713119507,28.296550750732422,18.285335540771484,16.443416595458984,0.4756682515144348,13.637665748596191,1.7730724811553955,14.18461799621582,-0.35932114720344543,13.464200973510742,4.720997333526611,13.040460586547852,0.2560915946960449,10.84324836730957,0.3451547920703888,10.86422348022461,-2.2146339416503906,10.858713150024414,-3.719510793685913,9.775739669799805,2.7271323204040527,7.386806964874268,0.11411722959969207,0.08439105663709454,2528.533747050155,998.0418285833898
Rumba-International/Albums-Latin_Jam4-08,Albums-Latin_Jam4-08.wav,Rumba-International,Rumba,30.143537414965987,-115.6875,88.53536987304688,89.91494750976562,34.457332611083984,12.383833885192871,24.004150390625,32.04939651489258,13.445298194885254,11.634132385253906,11.467833518981934,10.160459518432617,11.005362510681152,-1.7624632120132446,9.762446403503418,0.7788305878639221,8.432724952697754,2.690617561340332,9.208812713623047,-6.138271331787109,8.907772064208984,-0.3743894696235657,8.555693626403809,-2.874680995941162,10.060317993164062,4.538226127624512,8.018033981323242,0.08252291426096997,0.04788762465304966,2225.587227587512,840.8918562575975
Rumba-International/Albums-Latin_Jam4-13,Albums-Latin_Jam4-13.wav,Rumba-International,Rumba,30.143537414965987,-156.07618713378906,82.48332214355469,104.39508819580078,29.8210506439209,33.6098518371582,20.150283813476562,36.40739440917969,10.632073402404785,7.111752033233643,11.754806518554688,13.488518714904785,8.558082580566406,4.799211502075195,10.184330940246582,4.555628776550293,7.613179683685303,1.4227367639541626,8.770268440246582,-1.6910557746887207,7.349390983581543,0.4562336206436157,8.724013328552246,-2.0920522212982178,7.645973205566406,-1.6292022466659546,7.440934658050537,0.055988831553117784,0.047192715925709644,1814.3875058490337,804.1167668256033
Rumba-International/Albums-Latin_Jam5-03,Albums-Latin_Jam5-03.wav,Rumba-International,Rumba,30.143537414965987,-165.97462463378906,95.62600708007812,118.11041259765625,28.33768081665039,1.2717206478118896,21.408496856689453,24.85303497314453,15.91837215423584,12.354106903076172,16.774658203125,2.971623420715332,10.148157119750977,-0.8385891914367676,10.897799491882324,0.43850481510162354,9.404901504516602,2.6732258796691895,8.2024564743042,0.6756033301353455,7.7040114402771,-1.7826626300811768,6.824848175048828,-2.0957515239715576,7.780651092529297,2.988570213317871,8.004312515258789,0.06811542232005388,0.05239531585031067,1664.8814941741166,644.6119165440438
Rumba-International/Albums-Latin_Jam5-08,Albums-Latin_Jam5-08.wav,Rumba-International,Rumba,29.375510204081632,-122.19758605957031,85.55577850341797,95.71612548828125,35.531005859375,3.2451298236846924,13.04574966430664,33.1270751953125,11.378347396850586,7.368915557861328,12.82041072845459,1.9465628862380981,8.942407608032227,-0.17535236477851868,7.799225807189941,1.025171160697937,8.092888832092285,-1.9642155170440674,6.94113302230835,-9.568869590759277,8.297589302062988,-6.013166427612305,7.537379741668701,-7.1082658767700195,7.657267093658447,-3.635938882827759,7.143320560455322,0.09588902670813586,0.07824129303733922,2148.182508271721,842.6671173345537
Rumba-International/Albums-Latin_Jam5-12,Albums-Latin_Jam5-12.wav,Rumba-International,Rumba,30.047528344671203,-176.08506774902344,69.8260726928711,129.34188842773438,22.359027862548828,17.072288513183594,17.013816833496094,19.38506317138672,14.387330055236816,8.124794960021973,10.914366722106934,4.416805267333984,9.860562324523926,-5.775806903839111,11.823038101196289,-3.5442216396331787,12.029435157775879,-2.7224414348602295,11.764965057373047,-5.552784442901611,11.342130661010742,-6.4163126945495605,11.83892822265625,-4.219316482543945,10.712278366088867,-0.9034848213195801,12.393111228942871,0.053650232263513516,0.018262156203666852,1379.6995684460323,387.7677018453512
Rumba-International/Albums-Macumba-09,Albums-Macumba-09.wav,Rumba-International,Rumba,29.95301587301587,-158.71292114257812,79.64459228515625,147.45242309570312,21.065336227416992,16.942813873291016,16.33624839782715,-2.2526438236236572,13.629493713378906,43.174583435058594,13.564324378967285,-29.323497772216797,15.017827033996582,24.6981258392334,11.850884437561035,-8.45219898223877,10.431540489196777,-8.102131843566895,10.306118965148926,19.640920639038086,15.246299743652344,-26.233339309692383,13.264144897460938,12.045228004455566,14.910238265991211,-3.799954652786255,9.867084503173828,0.055577383115310075,0.02398844093813776,1491.199657534379,413.8103600684471
Rumba-International/Albums-Macumba-10,Albums-Macumba-10.wav,Rumba-International,Rumba,30.09233560090703,-126.76824951171875,58.380985260009766,148.4439697265625,21.829580307006836,10.819128036499023,11.54903793334961,-0.3675459921360016,14.817258834838867,54.3016242980957,10.599239349365234,-41.08805465698242,14.551566123962402,33.832279205322266,11.296638488769531,-4.41138219833374,9.75166130065918,-16.069570541381836,10.736429214477539,27.168161392211914,15.095470428466797,-31.769947052001953,10.881462097167969,8.746389389038086,9.634692192077637,-7.3731536865234375,8.338944435119629,0.06362688982928241,0.030584219530154815,1595.2720218097502,444.11794406313396
Rumba-International/Albums-Macumba-11,Albums-Macumba-11.wav,Rumba-International,Rumba,30.09233560090703,-180.69854736328125,71.3469467163086,146.3710174560547,23.034931182861328,11.206969261169434,13.160831451416016,5.453795433044434,14.325135231018066,47.36277389526367,15.269152641296387,-32.55221176147461,18.71657943725586,23.88488006591797,11.18161392211914,-5.441002368927002,8.727142333984375,-17.431058883666992,12.565878868103027,12.79978084564209,12.844091415405273,-25.647294998168945,13.676482200622559,6.163379669189453,10.657022476196289,-10.813488960266113,8.548295021057129,0.04761231975790895,0.026605547752033328,1451.8122485792628,447.63341450488514
Rumba-International/Albums-Macumba-12,Albums-Macumba-12.wav,Rumba-International,Rumba,30.09233560090703,-234.5390167236328,83.3896713256836,172.0936737060547,34.24724578857422,45.678802490234375,22.02634048461914,7.971167087554932,19.713241577148438,46.865108489990234,19.53727912902832,-19.433849334716797,17.101261138916016,15.788223266601562,13.339207649230957,-9.761598587036133,9.808555603027344,-4.818917751312256,12.011456489562988,1.1511797904968262,15.759617805480957,-11.251864433288574,13.460440635681152,2.729990005493164,11.605368614196777,-1.290941834449768,10.418381690979004,0.032552083333333336,0.018631101708886027,883.2132350816172,388.23285524343834
Rumba-International/Albums-Pais_Tropical-09,Albums-Pais_Tropical-09.wav,Rumba-International,Rumba,30.143537414965987,-112.73089599609375,69.77937316894531,100.71134948730469,21.510787963867188,9.475200653076172,12.394725799560547,28.581396102905273,15.061260223388672,10.719926834106445,12.044072151184082,13.946504592895508,8.915517807006836,5.146785259246826,10.739813804626465,7.012103080749512,9.55396556854248,5.56289529800415,9.187928199768066,0.049672819674015045,8.038801193237305,2.5496089458465576,9.101850509643555,-2.6572320461273193,6.6634674072265625,2.34775972366333,8.090261459350586,0.07380940567263279,0.04110404744758493,1994.9295393884508,561.2883637790133
Rumba-International/Albums-Pais_Tropical-10,Albums-Pais_Tropical-10.wav,Rumba-International,Rumba,30.143537414965987,-110.67780303955078,90.64867401123047,106.45811462402344,24.82301902770996,-7.795174598693848,15.252631187438965,26.777822494506836,11.639668464660645,10.953577041625977,12.70390796661377,7.676043510437012,10.719317436218262,5.1501054763793945,10.017372131347656,1.9086610078811646,9.71503734588623,4.603728771209717,9.427660942077637,0.5878710746765137,10.964338302612305,0.358148455619812,8.996840476989746,-4.409968376159668,8.396355628967285,-1.25324285030365,8.271150588989258,0.07227690170323325,0.04760934669638737,1858.0731564046455,580.5070554764137
Rumba-International/Albums-Pais_Tropical-11,Albums-Pais_Tropical-11.wav,Rumba-International,Rumba,30.143537414965987,-137.42657470703125,79.39044952392578,125.4898452758789,30.074939727783203,4.278543472290039,17.49301528930664,17.946361541748047,11.766980171203613,10.04245376586914,12.587801933288574,14.320555686950684,8.80224323272705,9.036130905151367,8.615364074707031,2.42341685295105,8.73929500579834,0.6908878684043884,7.703740119934082,-5.395054340362549,8.022319793701172,-0.7837769985198975,8.721724510192871,-3.6102890968322754,8.238585472106934,-0.5937102437019348,7.621429920196533,0.06757263700442648,0.04562566783868162,1556.3206977282869,661.4534059551515
Rumba-International/Albums-Pais_Tropical-12,Albums-Pais_Tropical-12.wav,Rumba-International,Rumba,30.143537414965987,-147.35166931152344,63.76132583618164,126.71627044677734,16.996559143066406,6.151877403259277,8.526361465454102,32.54384231567383,9.156286239624023,6.512888431549072,8.2638521194458,-0.349823534488678,8.495566368103027,4.4729084968566895,6.843554496765137,2.52134108543396,6.567253589630127,1.1412553787231445,6.929042339324951,-1.1089235544204712,7.96567964553833,-7.222559928894043,8.587528228759766,-3.824908971786499,6.620327949523926,-2.8329999446868896,6.329970836639404,0.04967763664357198,0.0168787343745038,1445.7277059005648,298.5408484842797
Rumba-International/Media-105611,Media-105611.wav,Rumba-International,Rumba,31.787936507936507,-195.6168212890625,137.611328125,58.95248031616211,44.612525939941406,29.141115188598633,24.310571670532227,33.72575378417969,21.017757415771484,13.453795433044434,18.864883422851562,8.777841567993164,15.368391036987305,5.136514186859131,15.73265266418457,12.13465690612793,15.567168235778809,2.256645441055298,13.695501327514648,0.9239699244499207,11.82447338104248,2.1221299171447754,11.354493141174316,-1.8191187381744385,11.19422721862793,-6.338281631469727,10.236422538757324,0.13283818024105187,0.16572629509189182,2643.6440654424255,1689.0576440747425
Rumba-International/Media-105612,Media-105612.wav,Rumba-International,Rumba,31.787936507936507,-210.6952667236328,127.55355834960938,74.87318420410156,44.941505432128906,35.84929275512695,38.33478927612305,55.45258331298828,24.50832748413086,20.29655647277832,16.651790618896484,7.3070855140686035,18.865942001342773,6.177933216094971,11.663141250610352,13.034334182739258,10.959776878356934,1.6377018690109253,10.752991676330566,0.8426746129989624,10.178120613098145,-4.590978145599365,10.20333480834961,3.6251299381256104,9.523275375366211,-1.0823005437850952,8.868606567382812,0.07506263125456537,0.07093912741887907,2022.8896051143283,1250.6517453655772
Rumba-International/Media-105613,Media-105613.wav,Rumba-International,Rumba,31.787936507936507,-141.46412658691406,112.83946990966797,78.87547302246094,40.906044006347656,38.6095085144043,25.532611846923828,32.501094818115234,17.04396629333496,13.96753978729248,13.944697380065918,11.285242080688477,12.944107055664062,5.608025550842285,11.272662162780762,5.167235374450684,10.842561721801758,-4.004034519195557,14.902088165283203,4.14784574508667,10.506481170654297,-1.8281570672988892,11.600876808166504,-2.4639370441436768,11.53016185760498,-7.903576374053955,10.757081985473633,0.09169986075602629,0.10345610284330846,2374.3667819775897,1407.2379303537723
Rumba-International/Media-105614,Media-105614.wav,Rumba-International,Rumba,31.787936507936507,-135.16612243652344,114.45223236083984,83.39478302001953,38.66506576538086,24.846147537231445,26.99275779724121,35.95249557495117,14.78066635131836,7.537365436553955,14.935545921325684,15.22690200805664,11.004345893859863,1.2262084484100342,9.420499801635742,8.331955909729004,10.623051643371582,-0.8924540281295776,11.544157981872559,3.222198963165283,9.244266510009766,-1.5810266733169556,8.589224815368652,0.6867871880531311,8.409012794494629,-2.6852025985717773,9.451502799987793,0.07537257749726077,0.06213347024109549,2107.8846922591097,1011.0386709825967
Rumba-International/Media-105615,Media-105615.wav,Rumba-International,Rumba,31.787936507936507,-188.3791046142578,115.70327758789062,101.19384765625,45.660072326660156,24.780080795288086,27.429615020751953,31.23153305053711,20.235387802124023,8.465944290161133,15.648354530334473,8.236594200134277,15.966340065002441,1.894715428352356,13.365667343139648,7.020715236663818,12.249913215637207,0.708154559135437,12.369667053222656,-5.1986565589904785,13.138440132141113,-3.1540770530700684,13.374948501586914,3.6726346015930176,10.798511505126953,-1.5459407567977905,10.175821304321289,0.0681154127100073,0.0711558075162944,1757.7066744333915,1077.5709131591282
Rumba-International/Media-106009,Media-106009.wav,Rumba-International,Rumba,31.787936507936507,-144.29295349121094,102.95623779296875,66.63400268554688,39.372982025146484,26.54106903076172,20.57831573486328,25.274105072021484,15.707048416137695,9.381892204284668,11.937561988830566,12.97904109954834,11.631331443786621,1.1624397039413452,9.578902244567871,5.046031951904297,10.566960334777832,-3.4992213249206543,11.721055030822754,-0.6551571488380432,11.571898460388184,-8.438016891479492,9.239436149597168,-2.676386833190918,9.07322883605957,-5.031584739685059,8.507235527038574,0.12777560605368882,0.12290327092380732,2765.2011192014097,1241.431013614654
Rumba-International/Media-106010,Media-106010.wav,Rumba-International,Rumba,31.787936507936507,-165.0875701904297,97.48599243164062,121.09464263916016,37.9755859375,0.981602132320404,20.384721755981445,19.356258392333984,16.509923934936523,8.469813346862793,12.632458686828613,6.441111087799072,11.405699729919434,-1.148956060409546,11.050012588500977,10.197741508483887,9.964218139648438,-0.6060465574264526,11.506421089172363,4.885205268859863,11.324295043945312,-1.7675637006759644,10.091351509094238,2.54538893699646,10.88646125793457,-5.266079902648926,9.317121505737305,0.0566638085509496,0.04747931593957483,1494.1088522113378,746.713799942833
Rumba-International/Media-106011,Media-106011.wav,Rumba-International,Rumba,31.787936507936507,-178.1568603515625,98.20252227783203,122.36029815673828,42.23359680175781,14.15467357635498,21.756092071533203,41.84832000732422,23.398080825805664,10.093704223632812,16.800519943237305,0.46405407786369324,17.14762306213379,-3.133551597595215,14.243236541748047,-0.3481398820877075,13.964912414550781,-5.3510894775390625,16.867576599121094,7.848677635192871,17.873554229736328,-7.77546501159668,13.905016899108887,-2.8376288414001465,12.3532075881958,-6.378539085388184,13.945759773254395,0.060029346808802043,0.05807664939221101,1438.301976710572,833.7680473564502
Rumba-International/Media-106012,Media-106012.wav,Rumba-International,Rumba,31.787936507936507,-168.7738494873047,93.618408203125,101.92385864257812,40.962406158447266,-4.037466526031494,24.234012603759766,36.88911819458008,17.3304443359375,19.72712516784668,18.130210876464844,8.580913543701172,14.744089126586914,2.0957460403442383,14.88574504852295,2.3093483448028564,14.08173942565918,-4.864680767059326,14.069208145141602,-5.3416547775268555,13.788093566894531,-7.216304779052734,12.095147132873535,3.4287188053131104,12.79266357421875,0.5561858415603638,12.936666488647461,0.09614361246804237,0.04748689891916898,1728.7995752082788,622.4436920939343
Rumba-International/Media-106110,Media-106110.wav,Rumba-International,Rumba,31.787936507936507,-152.50625610351562,92.15716552734375,101.93914031982422,38.41484069824219,26.315601348876953,18.455711364746094,36.7637825012207,13.409905433654785,6.109523296356201,11.302691459655762,9.221385955810547,11.149567604064941,-3.731741428375244,10.38119125366211,2.6972594261169434,11.158889770507812,-3.779479503631592,12.432016372680664,0.9582744240760803,11.924330711364746,-6.865492820739746,10.363409996032715,-1.5396713018417358,12.737528800964355,-7.685499668121338,11.81116008758545,0.06614302752921841,0.05246682813500756,1783.088989713715,880.08388262869
Rumba-International/Media-106111,Media-106111.wav,Rumba-International,Rumba,31.787936507936507,-160.13888549804688,101.82485961914062,106.29362487792969,37.533416748046875,21.78819465637207,32.24628448486328,15.014739990234375,23.260711669921875,4.737159252166748,16.2554988861084,4.514067649841309,15.494091987609863,-8.098249435424805,11.97411060333252,1.5491704940795898,10.271308898925781,-6.679689407348633,10.483506202697754,1.0006976127624512,10.507953643798828,-8.855011940002441,10.009200096130371,-5.415665626525879,10.149283409118652,-6.595889091491699,9.394563674926758,0.07083288155131483,0.05604717195162357,1833.3031619903647,911.1663093369325
Rumba-International/Media-106112,Media-106112.wav,Rumba-International,Rumba,31.787936507936507,-172.97047424316406,112.17218017578125,114.9560317993164,37.11472702026367,9.016669273376465,27.289363861083984,22.78787612915039,19.147417068481445,0.7250444889068604,13.36323070526123,-2.361632823944092,12.950217247009277,-9.912856101989746,11.76961898803711,-6.946586608886719,11.274405479431152,-8.695887565612793,10.870718955993652,-7.7660722732543945,11.134967803955078,-10.635627746582031,11.072876930236816,-8.214080810546875,10.304227828979492,-8.708210945129395,10.016061782836914,0.05547110402209642,0.034512918182412526,1525.4459364780985,708.6075962585222
Rumba-International/Media-106113,Media-106113.wav,Rumba-International,Rumba,31.787936507936507,-167.6540985107422,108.94181823730469,112.32793426513672,44.88789749145508,-12.047452926635742,26.403156280517578,31.395355224609375,16.79171371459961,11.788433074951172,15.351205825805664,0.37712717056274414,15.474930763244629,-12.153986930847168,11.362258911132812,-7.558507919311523,10.58186149597168,-8.941354751586914,11.10433578491211,-6.580035209655762,9.693114280700684,-16.74089241027832,10.307330131530762,-12.307052612304688,8.714011192321777,-9.939131736755371,8.893522262573242,0.06974789136687363,0.06490116455237684,1657.9697305387713,977.256226835087
Rumba-International/Media-106119,Media-106119.wav,Rumba-International,Rumba,31.787936507936507,-158.26730346679688,94.98782348632812,82.55437469482422,40.524452209472656,1.8986878395080566,23.266719818115234,58.400856018066406,23.555828094482422,10.146576881408691,19.565519332885742,17.60120391845703,13.406880378723145,3.5335159301757812,15.407270431518555,13.043325424194336,12.149954795837402,1.4743211269378662,11.381745338439941,6.0548624992370605,14.136948585510254,1.8423429727554321,10.9700927734375,2.135181427001953,10.287114143371582,-0.8892072439193726,9.731557846069336,0.08765201276022644,0.07176171538231516,1968.2983805783042,924.9472814008883
Rumba-Misc/Media-103511,Media-103511.wav,Rumba-Misc,Rumba,31.787936507936507,-250.11459350585938,115.7059326171875,64.53617095947266,45.56180191040039,34.70003890991211,32.236656188964844,25.208934783935547,26.942785263061523,18.046367645263672,17.183759689331055,17.215845108032227,13.744999885559082,12.608773231506348,17.924503326416016,14.087462425231934,19.48250961303711,8.620033264160156,15.403111457824707,12.891910552978516,17.059627532958984,-3.3854265213012695,16.15478515625,3.6815781593322754,16.056921005249023,-5.001097679138184,14.93391227722168,0.07864716490138787,0.07904676650037831,2199.801838584276,1330.4149617239489
Rumba-Misc/Media-103512,Media-103512.wav,Rumba-Misc,Rumba,31.787936507936507,-236.08685302734375,101.60717010498047,136.00265502929688,41.64934539794922,21.835073471069336,15.902036666870117,13.253262519836426,12.307305335998535,8.911470413208008,13.135994911193848,3.0390353202819824,9.887589454650879,7.5206756591796875,7.873500823974609,4.332993030548096,12.563896179199219,-1.209144949913025,7.479040622711182,0.3450591564178467,9.484787940979004,-2.9654555320739746,13.284024238586426,1.7081153392791748,7.2816362380981445,-0.13405460119247437,9.128483772277832,0.03482062351625274,0.017530366362521498,1137.9699157049815,461.2089309489266
Rumba-Misc/Media-103513,Media-103513.wav,Rumba-Misc,Rumba,31.787936507936507,-187.7338104248047,120.30651092529297,94.12625885009766,33.049198150634766,-2.782097339630127,24.191905975341797,24.77415657043457,15.657892227172852,8.7914400100708,13.450491905212402,11.790340423583984,11.25074291229248,-3.862581729888916,11.333890914916992,3.7378475666046143,11.303494453430176,-3.924381971359253,10.0607271194458,-0.7495047450065613,10.82200813293457,-2.939610242843628,9.092290878295898,-0.2682623863220215,8.096175193786621,-7.174694061279297,9.147445678710938,0.07842674283235938,0.04389575735717115,1895.7421479997429,756.4286028065679
Rumba-Misc/Media-103514,Media-103514.wav,Rumba-Misc,Rumba,31.787936507936507,-179.7702178955078,128.0692596435547,80.782958984375,31.522903442382812,25.10266876220703,20.7877197265625,31.289302825927734,15.376952171325684,11.048108100891113,12.523502349853516,18.604602813720703,11.20801830291748,1.2021616697311401,9.522358894348145,7.009199142456055,9.205879211425781,0.11411585658788681,10.78066635131836,-1.8903297185897827,10.3726167678833,-7.002985954284668,11.401214599609375,1.483959436416626,10.710014343261719,-0.6043196320533752,9.621566772460938,0.08309020327337473,0.048346740719102506,2080.608779898603,846.4846240640514
Rumba-Misc/Media-103608,Media-103608.wav,Rumba-Misc,Rumba,31.787936507936507,-217.43978881835938,120.18994140625,104.54661560058594,46.586647033691406,14.266922950744629,33.37649917602539,38.152626037597656,26.196008682250977,9.796856880187988,18.384464263916016,5.475642204284668,15.067188262939453,0.05292332172393799,12.956653594970703,0.11716815084218979,11.329233169555664,-0.38340693712234497,10.760233879089355,0.19630083441734314,10.23029613494873,-6.1092352867126465,10.716211318969727,-1.7699092626571655,8.240013122558594,-5.6804914474487305,8.578205108642578,0.05822138650474799,0.05354325784780199,1578.1274702815404,957.3098882174398
Rumba-Misc/Media-103609,Media-103609.wav,Rumba-Misc,Rumba,31.787936507936507,-243.1116943359375,104.1915054321289,118.24365234375,49.56086349487305,44.67924499511719,29.171010971069336,14.632040977478027,17.78740882873535,-14.917155265808105,20.57175636291504,11.639158248901367,13.458794593811035,-7.458563327789307,18.53928565979004,6.889024257659912,12.001249313354492,-8.31943416595459,11.675960540771484,-4.9015398025512695,10.429059028625488,-6.602790832519531,9.51394271850586,-6.374918460845947,13.243441581726074,0.4447741210460663,11.69581413269043,0.06270258856829802,0.0427861326125792,1561.8684420875152,940.5163817290044
Rumba-Misc/Media-103610,Media-103610.wav,Rumba-Misc,Rumba,31.787936507936507,-181.15335083007812,104.2472152709961,116.82125091552734,37.95285415649414,25.51239013671875,18.676013946533203,29.869346618652344,14.156148910522461,7.52369499206543,11.412748336791992,14.696938514709473,9.922074317932129,-2.7981128692626953,8.936826705932617,-1.3260924816131592,7.82224702835083,-7.390843868255615,6.743525981903076,-3.0966625213623047,7.057497978210449,-4.08028507232666,6.741833209991455,1.0987762212753296,6.804294109344482,-5.247434616088867,5.964682579040527,0.046272227675310446,0.037574745339968144,1418.8506858269052,695.2662194975996
Rumba-Misc/Media-103615,Media-103615.wav,Rumba-Misc,Rumba,31.787936507936507,-340.9895324707031,96.89958190917969,133.1714324951172,41.44663619995117,9.145973205566406,27.112762451171875,7.279103755950928,18.802194595336914,3.113908529281616,15.264564514160156,-8.011890411376953,13.21873950958252,-8.57493782043457,11.56628131866455,-11.007182121276855,12.718929290771484,-13.952990531921387,13.336167335510254,-7.917738437652588,11.548460960388184,-10.217371940612793,11.596813201904297,-11.214622497558594,9.74488639831543,-9.1077299118042,10.310249328613281,0.053920302798575605,0.02966319526785074,947.6831892409309,512.8299543585415
Rumba-Misc/Media-103616,Media-103616.wav,Rumba-Misc,Rumba,31.787936507936507,-283.5982971191406,98.92817687988281,98.62198638916016,47.61861801147461,8.208765029907227,28.173234939575195,21.590463638305664,17.231983184814453,-3.4829769134521484,14.91150951385498,3.4663925170898438,14.288475036621094,-3.4603888988494873,14.173547744750977,-8.639335632324219,15.141202926635742,-8.205873489379883,11.737408638000488,-3.353072166442871,14.340224266052246,-12.273104667663574,11.391435623168945,-6.045996189117432,11.184682846069336,-10.951294898986816,11.516265869140625,0.09352351454072315,0.0942608332731154,1836.8729874187368,1257.1652616984588
Rumba-Misc/Media-103709,Media-103709.wav,Rumba-Misc,Rumba,31.787936507936507,-157.30093383789062,108.34291076660156,134.7969512939453,42.536983489990234,-9.710763931274414,22.697528839111328,18.358884811401367,14.783164978027344,1.3728193044662476,11.251468658447266,-0.1009923666715622,11.197673797607422,-9.453513145446777,7.294781684875488,-4.942537784576416,8.018179893493652,-11.065482139587402,8.850262641906738,-1.9661855697631836,8.095230102539062,-9.643707275390625,11.023704528808594,-4.633654594421387,6.772246360778809,-10.480883598327637,7.756145477294922,0.0499712523968225,0.02127351981691765,1287.5211864357664,558.6943726673073
Rumba-Misc/Media-103710,Media-103710.wav,Rumba-Misc,Rumba,31.787936507936507,-178.4908447265625,121.2364273071289,74.7432861328125,37.38204574584961,24.364879608154297,22.583723068237305,35.39271545410156,19.221704483032227,6.61677360534668,10.58265209197998,7.974597930908203,14.926983833312988,-2.800631523132324,12.910789489746094,3.5349981784820557,13.563620567321777,0.6130069494247437,14.576353073120117,12.270262718200684,13.830718040466309,2.258820056915283,14.560531616210938,-1.4364310503005981,17.822080612182617,-12.355685234069824,15.343518257141113,0.1074835789125274,0.10665498269459067,2208.8865943467245,1205.6919674292415
Rumba-Misc/Media-103711,Media-103711.wav,Rumba-Misc,Rumba,31.787936507936507,-198.54574584960938,104.2087631225586,99.52266693115234,37.18403625488281,40.14803695678711,21.437454223632812,42.81058120727539,17.52813148498535,11.310318946838379,13.537908554077148,16.54001808166504,11.309191703796387,-1.2864898443222046,9.687870979309082,5.691131591796875,9.043463706970215,-5.065033435821533,11.106420516967773,-9.365391731262207,10.511370658874512,-11.665249824523926,11.334166526794434,-1.8337764739990234,10.730196952819824,-8.96015739440918,10.721275329589844,0.04217908258765522,0.027833596903362436,1430.5060803448102,805.8251617523504
Rumba-Misc/Media-103712,Media-103712.wav,Rumba-Misc,Rumba,31.787936507936507,-225.168212890625,135.314453125,57.72324752807617,41.70392990112305,21.3604736328125,31.034461975097656,36.379486083984375,26.123136520385742,10.987640380859375,21.15900993347168,10.574783325195312,15.512038230895996,5.2909369468688965,15.505179405212402,17.125579833984375,12.891444206237793,-2.9552059173583984,15.563109397888184,9.101051330566406,14.3652982711792,2.4692418575286865,12.434743881225586,1.5632083415985107,10.962812423706055,-9.735746383666992,12.617420196533203,0.07896317453433163,0.07730627863019422,2348.3987011630443,1332.4963054106342
Rumba-Misc/Media-103717,Media-103717.wav,Rumba-Misc,Rumba,31.787936507936507,-151.41293334960938,104.6883316040039,124.12630462646484,39.894287109375,-9.714106559753418,19.20855140686035,37.12641906738281,15.103438377380371,5.568598747253418,13.034568786621094,0.712352991104126,10.822399139404297,2.714384078979492,11.197043418884277,-0.7327826023101807,9.886271476745605,-4.987703800201416,9.657000541687012,1.8529086112976074,9.931863784790039,-10.734804153442383,10.577391624450684,1.6880228519439697,9.14249324798584,-12.131693840026855,10.360021591186523,0.06419168587929146,0.03550536232537607,1417.2930073836571,655.118989503024
Rumba-Misc/Media-103809,Media-103809.wav,Rumba-Misc,Rumba,31.787936507936507,-236.5170135498047,110.77786254882812,110.75685119628906,43.80332565307617,15.797280311584473,20.46579360961914,44.22669219970703,24.98700523376465,8.92333698272705,16.170337677001953,-3.8462963104248047,16.064077377319336,-2.9909069538116455,16.09100914001465,-6.617731094360352,11.647398948669434,-5.033368110656738,12.871231079101562,-3.7250797748565674,13.44214916229248,-19.1369686126709,13.017338752746582,-10.906074523925781,11.423226356506348,-13.485260963439941,9.511544227600098,0.04711575225986121,0.035195338583405,1320.8058156089849,847.6852622517479
Rumba-Misc/Media-103810,Media-103810.wav,Rumba-Misc,Rumba,31.787936507936507,-256.9707946777344,97.21237182617188,135.39488220214844,45.47205352783203,17.997303009033203,19.886276245117188,37.016571044921875,18.02286720275879,25.033809661865234,14.998295783996582,11.999815940856934,11.763772964477539,2.929382562637329,12.750384330749512,6.337083339691162,11.939106941223145,-0.38888272643089294,12.618250846862793,4.043353080749512,10.020194053649902,-4.499424457550049,9.193037033081055,-3.5301966667175293,11.289852142333984,0.46487370133399963,11.993778228759766,0.027543485208181156,0.019588167071741616,881.8499888951832,643.0589239291843
Rumba-Misc/Media-103811,Media-103811.wav,Rumba-Misc,Rumba,31.787936507936507,-175.21751403808594,115.62435913085938,94.76394653320312,37.608551025390625,8.991538047790527,22.46031379699707,38.642486572265625,20.07050323486328,7.863705635070801,14.308733940124512,15.626343727111816,12.11054801940918,1.594858169555664,13.414291381835938,5.422451019287109,9.358388900756836,0.07108192890882492,11.343347549438477,0.8481465578079224,9.928544044494629,-10.410053253173828,12.20284366607666,-7.9879679679870605,9.727582931518555,-6.7331767082214355,8.79163646697998,0.05720559030314098,0.039907075468141345,1666.1730785020252,781.6992634869739
Rumba-Misc/Media-103812,Media-103812.wav,Rumba-Misc,Rumba,31.787936507936507,-209.7156982421875,123.3268814086914,80.93804931640625,40.25188446044922,16.82747459411621,27.98050880432129,25.04737663269043,20.596004486083984,12.388242721557617,17.379940032958984,3.006520986557007,17.047128677368164,3.244326114654541,11.40261173248291,8.728875160217285,15.52408504486084,3.4025487899780273,12.422880172729492,4.4285430908203125,15.222761154174805,2.531852960586548,14.944205284118652,2.3046581745147705,11.483089447021484,2.0910682678222656,11.848947525024414,0.07996434726533966,0.0772980404301975,2002.0142702665783,1179.1969668363574
Rumba-Misc/Media-103817,Media-103817.wav,Rumba-Misc,Rumba,31.787936507936507,-179.218994140625,104.34563446044922,117.83863830566406,51.68699645996094,24.29159927368164,28.84461784362793,34.70854568481445,18.0316104888916,4.572262287139893,12.247201919555664,5.868173122406006,11.076495170593262,-2.1898250579833984,9.045464515686035,5.223008155822754,10.026247024536133,-4.5097761154174805,10.181434631347656,3.4135916233062744,11.354964256286621,-7.125312328338623,8.580290794372559,-2.974781036376953,8.936176300048828,-1.479256510734558,8.017929077148438,0.04701873801588751,0.04036697911161293,1451.2234480299646,976.8422016337391
Rumba-Misc/Media-103818,Media-103818.wav,Rumba-Misc,Rumba,31.787936507936507,-211.6200714111328,111.61088562011719,129.4838409423828,47.384620666503906,14.24020004272461,26.560317993164062,33.01542282104492,18.37110710144043,12.864485740661621,15.486396789550781,9.854490280151367,13.502325057983398,4.216370582580566,11.783971786499023,3.2037220001220703,9.958113670349121,-2.209111452102661,11.534520149230957,3.1049795150756836,15.194144248962402,-10.097783088684082,11.427420616149902,-0.2637687027454376,10.96179485321045,-1.9708811044692993,10.559797286987305,0.04374807398192111,0.028515566914945747,1171.3119026039399,706.9273649475327
Rumba-Misc/Media-103911,Media-103911.wav,Rumba-Misc,Rumba,31.787936507936507,-204.93829345703125,107.90545654296875,127.98566436767578,47.72827911376953,-1.7524210214614868,20.36717987060547,22.947505950927734,13.693780899047852,0.24569499492645264,13.30103874206543,4.761723518371582,10.313021659851074,1.5182313919067383,10.651729583740234,6.319955825805664,12.750850677490234,-2.805706024169922,14.212911605834961,1.9215301275253296,11.049421310424805,-5.359590530395508,11.866750717163086,1.0695112943649292,17.48323631286621,-1.176109790802002,16.746538162231445,0.06210587963385683,0.03233179502522953,1346.1297837787404,655.63197193906
Rumba-Misc/Media-103912,Media-103912.wav,Rumba-Misc,Rumba,31.787936507936507,-164.2958526611328,117.08911895751953,115.16654205322266,37.731231689453125,-13.767120361328125,23.07159996032715,19.846349716186523,16.169002532958984,-3.486328125,14.859565734863281,4.222252368927002,12.514909744262695,-4.364378929138184,10.657003402709961,-0.6610864400863647,12.865639686584473,-1.182546615600586,12.813743591308594,7.7213850021362305,12.302618980407715,-4.534549713134766,10.213656425476074,-0.7285444736480713,11.214938163757324,-6.3587188720703125,8.870160102844238,0.0662860522050767,0.03162161968510174,1527.3132492368004,608.4474575086258
Rumba-Misc/Media-103913,Media-103913.wav,Rumba-Misc,Rumba,31.787936507936507,-177.5054168701172,119.3451156616211,97.32192993164062,42.25514602661133,11.057519912719727,21.550048828125,44.46123504638672,16.56401252746582,8.04494571685791,11.546097755432129,15.710392951965332,12.249004364013672,-1.88429594039917,13.415948867797852,7.332301616668701,10.724245071411133,-7.587473392486572,12.684556007385254,-2.1190555095672607,13.42225456237793,-9.57628345489502,13.126774787902832,-3.963630437850952,15.256728172302246,-4.901721954345703,16.035329818725586,0.07264690524561723,0.06478851150775927,1669.6425882845272,921.6767922547683
Rumba-Misc/Media-103914,Media-103914.wav,Rumba-Misc,Rumba,31.787936507936507,-147.952880859375,122.59761810302734,95.12442779541016,39.28657913208008,9.708864212036133,24.479318618774414,34.721778869628906,16.105026245117188,-2.3702259063720703,12.688719749450684,6.208822250366211,11.591662406921387,-9.086165428161621,10.130569458007812,-2.593729019165039,10.457220077514648,-6.360098361968994,12.780689239501953,1.3695173263549805,11.190139770507812,-6.995574474334717,11.514679908752441,3.0444631576538086,11.710718154907227,-3.9615366458892822,14.100603103637695,0.08460890419558072,0.06414527721628362,1890.2267548697725,904.2455988060012
Rumba-Misc/Media-104005,Media-104005.wav,Rumba-Misc,Rumba,31.787936507936507,-229.6460723876953,115.74454498291016,113.7424545288086,44.56015396118164,32.002689361572266,22.99482536315918,9.459471702575684,16.649293899536133,-2.003722667694092,12.42428970336914,5.1896443367004395,12.591978073120117,3.3667101860046387,10.67765998840332,8.88275146484375,14.704568862915039,0.06862776726484299,11.619866371154785,-0.4640452563762665,11.537603378295898,-2.779242753982544,9.832047462463379,3.713536262512207,10.250529289245605,-3.3821847438812256,11.648675918579102,0.059022824027574874,0.03398719040224104,1535.4741730708106,874.5229918271854
Rumba-Misc/Media-104006,Media-104006.wav,Rumba-Misc,Rumba,31.787936507936507,-174.8236083984375,128.99143981933594,86.60504150390625,41.3880500793457,33.424903869628906,23.262956619262695,20.88690948486328,16.229982376098633,12.493758201599121,12.461113929748535,9.137535095214844,13.62527084350586,2.9291563034057617,10.87224006652832,4.222659587860107,12.041394233703613,-4.506417274475098,11.82467269897461,8.470836639404297,13.204742431640625,-0.024100370705127716,11.915986061096191,3.450650453567505,9.338191986083984,-7.407007694244385,8.76526927947998,0.07666479296018992,0.06229891711215417,2220.943438230711,1194.2634254033815
Rumba-Misc/Media-104007,Media-104007.wav,Rumba-Misc,Rumba,31.787936507936507,-174.89109802246094,112.04579162597656,91.87039947509766,37.78115463256836,35.92623519897461,25.16449737548828,24.936717987060547,17.755962371826172,16.238115310668945,13.26047420501709,12.4385986328125,12.970157623291016,-1.9427344799041748,10.565367698669434,4.614259243011475,11.949674606323242,-1.2751632928848267,10.58037281036377,10.000443458557129,12.861174583435059,-0.9630260467529297,10.476317405700684,-1.5111333131790161,10.456750869750977,-7.376469612121582,11.510372161865234,0.06110042686267349,0.05083431215899465,1961.1584498784814,996.4327533091242
Rumba-Misc/Media-104008,Media-104008.wav,Rumba-Misc,Rumba,31.787936507936507,-249.4996795654297,108.96742248535156,105.58409118652344,45.68217086791992,4.096507549285889,25.926624298095703,-2.2495126724243164,21.706912994384766,-3.9035871028900146,20.640220642089844,1.620805263519287,15.150008201599121,-16.484237670898438,14.030075073242188,-2.986243963241577,14.756563186645508,-2.444572687149048,16.746627807617188,1.9265941381454468,15.915497779846191,0.6745952367782593,19.1236515045166,4.0289435386657715,19.100120544433594,-6.296741008758545,18.70320701599121,0.07310451287436084,0.04546569026191987,1651.5347484959798,1025.388484309794
Rumba-Misc/Media-104112,Media-104112.wav,Rumba-Misc,Rumba,31.787936507936507,-298.40875244140625,134.28466796875,83.58544158935547,38.08353042602539,36.7402458190918,24.92037582397461,2.343012571334839,18.988000869750977,2.1559479236602783,14.82870864868164,-6.419529438018799,18.721765518188477,-10.9056396484375,18.85325813293457,-16.103307723999023,20.9405574798584,-14.739889144897461,20.817201614379883,-7.061163902282715,16.753564834594727,-15.467183113098145,14.773016929626465,-3.877959728240967,12.523632049560547,-6.69337797164917,18.14951515197754,0.07412815581628926,0.08997573229996166,1878.1031871435864,1394.6416160916115
Rumba-Misc/Media-104113,Media-104113.wav,Rumba-Misc,Rumba,31.787936507936507,-176.9959716796875,105.73114013671875,84.12417602539062,41.83869934082031,-0.8958295583724976,29.183780670166016,6.056822299957275,19.83418083190918,-10.326343536376953,28.23664665222168,-17.01141929626465,18.56667137145996,-0.165305495262146,14.348041534423828,-1.6565228700637817,10.892126083374023,-10.098648071289062,18.43556022644043,-11.461006164550781,12.862996101379395,-15.26521110534668,12.70581340789795,-1.0885202884674072,12.407361030578613,-5.2747979164123535,13.334449768066406,0.12057943183893353,0.0795641529155722,2485.688298589318,1253.308654015125
Rumba-Misc/Media-104114,Media-104114.wav,Rumba-Misc,Rumba,31.787936507936507,-240.09030151367188,114.3841552734375,95.6114730834961,39.02280044555664,19.89528465270996,22.109601974487305,23.22260284423828,13.763115882873535,17.62319564819336,21.230653762817383,16.731285095214844,11.968619346618652,2.24094557762146,10.623703002929688,1.22849702835083,17.32216453552246,6.948399066925049,15.975214958190918,6.099281311035156,14.729655265808105,-6.009410858154297,16.32674217224121,-8.60814094543457,13.912910461425781,1.7079651355743408,11.100465774536133,0.0879566089527027,0.08611638445942893,1806.598434481667,1036.413322472666
Rumba-Misc/Media-104115,Media-104115.wav,Rumba-Misc,Rumba,31.787936507936507,-214.67764282226562,108.52027893066406,128.79161071777344,46.15134048461914,9.548612594604492,21.648441314697266,29.72515869140625,19.82906723022461,7.748967170715332,14.417372703552246,2.5580081939697266,14.833603858947754,4.136337757110596,13.857575416564941,-1.22283935546875,10.675440788269043,-12.968884468078613,10.961455345153809,-6.026197910308838,9.640748023986816,-7.665417671203613,11.285726547241211,-3.0706562995910645,9.39354419708252,-1.728769063949585,8.051960945129395,0.0470918553688824,0.03452298559814248,1218.9142058818463,697.4038692390858
Rumba-Misc/Media-105209,Media-105209.wav,Rumba-Misc,Rumba,30.71950113378685,-229.72543334960938,81.24659729003906,152.39158630371094,30.75115394592285,4.6852264404296875,19.581796646118164,8.058168411254883,17.107025146484375,4.633028030395508,9.150992393493652,0.9179090261459351,11.757083892822266,4.73624324798584,11.193596839904785,2.70050048828125,9.477171897888184,-3.179645538330078,8.86739730834961,-3.891371726989746,10.224129676818848,-5.466132640838623,10.50064754486084,-1.571767807006836,9.273091316223145,-8.091856002807617,8.681824684143066,0.051335595001889646,0.03397201496810509,1123.9832903239724,439.78151145160894
Rumba-Misc/Media-105408,Media-105408.wav,Rumba-Misc,Rumba,31.787936507936507,-180.2112579345703,98.92373657226562,113.044189453125,46.76764678955078,2.6733570098876953,22.170978546142578,21.891124725341797,28.338777542114258,-5.14091682434082,17.210853576660156,-9.26576042175293,16.763160705566406,-16.870445251464844,13.628707885742188,-8.546220779418945,13.990381240844727,-5.122819900512695,16.469192504882812,6.852675437927246,13.013115882873535,-12.92752742767334,16.53160858154297,-1.5670483112335205,11.65536117553711,-7.369530200958252,11.045731544494629,0.07686310148831264,0.05534179575639932,1778.1070090065168,991.5104642286183
Rumba-Misc/Media-105409,Media-105409.wav,Rumba-Misc,Rumba,31.787936507936507,-198.13059997558594,127.33689880371094,72.29100036621094,56.00269317626953,28.464336395263672,29.854509353637695,25.473966598510742,17.83500099182129,6.855291843414307,14.82749080657959,12.059741020202637,15.297097206115723,2.189037322998047,14.22127628326416,8.505355834960938,11.963438987731934,0.8882156014442444,13.630768775939941,9.857050895690918,11.644654273986816,-3.307725667953491,10.685898780822754,2.3448092937469482,11.057046890258789,7.909585475921631,11.818634986877441,0.10239247112399562,0.13496302109357908,2379.0697841887745,1649.6742537747489
Rumba-Misc/Media-105410,Media-105410.wav,Rumba-Misc,Rumba,31.787936507936507,-205.30108642578125,97.66497802734375,87.85249328613281,42.0279426574707,22.787588119506836,32.55115509033203,34.162322998046875,21.31390380859375,4.82566499710083,16.771976470947266,4.789698600769043,16.011886596679688,3.650280475616455,18.870691299438477,-2.594320058822632,13.812599182128906,-1.6532427072525024,11.624506950378418,9.698370933532715,17.631702423095703,-12.587133407592773,11.735895156860352,2.3386282920837402,12.184024810791016,-1.881916880607605,10.424248695373535,0.08419730699872169,0.07587952894809177,1944.5794842202306,1125.332638771703
Rumba-Misc/Media-105411,Media-105411.wav,Rumba-Misc,Rumba,31.787936507936507,-189.06480407714844,97.8822250366211,82.7396240234375,47.535560607910156,23.392892837524414,36.34867858886719,37.13673400878906,25.15537452697754,24.225664138793945,21.89785385131836,9.422263145446777,19.397329330444336,8.038193702697754,17.08104133605957,-6.38026237487793,18.74283790588379,-1.805411696434021,19.44734001159668,8.37432861328125,15.049765586853027,-11.184481620788574,14.036322593688965,4.356294631958008,13.359331130981445,-6.01656436920166,12.142154693603516,0.07729360219594594,0.0907414273213922,2074.0362881358724,1324.4898555266761
Rumba-Misc/Media-105412,Media-105412.wav,Rumba-Misc,Rumba,31.787936507936507,-94.67335510253906,114.14362335205078,87.82811737060547,33.015480041503906,10.704543113708496,17.320690155029297,43.68110656738281,16.867116928100586,7.964285850524902,12.048568725585938,8.739937782287598,9.666985511779785,-9.074515342712402,9.948784828186035,4.799631118774414,8.923544883728027,-4.424471378326416,9.211016654968262,3.691253185272217,9.510451316833496,-8.238730430603027,9.951868057250977,-0.9713706374168396,9.497651100158691,-4.429354190826416,8.510128021240234,0.0853368676953981,0.049400208157187445,2028.1760491902203,789.7604385567729
Rumba-Misc/Media-105418,Media-105418.wav,Rumba-Misc,Rumba,31.787936507936507,-186.832275390625,88.43118286132812,117.40632629394531,33.72682189941406,21.258350372314453,28.77186393737793,41.821266174316406,16.861330032348633,6.962059497833252,13.511441230773926,11.018961906433105,10.160126686096191,-1.497544288635254,11.749312400817871,7.07672119140625,10.500170707702637,-1.2423421144485474,11.001005172729492,1.702507734298706,10.577059745788574,-2.670924186706543,10.541292190551758,3.801903009414673,10.65149974822998,-2.9869842529296875,9.931404113769531,0.057076832427867055,0.037381666049002324,1413.452022232937,574.0534532094093
Rumba-Misc/Media-105419,Media-105419.wav,Rumba-Misc,Rumba,31.787936507936507,-214.04983520507812,111.82652282714844,104.05130004882812,50.185489654541016,-35.54841232299805,32.44196701049805,30.77549171447754,24.328765869140625,-9.412006378173828,24.73213768005371,-1.0639731884002686,14.399934768676758,-9.731090545654297,11.588711738586426,-3.808413028717041,12.103716850280762,-11.464624404907227,10.148213386535645,-11.865493774414062,13.457621574401855,-16.161727905273438,10.120061874389648,-8.052237510681152,10.365411758422852,-5.078101634979248,12.638106346130371,0.0948275001141344,0.054821142890832744,1899.6867315182037,889.7167993591529
Samba/Albums-AnaBelen_Veneo-02,Albums-AnaBelen_Veneo-02.wav,Samba,Samba,30.143537414965987,-113.4768295288086,80.72642517089844,85.00532531738281,18.590330123901367,7.264495849609375,12.581621170043945,20.792865753173828,10.575657844543457,5.602091312408447,8.774742126464844,14.934764862060547,9.101869583129883,7.0935139656066895,8.392627716064453,10.814038276672363,6.362000465393066,6.806575298309326,6.636620044708252,1.7396310567855835,8.32913875579834,5.020779132843018,6.957240581512451,-9.361848831176758,7.711793899536133,2.7553114891052246,8.459944725036621,0.11313089395688991,0.03576133907518612,2521.468387457793,521.5102727480876
Samba/Albums-Cafe_Paradiso-01,Albums-Cafe_Paradiso-01.wav,Samba,Samba,30.143537414965987,-118.11936950683594,69.54424285888672,59.52558898925781,22.10003662109375,-3.7871387004852295,23.916690826416016,20.726593017578125,20.957992553710938,-0.8348631262779236,14.874137878417969,1.3944839239120483,10.223905563354492,-8.464071273803711,11.376248359680176,-0.40843722224235535,9.501126289367676,3.283489942550659,9.395395278930664,-2.6339969635009766,11.265218734741211,-2.5745975971221924,10.63341999053955,-2.412147283554077,9.262065887451172,2.036586046218872,8.992317199707031,0.10530411013279446,0.04964357970429426,2888.172730976307,612.8523262364315
Samba/Albums-Cafe_Paradiso-02,Albums-Cafe_Paradiso-02.wav,Samba,Samba,30.143537414965987,-70.51335906982422,69.94493865966797,77.6370849609375,25.9791316986084,-17.41798973083496,35.166748046875,14.71875,19.300321578979492,1.721407175064087,12.862834930419922,4.166910171508789,16.631418228149414,1.6561893224716187,11.388177871704102,6.514610767364502,8.548887252807617,6.734911918640137,7.795363426208496,1.1831063032150269,7.42153787612915,0.5759471654891968,7.280101299285889,-7.197237014770508,7.480553150177002,-2.1778504848480225,7.320444107055664,0.11520355201116243,0.055023308178971574,2513.2555372053694,623.6949503006518
Samba/Albums-Cafe_Paradiso-03,Albums-Cafe_Paradiso-03.wav,Samba,Samba,30.143537414965987,-116.0263671875,81.51288604736328,53.23113250732422,20.343704223632812,-28.120983123779297,16.6669979095459,15.633858680725098,21.178783416748047,3.920342206954956,20.793540954589844,5.773852348327637,10.885106086730957,4.341569423675537,9.372231483459473,9.413999557495117,9.181315422058105,1.8988306522369385,9.348017692565918,-3.6444172859191895,8.825489044189453,6.382074356079102,8.327077865600586,0.9078165888786316,6.762919902801514,1.2861006259918213,7.255786895751953,0.15537755905985373,0.05858474976699865,2962.5069585919628,511.8537090619425
Samba/Albums-Cafe_Paradiso-04,Albums-Cafe_Paradiso-04.wav,Samba,Samba,30.143537414965987,-59.97395706176758,70.10836029052734,96.98948669433594,22.978221893310547,1.2652562856674194,13.801435470581055,21.81584358215332,12.172792434692383,4.929580211639404,9.887751579284668,9.378961563110352,8.324348449707031,2.1943247318267822,7.362926006317139,2.379244565963745,6.873018741607666,1.1561074256896973,7.437349319458008,0.7283056974411011,8.050365447998047,5.016542434692383,8.55178165435791,-1.4476662874221802,7.223763942718506,3.41003680229187,6.3393874168396,0.09984844110854503,0.04509272842468754,2258.964964328937,581.4267898610146
Samba/Albums-Fire-02,Albums-Fire-02.wav,Samba,Samba,30.71950113378685,-137.04637145996094,96.6594467163086,106.7367935180664,26.417835235595703,13.223299980163574,14.307456016540527,25.815292358398438,11.961688041687012,3.5530340671539307,10.739143371582031,10.23202133178711,8.714404106140137,6.060381889343262,9.026679992675781,9.885366439819336,6.835390567779541,7.593788146972656,8.581608772277832,5.58306884765625,7.6151227951049805,9.366632461547852,7.631837844848633,-1.587912917137146,7.332247734069824,6.4793524742126465,6.308450222015381,0.05189842864229025,0.03455355572947306,1783.3202208243401,651.9811585822982
Samba/Albums-Fire-09,Albums-Fire-09.wav,Samba,Samba,30.71950113378685,-160.23304748535156,101.4564208984375,90.29025268554688,24.875574111938477,15.8888521194458,20.02426528930664,32.094722747802734,15.162508010864258,10.619555473327637,12.851716041564941,15.741419792175293,10.559996604919434,3.3763508796691895,9.527024269104004,8.157674789428711,8.397917747497559,8.84263801574707,8.492109298706055,3.046053171157837,8.741843223571777,6.328211307525635,8.03713321685791,-3.194392681121826,6.480164051055908,5.152733325958252,6.466090679168701,0.05651181913737717,0.04173532856819926,2023.792038663798,660.5978171904036
Samba/Albums-Fire-15,Albums-Fire-15.wav,Samba,Samba,30.71950113378685,-139.5642547607422,83.89830017089844,104.13943481445312,21.174480438232422,19.77172088623047,11.333941459655762,25.729909896850586,10.323161125183105,1.8875845670700073,9.229982376098633,13.927690505981445,7.120393753051758,5.726352214813232,6.710015773773193,9.435121536254883,6.285519599914551,6.807240962982178,6.256453037261963,0.23902523517608643,6.4848127365112305,4.542953968048096,6.443835258483887,-4.734230995178223,6.051324844360352,5.119419097900391,6.229599475860596,0.05198922016723356,0.025492220994310415,1886.9662014824364,486.0325646874984
Samba/Albums-Latin_Jam-03,Albums-Latin_Jam-03.wav,Samba,Samba,30.143537414965987,-82.7079086303711,75.08554077148438,47.73033142089844,20.04285430908203,3.0446488857269287,16.50614356994629,20.898887634277344,13.037209510803223,4.170683860778809,11.769501686096191,18.086040496826172,9.09665298461914,6.216060161590576,7.473114490509033,12.993206977844238,7.835247039794922,11.725910186767578,8.384562492370605,6.958195686340332,8.587170600891113,10.940563201904297,9.3695707321167,0.8711392283439636,9.82555103302002,7.195311069488525,9.916911125183105,0.11279823121150885,0.07408735635946648,3163.151724241376,674.9170036797424
Samba/Albums-Latin_Jam-06,Albums-Latin_Jam-06.wav,Samba,Samba,30.047528344671203,-105.34739685058594,80.44632720947266,70.02058410644531,16.92728614807129,2.7768919467926025,17.611051559448242,24.779983520507812,17.01231575012207,2.8079581260681152,10.863149642944336,15.566390991210938,8.62410831451416,9.152467727661133,9.828862190246582,7.219196319580078,6.914613246917725,5.394662857055664,8.999286651611328,2.749105930328369,8.71018123626709,3.529196262359619,7.512135982513428,-6.069152355194092,6.4774274826049805,1.4710404872894287,6.969493865966797,0.10880602980212355,0.043630509043742764,2744.8689644733126,496.72851348471727
Samba/Albums-Latin_Jam-09,Albums-Latin_Jam-09.wav,Samba,Samba,30.047528344671203,-102.33169555664062,99.83537292480469,52.93254852294922,18.95284652709961,12.236420631408691,23.004863739013672,24.003570556640625,17.463125228881836,-4.636507987976074,14.376509666442871,10.474041938781738,11.568928718566895,6.577836036682129,8.300543785095215,8.083662033081055,7.989176273345947,4.318385601043701,6.467765808105469,2.1292247772216797,7.619044780731201,1.4744569063186646,7.2688493728637695,-7.614085674285889,7.501352787017822,3.2515790462493896,7.0738139152526855,0.1459319950530888,0.07536502132486413,3283.3448156753198,611.9640622886459
Samba/Albums-Latin_Jam-15,Albums-Latin_Jam-15.wav,Samba,Samba,30.143537414965987,-122.29289245605469,78.40641021728516,67.85427856445312,16.373802185058594,5.571750164031982,19.376026153564453,27.992752075195312,18.988361358642578,5.558431148529053,10.497063636779785,17.537336349487305,8.272245407104492,10.73515796661377,8.771352767944336,7.73844051361084,6.2883620262146,4.650304317474365,8.644353866577148,2.8538975715637207,8.19041919708252,3.531837224960327,6.780073165893555,-6.887300491333008,5.964418888092041,1.9773133993148804,6.447760581970215,0.10139598068225558,0.0362194273549622,2726.5448794115828,459.6245301895468
Samba/Albums-Latin_Jam2-01,Albums-Latin_Jam2-01.wav,Samba,Samba,30.143537414965987,-93.99903106689453,93.89602661132812,71.62397766113281,18.22709083557129,-2.4542365074157715,20.30769920349121,36.439231872558594,13.424671173095703,9.763204574584961,10.769012451171875,12.928600311279297,10.60637092590332,10.37558364868164,7.8106184005737305,6.153990745544434,7.437346458435059,8.953121185302734,7.279915809631348,10.129734992980957,7.308835983276367,5.180740833282471,6.801331043243408,2.2614219188690186,6.799932479858398,5.188143253326416,5.911836624145508,0.10526388989126251,0.05100641200700471,2562.646287576481,640.7983713395562
Samba/Albums-Latin_Jam2-02,Albums-Latin_Jam2-02.wav,Samba,Samba,30.047528344671203,-91.01165771484375,89.16134643554688,92.93865966796875,15.800243377685547,-21.711233139038086,14.365889549255371,6.938675880432129,12.230057716369629,1.038455843925476,10.9490385055542,4.169249057769775,17.298547744750977,-2.2591471672058105,14.643301963806152,-3.3020904064178467,12.185384750366211,0.5737536549568176,10.41391372680664,-2.658025026321411,9.939516067504883,-4.759255886077881,9.506729125976562,-4.434255123138428,8.246903419494629,2.853915214538574,9.876526832580566,0.10003657396235521,0.032036286152198425,2229.937871499948,404.7867570377533
Samba/Albums-Latin_Jam2-03,Albums-Latin_Jam2-03.wav,Samba,Samba,30.143537414965987,-89.8872299194336,78.76722717285156,48.82728576660156,21.5615234375,15.122246742248535,20.871946334838867,31.76285171508789,12.657221794128418,4.297713756561279,9.879327774047852,21.643272399902344,10.624738693237305,8.600379943847656,8.07091236114502,12.214056015014648,7.863446235656738,11.537022590637207,6.575672149658203,0.18561232089996338,6.5937042236328125,7.784392356872559,6.572199821472168,-3.1799774169921875,6.978189945220947,4.397566795349121,5.155399322509766,0.14987001720073134,0.08721430699446943,3305.900164229388,733.8671643723899
Samba/Albums-Latin_Jam2-14,Albums-Latin_Jam2-14.wav,Samba,Samba,30.143537414965987,-131.4053192138672,82.11042022705078,83.61962890625,20.596431732177734,-7.355345249176025,18.111820220947266,21.45304298400879,14.116403579711914,4.9820075035095215,10.033299446105957,3.003326654434204,14.377102851867676,-5.6719183921813965,12.043246269226074,-3.2769851684570312,11.583508491516113,-0.04636096954345703,10.272953033447266,-2.562901496887207,9.960908889770508,0.27534401416778564,9.917925834655762,-3.988615036010742,8.443780899047852,0.6110266447067261,8.831208229064941,0.09287380015877598,0.042645839055572614,2371.549796687358,600.9213577363602
Samba/Albums-Latin_Jam3-04,Albums-Latin_Jam3-04.wav,Samba,Samba,30.143537414965987,-90.40019989013672,67.0567626953125,64.28899383544922,11.673360824584961,5.167906284332275,14.161788940429688,24.36006736755371,8.860971450805664,7.767362594604492,7.985209941864014,15.487253189086914,8.248638153076172,4.253489971160889,8.368607521057129,11.509319305419922,7.84541654586792,4.935812950134277,7.51967191696167,-1.450569748878479,9.267182350158691,3.0947747230529785,9.180135726928711,-7.929779052734375,7.503666400909424,4.73202657699585,7.400496482849121,0.12387232967667436,0.04709376187719812,3048.8883615722075,416.18420384582805
Samba/Albums-Latin_Jam3-05,Albums-Latin_Jam3-05.wav,Samba,Samba,30.143537414965987,-120.22897338867188,74.31864166259766,69.72879028320312,24.402788162231445,-2.253575563430786,17.535429000854492,21.8338565826416,11.738852500915527,3.6068978309631348,10.694119453430176,9.871855735778809,9.40573501586914,2.0242319107055664,9.33848762512207,6.035311698913574,9.461454391479492,3.1416587829589844,8.476493835449219,-2.149376153945923,7.8219404220581055,3.229771852493286,7.193550109863281,-0.8395791053771973,7.50786828994751,4.750301361083984,6.265107154846191,0.1361425104647806,0.08424055316041588,2858.155965285791,762.2834949601697
Samba/Albums-Latin_Jam3-06,Albums-Latin_Jam3-06.wav,Samba,Samba,30.143537414965987,-84.4865493774414,71.41204833984375,90.67357635498047,18.498088836669922,14.87751579284668,22.91878318786621,21.77661895751953,11.101149559020996,2.6292784214019775,11.05896282196045,10.796463012695312,9.724703788757324,-1.9131479263305664,8.270520210266113,6.138519287109375,7.161797046661377,6.384335517883301,7.471675395965576,0.8677218556404114,8.17875862121582,3.4802443981170654,9.2855863571167,-2.4550583362579346,7.930540561676025,2.1066393852233887,8.119880676269531,0.09791223116339492,0.039529175557157216,2382.7621027543714,487.9400154360194
Samba/Albums-Latin_Jam4-02,Albums-Latin_Jam4-02.wav,Samba,Samba,30.143537414965987,-66.4417724609375,75.96139526367188,74.82992553710938,18.533226013183594,3.9740779399871826,17.857969284057617,33.47589874267578,11.069345474243164,11.805120468139648,9.936659812927246,10.550379753112793,8.33017635345459,4.721095561981201,7.792741775512695,11.563645362854004,7.298656463623047,8.998926162719727,5.973875999450684,4.779311180114746,6.64528226852417,3.549029588699341,7.495022296905518,0.5182670950889587,6.278886795043945,6.85014533996582,6.589226245880127,0.10081109567455736,0.03714087899095703,2609.910355971,474.9755079436726
Samba/Albums-Latin_Jam4-07,Albums-Latin_Jam4-07.wav,Samba,Samba,30.143537414965987,-63.316368103027344,75.23536682128906,63.74302291870117,18.66780662536621,23.17071533203125,20.869176864624023,29.533342361450195,11.689724922180176,6.351279258728027,8.118973731994629,15.162969589233398,9.223703384399414,6.65023136138916,7.708725452423096,13.903820037841797,7.605349063873291,5.203944206237793,6.0243682861328125,0.7764721512794495,6.52161169052124,7.873736381530762,6.774254322052002,-1.5773019790649414,6.696268081665039,5.818913459777832,6.073890209197998,0.09159878091320246,0.04360466619522184,2885.03132557902,553.9162631299087
Samba/Albums-Latin_Jam4-12,Albums-Latin_Jam4-12.wav,Samba,Samba,30.143537414965987,-75.78963470458984,75.36317443847656,75.01559448242188,19.785511016845703,-14.72043514251709,17.653366088867188,21.682443618774414,14.013895034790039,-0.13969354331493378,11.461566925048828,2.9955103397369385,12.173115730285645,0.3204786479473114,10.897047996520996,1.5624425411224365,10.076305389404297,4.02266263961792,9.646566390991211,1.9568448066711426,9.149760246276855,2.4654572010040283,9.346742630004883,-4.545919895172119,8.652275085449219,1.409651279449463,8.653767585754395,0.12410350209295612,0.04104260877881549,2660.421153513553,492.59752238567955
Samba/Albums-Latin_Jam5-01,Albums-Latin_Jam5-01.wav,Samba,Samba,30.143537414965987,-121.66120910644531,89.38507843017578,84.34490203857422,20.251384735107422,0.7389591932296753,22.139968872070312,25.20794105529785,18.74493408203125,5.331293106079102,13.501094818115234,12.111627578735352,12.234179496765137,5.1992058753967285,7.881584167480469,8.785998344421387,10.073392868041992,10.53051471710205,12.902000427246094,-1.0385818481445312,7.036197662353516,5.019931316375732,8.002034187316895,-2.582545518875122,7.962092876434326,6.1105451583862305,6.852363586425781,0.08449333020592764,0.037623295103490634,2326.05946292698,527.4932167533755
Samba/Albums-Latin_Jam5-06,Albums-Latin_Jam5-06.wav,Samba,Samba,30.143537414965987,-143.67669677734375,99.47435760498047,96.6542739868164,22.034488677978516,3.857436180114746,15.770764350891113,35.97077941894531,12.032185554504395,9.565858840942383,9.464407920837402,10.251116752624512,8.19873332977295,5.546106338500977,6.877920627593994,6.99016809463501,5.953072547912598,8.002481460571289,6.9179511070251465,1.67729914188385,6.223478317260742,2.530057191848755,6.607719421386719,-0.45907890796661377,6.337583065032959,0.9371647238731384,7.023273944854736,0.07006290896843725,0.036829414904639826,2007.5662442679325,569.9909494351804
Samba/Albums-Latin_Jam5-10,Albums-Latin_Jam5-10.wav,Samba,Samba,30.143537414965987,-129.61251831054688,101.26618957519531,103.8331298828125,34.89570617675781,21.7651309967041,18.139068603515625,21.590848922729492,17.45832633972168,-4.8369669914245605,15.693819046020508,6.811849594116211,10.376184463500977,6.80979585647583,10.415058135986328,9.980669021606445,9.969532012939453,0.2633306682109833,8.8732271194458,-7.059877872467041,8.218761444091797,-2.4886128902435303,8.529820442199707,-2.9866979122161865,8.502211570739746,0.2933202087879181,7.921875476837158,0.07011891659449576,0.03787419703601767,2085.48877071933,768.0589965211695
Samba/Albums-Latino_Latino-03,Albums-Latino_Latino-03.wav,Samba,Samba,30.71950113378685,-209.07244873046875,106.68354797363281,103.07247924804688,35.20252990722656,-3.819021224975586,20.49498176574707,14.433878898620605,19.85301971435547,-1.7819069623947144,12.083659172058105,2.8384482860565186,13.81336784362793,-2.9521963596343994,10.439750671386719,-6.43734884262085,9.904748916625977,-4.5278754234313965,11.216912269592285,-8.623466491699219,9.930198669433594,-1.674433946609497,8.876734733581543,-3.9939372539520264,8.356073379516602,-2.1051535606384277,7.847404956817627,0.08110303583238851,0.040180257908116086,1952.2239776095923,772.2032271045481
Samba/Albums-Macumba-05,Albums-Macumba-05.wav,Samba,Samba,30.09233560090703,-121.548095703125,79.98786163330078,104.26670837402344,31.93278694152832,-11.938291549682617,19.739858627319336,12.207818984985352,16.9208927154541,45.27925109863281,19.48399543762207,-32.092899322509766,20.03310775756836,30.197017669677734,12.614733695983887,1.3826624155044556,8.639853477478027,-21.344284057617188,9.961194038391113,33.65402603149414,11.33984375,-34.610130310058594,12.111360549926758,21.804744720458984,9.575089454650879,-10.14137077331543,8.267945289611816,0.11132134331597222,0.05596827439128707,2400.653016773395,616.6572688057234
Samba/Albums-Macumba-06,Albums-Macumba-06.wav,Samba,Samba,30.09233560090703,-127.63107299804688,77.58312225341797,125.93170928955078,22.75791358947754,-3.136165142059326,13.411030769348145,4.162573337554932,15.06875991821289,44.27078628540039,15.033429145812988,-35.35021209716797,14.677497863769531,38.796783447265625,12.345986366271973,-1.7912094593048096,9.511137008666992,-18.292139053344727,9.451168060302734,39.172630310058594,11.683552742004395,-33.45968246459961,11.120831489562988,20.330276489257812,9.704679489135742,-11.473225593566895,8.563360214233398,0.08348893530574845,0.03514315179703378,2075.154758725826,492.7010824951401
Samba/Albums-Macumba-07,Albums-Macumba-07.wav,Samba,Samba,30.09233560090703,-128.28414916992188,80.26608276367188,117.1076889038086,24.16914939880371,-7.53448486328125,19.311237335205078,8.790711402893066,15.374431610107422,47.94190216064453,16.020645141601562,-33.07075881958008,14.158992767333984,26.54129981994629,12.542606353759766,-1.4265671968460083,8.958908081054688,-14.969599723815918,10.439693450927734,30.601869583129883,12.834380149841309,-32.023834228515625,13.576430320739746,27.327714920043945,12.168535232543945,-4.0366363525390625,8.697364807128906,0.08004798418209877,0.0415753429175722,2114.5255520652204,522.42773389273
Samba/Albums-Macumba-08,Albums-Macumba-08.wav,Samba,Samba,30.09233560090703,-142.4646759033203,78.61658477783203,120.79997253417969,20.760250091552734,-7.348348617553711,15.284238815307617,4.026852130889893,10.857549667358398,48.11646270751953,14.397679328918457,-31.863407135009766,13.35994815826416,38.2646484375,12.941572189331055,4.786834239959717,9.6922025680542,-12.88953685760498,9.463906288146973,32.9136962890625,12.61480712890625,-36.38058853149414,10.582047462463379,20.76999282836914,9.450674057006836,-3.6961138248443604,8.507675170898438,0.08801796995563271,0.03715933113285383,2100.727422413573,482.0291232240045
Samba/Albums-Pais_Tropical-01,Albums-Pais_Tropical-01.wav,Samba,Samba,30.143537414965987,-80.72663116455078,73.92276000976562,68.4073715209961,15.506359100341797,1.4360716342926025,13.59522533416748,30.807207107543945,10.298274993896484,2.2950875759124756,10.76445484161377,7.034126281738281,9.598052024841309,4.133603572845459,9.778692245483398,4.004568576812744,7.260463237762451,-0.15081138908863068,7.643847465515137,-3.581190824508667,8.729878425598145,2.697678804397583,7.9898762702941895,-3.328775644302368,7.873931407928467,3.586514472961426,8.080550193786621,0.1255972893812548,0.042084448591652106,2802.3863254553203,436.68960198398895
Samba/Albums-Pais_Tropical-02,Albums-Pais_Tropical-02.wav,Samba,Samba,30.143537414965987,-103.33992767333984,77.19078826904297,61.753326416015625,27.865835189819336,2.261600971221924,13.674190521240234,28.244619369506836,11.658184051513672,7.829085826873779,11.082491874694824,17.319324493408203,9.398423194885254,10.76802921295166,9.5656156539917,11.355596542358398,10.096309661865234,5.03836727142334,9.092134475708008,-6.740976333618164,8.502850532531738,-6.562343597412109,8.48525619506836,-1.7705003023147583,9.417991638183594,-0.47864022850990295,8.437108993530273,0.1368202403290993,0.08324048727918894,2923.929287998164,846.6494780923614
Samba/Albums-Pais_Tropical-03,Albums-Pais_Tropical-03.wav,Samba,Samba,30.143537414965987,-110.58980560302734,86.07095336914062,83.47933197021484,21.159141540527344,3.9269585609436035,13.90021800994873,35.64363098144531,15.021293640136719,6.492028713226318,10.201874732971191,12.79240608215332,10.888897895812988,13.312093734741211,8.619513511657715,8.803990364074707,7.395631313323975,6.35862922668457,7.302416801452637,3.650681972503662,7.559266090393066,-1.8960821628570557,6.535245418548584,0.30095383524894714,6.99834680557251,-0.4436149001121521,6.001391410827637,0.08468465827078522,0.037104476043122336,2314.2093420988754,556.9388903836644
Samba/Albums-Pais_Tropical-04,Albums-Pais_Tropical-04.wav,Samba,Samba,29.951519274376416,-60.96706771850586,74.73995208740234,85.69302368164062,19.524864196777344,-11.07162094116211,13.069758415222168,26.946977615356445,14.97275447845459,9.2821044921875,10.176941871643066,12.517154693603516,8.843023300170898,11.053007125854492,9.389911651611328,8.779242515563965,6.224965572357178,2.6784963607788086,6.902812480926514,-1.7911367416381836,7.349232196807861,3.875349760055542,8.76115608215332,-0.6200223565101624,6.952371120452881,2.6151978969573975,6.95848274230957,0.10144743217054264,0.041405912461109334,2340.8028933349015,472.2078577447387
Samba/Media-103501,Media-103501.wav,Samba,Samba,31.787936507936507,-198.6177215576172,154.15753173828125,76.62762451171875,34.77054977416992,7.990339756011963,26.13549041748047,26.58104133605957,20.93463897705078,11.635613441467285,15.552794456481934,8.226338386535645,13.176191329956055,-3.9919588565826416,13.029305458068848,6.710861682891846,10.896455764770508,-6.110965728759766,11.647945404052734,0.9727022647857666,10.326969146728516,-7.643327236175537,9.733394622802734,0.5895228981971741,11.493154525756836,-3.753248453140259,8.772919654846191,0.1045585281227173,0.08151417348537049,2268.836279685951,1066.2222263479528
Samba/Media-103502,Media-103502.wav,Samba,Samba,31.787936507936507,-132.51744079589844,125.32551574707031,72.04183197021484,28.119029998779297,3.5033416748046875,17.706907272338867,25.64255142211914,16.355186462402344,-10.568137168884277,14.760845184326172,2.3750131130218506,12.136725425720215,7.614273548126221,16.963138580322266,4.351215362548828,11.305373191833496,-7.585793495178223,13.9929838180542,2.1143858432769775,12.339398384094238,-4.477413177490234,9.762117385864258,8.697519302368164,12.615180015563965,1.0835576057434082,11.224373817443848,0.11043609329346238,0.04892464432581288,2353.5607442742735,766.5546636538339
Samba/Media-103503,Media-103503.wav,Samba,Samba,31.787936507936507,-155.69119262695312,134.1325225830078,58.42905807495117,33.04396057128906,19.368181228637695,19.556697845458984,31.113569259643555,14.364326477050781,9.73035717010498,13.632596969604492,18.765422821044922,11.653313636779785,6.1735334396362305,13.523505210876465,4.173923015594482,16.84410858154297,-6.012715816497803,16.754392623901367,2.771324872970581,14.53993034362793,0.5225227475166321,10.642189979553223,8.324309349060059,11.243670463562012,1.5962802171707153,11.021402359008789,0.11744144905040176,0.06848353588196752,2663.338257013354,1038.4946398428608
Samba/Media-103504,Media-103504.wav,Samba,Samba,31.787936507936507,-234.3402099609375,138.5929412841797,54.903961181640625,58.279693603515625,1.8311916589736938,20.884408950805664,12.418624877929688,25.030200958251953,5.278761863708496,18.76180648803711,0.5125046968460083,12.334358215332031,-10.044435501098633,18.560949325561523,-4.886559009552002,12.999695777893066,-3.6296253204345703,12.392169952392578,2.2602739334106445,13.001773834228516,-1.7917649745941162,10.607911109924316,0.1866769790649414,9.354273796081543,1.2468130588531494,9.774539947509766,0.16027323776479183,0.17109064151429385,2848.0680934081856,1697.2356423422384
Samba/Media-103505,Media-103505.wav,Samba,Samba,31.787936507936507,-188.5835418701172,142.1385955810547,30.29022979736328,40.61552429199219,-1.369706153869629,30.335987091064453,8.944721221923828,21.019567489624023,-6.402254581451416,18.695709228515625,5.8318657875061035,16.620136260986328,-8.843001365661621,15.639731407165527,8.018811225891113,13.496150970458984,-0.14311562478542328,15.55332088470459,0.8801096677780151,15.873682022094727,-10.71829891204834,15.932206153869629,-0.14150115847587585,11.448837280273438,0.8924725651741028,12.45820140838623,0.17539961308436816,0.1143608586775988,3304.271625966924,1242.0857891484789
Samba/Media-103506,Media-103506.wav,Samba,Samba,31.787936507936507,-160.192138671875,120.73875427246094,54.15282440185547,33.217864990234375,29.096187591552734,23.1549015045166,21.198453903198242,18.88629150390625,9.527122497558594,14.925320625305176,13.700103759765625,13.822236061096191,4.412367820739746,11.143932342529297,7.665545463562012,9.323383331298828,-3.4722859859466553,9.845926284790039,12.462484359741211,11.171295166015625,-6.127958297729492,11.29505443572998,8.689765930175781,10.467391014099121,-8.88979434967041,10.616809844970703,0.1415940724296932,0.11089727134708069,2940.3867447151874,1234.81018362522
Samba/Media-103605,Media-103605.wav,Samba,Samba,31.787936507936507,-166.1824951171875,119.30328369140625,47.34785842895508,33.571712493896484,1.0943834781646729,20.2924861907959,21.441946029663086,19.430490493774414,2.8478362560272217,14.596455574035645,12.463545799255371,13.344767570495605,7.750211238861084,13.426046371459961,7.809004783630371,11.984977722167969,2.603872299194336,13.489773750305176,11.200847625732422,14.045112609863281,3.2717807292938232,12.484283447265625,2.0430996417999268,11.642716407775879,-0.8439115881919861,11.13180923461914,0.14277821687819575,0.11157300616848506,2863.4822359290324,1254.9497969110992
Samba/Media-103606,Media-103606.wav,Samba,Samba,31.787936507936507,-160.8976287841797,125.482421875,84.98345184326172,33.918949127197266,-18.520994186401367,28.38811683654785,16.1635799407959,18.413339614868164,2.298820734024048,14.668888092041016,16.707509994506836,12.265737533569336,-1.4329277276992798,13.178437232971191,7.69465970993042,10.584799766540527,-1.2046246528625488,10.862411499023438,3.3894686698913574,9.542536735534668,4.048256874084473,8.587674140930176,8.336668014526367,9.450638771057129,2.22711181640625,7.990792751312256,0.10055455053871439,0.06856927195277478,2166.353790732402,843.951047499362
Samba/Media-103607,Media-103607.wav,Samba,Samba,31.787936507936507,-103.49463653564453,115.37384796142578,61.940494537353516,24.883358001708984,-8.068787574768066,15.146103858947754,23.786781311035156,13.827765464782715,19.487537384033203,11.295734405517578,25.59954261779785,10.518810272216797,8.098101615905762,8.342370986938477,14.856447219848633,8.468761444091797,10.638748168945312,9.716859817504883,11.663427352905273,8.73051643371582,2.9502830505371094,8.409722328186035,6.72367000579834,7.688041687011719,2.5999271869659424,6.988300800323486,0.08603522758400292,0.04947854492273541,2454.2684366648964,832.9398431009362
Samba/Media-103618,Media-103618.wav,Samba,Samba,31.787936507936507,-125.73280334472656,138.6851043701172,75.65489959716797,34.83549880981445,-5.452144145965576,36.8270378112793,27.722972869873047,19.064167022705078,2.266326665878296,15.264226913452148,11.380040168762207,14.659110069274902,-0.7668237686157227,13.484288215637207,1.257826805114746,11.407745361328125,-4.12297248840332,11.283061027526855,3.469630241394043,10.895750045776367,-1.8134000301361084,9.00259017944336,1.565399169921875,8.532437324523926,-3.6561901569366455,8.651482582092285,0.11025133822589481,0.05891338382530727,2371.056644213892,860.6117975816037
Samba/Media-103705,Media-103705.wav,Samba,Samba,31.787936507936507,-133.11097717285156,127.13450622558594,78.3416976928711,29.956470489501953,-12.635096549987793,24.061532974243164,23.545167922973633,12.013185501098633,12.430216789245605,13.216724395751953,10.512713432312012,9.631393432617188,6.468470573425293,9.889039993286133,1.9926164150238037,9.852688789367676,2.187403678894043,8.903253555297852,6.608466148376465,9.338611602783203,2.8769493103027344,8.965399742126465,1.6891403198242188,9.845394134521484,2.107926845550537,8.99871826171875,0.09816058140065742,0.04873785669297635,2213.052373311648,731.2250253800513
Samba/Media-103706,Media-103706.wav,Samba,Samba,31.787936507936507,-119.72010040283203,135.93814086914062,46.873477935791016,19.815532684326172,4.8680925369262695,23.391427993774414,25.4565372467041,18.13360023498535,-0.311590313911438,12.344487190246582,7.88360071182251,14.43288516998291,4.328451633453369,12.042036056518555,8.85960865020752,11.683074951171875,-0.7481468915939331,12.51365852355957,5.445530414581299,11.3327054977417,5.144369125366211,10.241052627563477,5.205273628234863,11.11596965789795,-0.8629887700080872,10.864289283752441,0.14464930777483564,0.07018215868322587,2930.641885653467,922.992606415631
Samba/Media-103707,Media-103707.wav,Samba,Samba,31.787936507936507,-103.43243408203125,132.03359985351562,68.76932525634766,28.768030166625977,20.091018676757812,22.595752716064453,22.66565704345703,15.53968620300293,10.36074447631836,11.521597862243652,12.593531608581543,11.8264799118042,6.320761203765869,8.523717880249023,4.3837666511535645,8.003218650817871,-4.860715866088867,7.2145280838012695,-1.3912193775177002,7.852699279785156,-4.955970287322998,7.060688495635986,-0.8553799986839294,6.484458923339844,-5.078441619873047,6.661468505859375,0.09086168622169467,0.06041909857464241,2621.9939054404476,1044.7988412197008
Samba/Media-103708,Media-103708.wav,Samba,Samba,31.787936507936507,-115.90882110595703,128.12777709960938,43.436004638671875,24.485078811645508,25.71799087524414,18.90058708190918,32.18345260620117,16.02625846862793,9.37547492980957,12.44614028930664,16.416339874267578,12.28988265991211,4.661075592041016,10.805279731750488,7.39904260635376,11.974756240844727,4.284159183502197,10.404733657836914,4.832729816436768,9.545409202575684,1.9753406047821045,9.624865531921387,3.610738515853882,9.504486083984375,-0.2858918011188507,9.903200149536133,0.12882350255661065,0.08732998319328976,3124.001035643637,1064.532985807555
Samba/Media-103715,Media-103715.wav,Samba,Samba,31.787936507936507,-198.3563232421875,130.66371154785156,111.09735870361328,48.223854064941406,-1.281916618347168,29.509565353393555,42.53789520263672,19.050209045410156,8.334782600402832,24.402591705322266,23.265073776245117,13.675333023071289,10.1660795211792,13.56354808807373,6.135676383972168,11.008191108703613,-2.824392557144165,10.240204811096191,-6.320700645446777,12.670438766479492,-0.8732290267944336,11.864584922790527,-1.0024337768554688,10.59458065032959,0.46155497431755066,8.831724166870117,0.05656001757669832,0.05721495087763819,1376.958756530288,956.266877656538
Samba/Media-103805,Media-103805.wav,Samba,Samba,31.787936507936507,-123.56713104248047,122.15510559082031,67.58259582519531,33.407997131347656,12.07376480102539,19.96476936340332,4.696169376373291,20.265106201171875,0.4470559060573578,20.596960067749023,9.885811805725098,18.11939239501953,0.8677456974983215,14.418869018554688,6.576988697052002,13.427814483642578,-6.907845973968506,15.927468299865723,3.931248903274536,11.811885833740234,-1.014523983001709,11.898332595825195,5.237771034240723,10.55309009552002,3.6182069778442383,10.481219291687012,0.12915199564006574,0.07587175667067995,2769.8486874379164,1020.2361120037118
Samba/Media-103806,Media-103806.wav,Samba,Samba,31.787936507936507,-127.91925811767578,129.5528564453125,60.1184196472168,43.38890075683594,7.971953392028809,26.978740692138672,22.71725845336914,19.730960845947266,2.664992094039917,17.965957641601562,16.128515243530273,19.91510009765625,3.117424249649048,14.191043853759766,10.70217514038086,16.59308433532715,-0.6439383029937744,11.698322296142578,8.264450073242188,12.497493743896484,2.878136157989502,12.265542984008789,4.90072774887085,10.953282356262207,0.2596091032028198,11.120834350585938,0.10217597242512783,0.08075931320412438,2485.7566737723973,1110.0674204325412
Samba/Media-103807,Media-103807.wav,Samba,Samba,31.787936507936507,-101.92500305175781,129.226806640625,76.57320404052734,28.821556091308594,-14.709996223449707,17.976572036743164,25.73210906982422,18.387516021728516,0.26041626930236816,14.850923538208008,10.80827522277832,20.323001861572266,8.766889572143555,16.297718048095703,6.877649307250977,13.577535629272461,1.3314628601074219,10.197457313537598,10.391435623168945,11.685970306396484,-8.232467651367188,9.718017578125,1.532825231552124,9.772369384765625,-0.6724182963371277,8.173173904418945,0.1180517114453981,0.06375961647307296,2280.3829572592263,821.9105268639717
Samba/Media-103808,Media-103808.wav,Samba,Samba,31.787936507936507,-117.8282241821289,120.01105499267578,65.00798797607422,26.602500915527344,-3.1178736686706543,24.21468734741211,27.970239639282227,16.244495391845703,6.791793346405029,12.914867401123047,18.687572479248047,15.516951560974121,4.531979560852051,9.393957138061523,11.224536895751953,12.28549861907959,3.638246774673462,10.146129608154297,9.439574241638184,12.185904502868652,4.095248699188232,11.392816543579102,7.188512802124023,10.633896827697754,-1.8992332220077515,10.489951133728027,0.1024267114453981,0.058301703805371925,2396.116964866895,791.0968735028912
Samba/Media-103815,Media-103815.wav,Samba,Samba,31.787936507936507,-163.58718872070312,124.7075424194336,41.60266876220703,38.15605926513672,-8.206812858581543,36.88294982910156,7.660062789916992,18.830215454101562,-11.411688804626465,27.25640869140625,-12.6496000289917,24.543134689331055,-4.414385795593262,19.443082809448242,0.2408321499824524,17.85369873046875,-18.661712646484375,20.35767364501953,-4.123170375823975,20.6329402923584,-10.076025009155273,16.569549560546875,-7.024188041687012,12.668017387390137,-0.40088409185409546,14.68740177154541,0.16111676234934258,0.11866193126970742,2898.244259763996,1345.8623752093508
Samba/Media-103901,Media-103901.wav,Samba,Samba,31.787936507936507,-195.60975646972656,133.7285919189453,44.924190521240234,36.75468826293945,-28.264677047729492,34.86579132080078,23.112960815429688,19.421262741088867,5.008232593536377,19.92470359802246,4.932582378387451,19.031661987304688,-6.120879650115967,17.250946044921875,7.874846458435059,10.815524101257324,1.7608848810195923,16.999378204345703,5.264064311981201,12.441109657287598,4.260251998901367,12.32208251953125,6.679413795471191,10.112737655639648,1.6380939483642578,13.48077392578125,0.13231708534970782,0.07616085139305469,2545.669904448248,934.091615683882
Samba/Media-103902,Media-103902.wav,Samba,Samba,31.787936507936507,-90.93972778320312,135.19139099121094,65.70364379882812,29.283300399780273,0.3792544901371002,24.738786697387695,34.929840087890625,22.42198944091797,12.80506420135498,15.516593933105469,15.198042869567871,12.222872734069824,12.643749237060547,11.293463706970215,18.421857833862305,12.041952133178711,3.1351544857025146,9.987740516662598,14.724255561828613,9.527464866638184,4.9098429679870605,8.590547561645508,4.839337348937988,7.588257789611816,2.892906665802002,8.344200134277344,0.09994785484386413,0.07006915833218386,2388.3569199050803,1011.9707720094382
Samba/Media-103903,Media-103903.wav,Samba,Samba,31.787936507936507,-111.69918823242188,133.97373962402344,31.076740264892578,34.30624008178711,-24.482378005981445,24.796323776245117,21.45290756225586,25.678241729736328,-11.744181632995605,17.01670265197754,10.743311882019043,16.615459442138672,-4.055369853973389,16.680604934692383,9.279080390930176,14.460820198059082,0.17776718735694885,13.153289794921875,1.4389338493347168,14.532398223876953,-5.370486736297607,11.52967357635498,0.9701828956604004,13.840046882629395,-2.4249472618103027,13.974884033203125,0.179137158167458,0.0789537452603898,3031.393306846007,926.86608930925
Samba/Media-103904,Media-103904.wav,Samba,Samba,31.787936507936507,-124.68211364746094,123.4029541015625,84.6529312133789,30.368003845214844,9.317733764648438,18.699525833129883,17.457128524780273,13.06783676147461,6.80027961730957,13.563305854797363,12.591750144958496,11.70300006866455,9.644376754760742,11.327510833740234,10.846827507019043,10.434771537780762,4.042773246765137,10.437728881835938,9.381990432739258,10.821196556091309,0.7729628682136536,8.777854919433594,4.625783920288086,8.474580764770508,1.9467997550964355,8.664275169372559,0.07008637121073777,0.051691595046025954,2051.8194500841532,827.5687224409165
Samba/Media-103905,Media-103905.wav,Samba,Samba,31.787936507936507,-163.68795776367188,132.7891845703125,68.7584228515625,40.07527160644531,2.6892318725585938,25.39193344116211,18.788759231567383,19.43387222290039,-29.67892837524414,22.237545013427734,-9.501290321350098,18.295486450195312,-19.58495330810547,16.633453369140625,4.716403961181641,12.707449913024902,-13.160443305969238,18.15752601623535,-7.095958709716797,15.790374755859375,-4.790705680847168,13.831016540527344,7.0090436935424805,12.009085655212402,-10.446287155151367,15.192131042480469,0.11233500445124178,0.06611172663834447,2452.346394185307,1022.4787974941129
Samba/Media-104001,Media-104001.wav,Samba,Samba,31.787936507936507,-124.1009292602539,137.5516357421875,75.58106994628906,32.85698318481445,8.981088638305664,17.21747589111328,7.704407691955566,16.035913467407227,-19.182519912719727,21.889110565185547,9.751960754394531,12.153054237365723,-3.4710495471954346,14.074125289916992,5.8318705558776855,11.37900447845459,-5.050775051116943,11.079751968383789,3.3380179405212402,12.50371265411377,0.7180928587913513,13.580302238464355,4.194657802581787,12.007980346679688,0.6380887627601624,9.317889213562012,0.11407163075237399,0.08209775151439534,2458.2060305995587,1044.8818860533456
Samba/Media-104002,Media-104002.wav,Samba,Samba,31.787936507936507,-129.2174530029297,124.7928695678711,63.33674240112305,25.136798858642578,5.5265583992004395,15.305083274841309,44.7803840637207,16.307546615600586,5.4877400398254395,10.536773681640625,15.435455322265625,11.29017448425293,5.6384406089782715,10.00033187866211,13.408914566040039,9.635562896728516,1.8623316287994385,9.325576782226562,11.842761039733887,9.196091651916504,5.506595134735107,9.698466300964355,9.964716911315918,8.72589111328125,3.1134910583496094,6.8396501541137695,0.09322640841855369,0.058601530597579325,2395.5578159113225,906.135430980559
Samba/Media-104003,Media-104003.wav,Samba,Samba,31.787936507936507,-133.3500518798828,124.0261459350586,81.9926528930664,29.447101593017578,-18.357303619384766,28.57744026184082,20.884044647216797,16.236326217651367,-2.5797955989837646,14.902169227600098,10.075304985046387,11.924159049987793,-9.512219429016113,15.370623588562012,-2.545309543609619,12.027217864990234,-8.057075500488281,13.212296485900879,-3.462822437286377,12.487013816833496,-7.577036380767822,9.820847511291504,-1.5265580415725708,9.459202766418457,-2.6901347637176514,9.338237762451172,0.09436917914536158,0.04525303709795492,2159.971951195308,709.7943183084286
Samba/Media-104004,Media-104004.wav,Samba,Samba,31.787936507936507,-164.5303955078125,119.76026153564453,77.49574279785156,31.37965965270996,32.803340911865234,21.492334365844727,19.451616287231445,17.111587524414062,13.205354690551758,13.110279083251953,14.211031913757324,11.208081245422363,3.386502265930176,10.264885902404785,7.190253257751465,8.744776725769043,-2.9889729022979736,8.569761276245117,4.963317394256592,8.552390098571777,-3.7462570667266846,8.19550895690918,-0.8643935322761536,8.28637409210205,-5.6466240882873535,7.88984489440918,0.07826196128560993,0.05632243374011942,2362.3177505574454,1023.3531982471403
Samba/Media-104101,Media-104101.wav,Samba,Samba,31.787936507936507,-98.39183807373047,123.78187561035156,52.79252624511719,21.157073974609375,10.60960578918457,18.40181541442871,34.01102066040039,12.605978012084961,3.384402275085449,9.543389320373535,17.333633422851562,10.442584991455078,-0.2716229259967804,8.201221466064453,11.041435241699219,8.964476585388184,2.1300888061523438,7.111708641052246,7.079848289489746,8.373944282531738,0.4207933843135834,8.0291748046875,3.6295931339263916,8.390198707580566,-2.911775827407837,7.737076282501221,0.12397778373813002,0.07424540868003993,2876.3131791066494,885.7987749224832
Samba/Media-104102,Media-104102.wav,Samba,Samba,31.787936507936507,-112.82557678222656,138.29798889160156,51.52167892456055,38.17713165283203,2.795661211013794,19.161840438842773,25.60892105102539,16.248733520507812,3.227928638458252,13.029494285583496,11.708630561828613,14.46524715423584,4.219056129455566,11.108034133911133,8.242228507995605,11.250055313110352,4.196567058563232,10.778786659240723,7.66116189956665,10.66100788116455,-3.19747257232666,9.143987655639648,0.6807857155799866,8.44173526763916,0.7924517393112183,9.304410934448242,0.1316615258628561,0.10245596745988589,2861.0713775594522,1165.5851961620976
Samba/Media-104103,Media-104103.wav,Samba,Samba,31.787936507936507,-127.84700012207031,127.67681121826172,72.0314712524414,29.959077835083008,-22.3099308013916,33.24775695800781,22.70256805419922,17.679241180419922,6.884705066680908,15.10361385345459,12.330535888671875,12.825565338134766,3.9242515563964844,10.592793464660645,6.046377182006836,11.006775856018066,2.5203278064727783,10.17432975769043,9.21779727935791,11.383927345275879,1.1630738973617554,11.512720108032227,4.599316120147705,9.811492919921875,-0.7036524415016174,9.691509246826172,0.10011192305058436,0.05968834226642151,2311.1008471788036,825.8264892671257
Samba/Media-104104,Media-104104.wav,Samba,Samba,31.787936507936507,-128.72805786132812,122.30809020996094,44.017364501953125,32.6942138671875,9.684122085571289,22.508790969848633,30.298627853393555,15.71367359161377,3.483950614929199,9.912545204162598,16.635051727294922,9.588293075561523,5.076143264770508,8.616877555847168,13.686558723449707,8.929194450378418,6.5065999031066895,10.065711975097656,11.2623291015625,12.467936515808105,7.915719032287598,12.89499282836914,10.218411445617676,11.833029747009277,3.1885628700256348,9.236771583557129,0.10927976910609934,0.07757502388959431,2941.2839604257915,1133.7699067126125
Samba/Media-104105,Media-104105.wav,Samba,Samba,31.787936507936507,-112.62648010253906,135.1126708984375,117.15853118896484,67.37939453125,-16.07427215576172,32.054046630859375,19.327106475830078,16.900962829589844,2.9609439373016357,18.21771812438965,7.103601932525635,12.584232330322266,2.987636089324951,10.984518051147461,9.250877380371094,9.11287784576416,-0.71242356300354,11.255821228027344,1.5328702926635742,9.103825569152832,-5.576138496398926,7.4425458908081055,-2.234729528427124,8.221067428588867,0.13103008270263672,7.988956451416016,0.08584333911614317,0.0896986086900051,1889.0686596812996,1260.880114082029
Samba/Media-105401,Media-105401.wav,Samba,Samba,31.787936507936507,-92.92261505126953,109.45759582519531,55.664363861083984,23.86830711364746,5.912346363067627,20.50634002685547,34.206844329833984,14.924253463745117,12.72182846069336,12.336360931396484,17.479507446289062,14.06070327758789,2.7632040977478027,13.098807334899902,8.091341972351074,13.38329792022705,2.9626123905181885,12.303757667541504,10.613329887390137,12.117500305175781,3.4776318073272705,12.347296714782715,2.9927046298980713,10.511587142944336,0.33260661363601685,9.010161399841309,0.1197762109660336,0.07221786412331778,2665.2894036543535,906.2645677375327
Samba/Media-105402,Media-105402.wav,Samba,Samba,31.787936507936507,-147.7822265625,113.08941650390625,93.10189819335938,38.28042984008789,13.44766616821289,23.50206756591797,28.71347999572754,18.52203369140625,14.049481391906738,15.505611419677734,11.385762214660645,13.935641288757324,6.079927444458008,11.33446216583252,5.035158157348633,12.282219886779785,3.156445026397705,12.377458572387695,12.936590194702148,12.314057350158691,-6.112273216247559,10.984766006469727,5.4863762855529785,9.826223373413086,-3.724587917327881,8.683981895446777,0.06941761493334551,0.05501775481652874,1966.8604974961065,912.439789670282
Samba/Media-105403,Media-105403.wav,Samba,Samba,31.787936507936507,-98.36257934570312,112.9860610961914,59.82229232788086,31.51552391052246,-4.510270118713379,23.80674934387207,17.988849639892578,16.61204719543457,-5.201606273651123,16.73360824584961,3.7317633628845215,13.16055965423584,-8.223128318786621,15.702913284301758,2.6308155059814453,12.52610969543457,0.6952512264251709,11.680505752563477,6.915596008300781,10.56093692779541,-3.950958251953125,10.867413520812988,-0.9187496900558472,12.483649253845215,-4.533769130706787,12.089132308959961,0.14706860048392986,0.09067065830953376,2830.552584438528,1132.6862790035163
Samba/Media-105404,Media-105404.wav,Samba,Samba,31.787936507936507,-131.30227661132812,104.11221313476562,80.79766082763672,33.8363151550293,-3.9117720127105713,30.071401596069336,39.09092330932617,24.07573890686035,7.9346022605896,15.884552001953125,-0.0023597287945449352,18.0178165435791,4.239635944366455,12.709288597106934,5.990792274475098,16.16191864013672,8.112442016601562,11.441081047058105,11.88364028930664,12.589295387268066,-0.6034361720085144,10.672691345214844,6.8626322746276855,10.414213180541992,-0.10919506102800369,12.30145263671875,0.1030002368288897,0.06809025462352948,2206.25858559802,872.7950126546378
Samba/Media-105416,Media-105416.wav,Samba,Samba,31.787936507936507,-128.4629669189453,109.79126739501953,75.57317352294922,38.32526397705078,10.974676132202148,20.202909469604492,34.26238250732422,19.100749969482422,7.952019214630127,14.710104942321777,14.625767707824707,11.141621589660645,1.5492722988128662,9.6969633102417,11.743802070617676,9.901529312133789,-1.5058867931365967,11.499041557312012,5.942946910858154,9.710132598876953,-0.9489294290542603,9.58621597290039,6.466818332672119,10.200654029846191,-0.07564739137887955,9.026905059814453,0.10414514757578525,0.0923776859729634,2350.020371485199,1096.098794305728
Samba/Media-105606,Media-105606.wav,Samba,Samba,31.787936507936507,-140.98165893554688,133.79579162597656,44.40018081665039,39.309661865234375,4.347808361053467,29.454931259155273,20.057878494262695,15.083383560180664,-3.441282033920288,21.331811904907227,-1.843259572982788,20.02773094177246,5.841657638549805,13.088669776916504,3.7919418811798096,13.721266746520996,-11.838053703308105,23.16071891784668,3.100292444229126,13.682442665100098,-2.754166603088379,18.412967681884766,1.714593768119812,15.5726900100708,2.626685380935669,15.754488945007324,0.1512473463750913,0.08934093622176466,2947.8914453985103,985.1757509464678
Samba/Media-105607,Media-105607.wav,Samba,Samba,31.787936507936507,-79.77779388427734,111.6937484741211,47.668785095214844,22.50208854675293,20.956249237060547,16.324892044067383,38.76244354248047,14.79572582244873,10.792689323425293,11.461315155029297,15.539955139160156,13.680313110351562,4.026133060455322,9.458935737609863,11.124239921569824,10.133153915405273,2.302994966506958,9.667428970336914,8.073619842529297,9.672591209411621,-3.2640018463134766,9.239226341247559,1.7979824542999268,9.015276908874512,-3.0738844871520996,8.449562072753906,0.12201467197772096,0.06768466265580184,3081.5354231702117,972.9449154463842
Samba/Media-105608,Media-105608.wav,Samba,Samba,31.787936507936507,-81.44364929199219,112.66664123535156,43.35792541503906,24.752334594726562,14.945901870727539,27.235448837280273,20.914501190185547,17.4653263092041,12.803709983825684,13.138311386108398,13.464792251586914,10.314239501953125,4.082882881164551,11.095220565795898,11.081583023071289,12.125306129455566,3.0222127437591553,10.466297149658203,14.704527854919434,11.694933891296387,11.948654174804688,11.022518157958984,12.735698699951172,10.29428482055664,3.4462435245513916,8.081072807312012,0.12185167378104456,0.0766336507628088,3189.3948116594174,1032.8130665893245
Samba/Media-105609,Media-105609.wav,Samba,Samba,31.787936507936507,-117.57992553710938,121.79307556152344,59.4603271484375,29.25697135925293,27.872928619384766,33.33443069458008,33.073280334472656,15.613933563232422,4.328209400177002,17.452838897705078,16.111852645874023,11.79433822631836,-2.818382740020752,11.193249702453613,7.97312068939209,10.523109436035156,-2.03460693359375,11.760368347167969,8.217002868652344,11.637105941772461,-1.0626497268676758,9.227629661560059,2.1662206649780273,10.430521965026855,-2.6826751232147217,9.727664947509766,0.11504640990230094,0.07337762794238811,2800.042148745745,1004.781674254278
Samba/Media-106001,Media-106001.wav,Samba,Samba,31.787936507936507,-94.1212158203125,119.652587890625,45.04802703857422,28.281883239746094,9.153242111206055,22.69724464416504,25.714914321899414,14.118294715881348,4.96160888671875,11.350276947021484,13.489809036254883,10.311910629272461,2.230539321899414,9.163250923156738,8.563851356506348,11.86599063873291,-0.406882643699646,10.115381240844727,7.295504093170166,10.920421600341797,4.62651252746582,8.91353988647461,7.321385860443115,8.63238525390625,1.439029335975647,8.340108871459961,0.16537789901387875,0.1184485084410701,3239.098577608463,1118.587021749423
Samba/Media-106002,Media-106002.wav,Samba,Samba,31.787936507936507,-98.45072937011719,108.99887084960938,41.6146125793457,29.089658737182617,-2.2067291736602783,23.507307052612305,24.298521041870117,24.834228515625,2.333705425262451,25.945432662963867,18.9334659576416,17.394739151000977,-3.551191806793213,19.76426124572754,6.837214469909668,12.542837142944336,-4.358608245849609,12.647963523864746,-0.003929611761122942,12.691854476928711,-4.790293216705322,11.589759826660156,-0.19429408013820648,11.052698135375977,-2.565941572189331,12.064303398132324,0.14720199506939372,0.08169116608456846,3065.5132063554165,907.9377171184151
Samba/Media-106003,Media-106003.wav,Samba,Samba,31.787936507936507,-115.82669067382812,104.06903076171875,74.65052032470703,34.036556243896484,15.270747184753418,19.89028549194336,29.067256927490234,18.264568328857422,14.953896522521973,18.587160110473633,14.203961372375488,12.144383430480957,5.170164585113525,14.153046607971191,12.607309341430664,12.809591293334961,4.469740867614746,11.662002563476562,-8.413185119628906,14.674026489257812,-1.5530136823654175,11.41059398651123,15.254582405090332,13.315155982971191,2.0883283615112305,7.928036212921143,0.0945874611943024,0.06869343736215744,2405.6997816238436,938.7270778432522
Samba/Media-106004,Media-106004.wav,Samba,Samba,31.787936507936507,-108.83749389648438,112.13736724853516,52.5304069519043,27.125415802001953,9.067259788513184,22.79233741760254,35.65815734863281,13.708484649658203,-1.6968486309051514,10.525776863098145,18.080646514892578,12.86444091796875,1.0958807468414307,10.271199226379395,10.807686805725098,10.259835243225098,4.648982048034668,10.70942497253418,11.642492294311523,11.110767364501953,0.22860372066497803,9.716575622558594,3.923067808151245,11.117659568786621,3.4452242851257324,9.944523811340332,0.1372847853131848,0.09738037312053285,2884.609900049747,946.869838638585
Samba/Media-106106,Media-106106.wav,Samba,Samba,31.787936507936507,-115.64292907714844,104.37125396728516,44.561519622802734,26.98771095275879,49.475563049316406,26.2867488861084,36.47745895385742,17.61895751953125,18.209487915039062,13.798783302307129,17.01837921142578,13.638664245605469,9.958616256713867,10.75949478149414,11.128952980041504,10.782851219177246,-3.1886162757873535,10.090712547302246,9.898710250854492,9.902389526367188,-9.895492553710938,9.520811080932617,2.1591100692749023,9.273777961730957,-7.594356536865234,8.474270820617676,0.11503606647187728,0.0854004849400612,3264.905996073398,1091.2649749783118
Samba/Media-106107,Media-106107.wav,Samba,Samba,31.787936507936507,-76.9816665649414,105.38896179199219,50.10335922241211,26.817678451538086,3.8377599716186523,20.69587516784668,23.651504516601562,16.732839584350586,2.946580648422241,15.530312538146973,17.42494773864746,13.50525951385498,-3.7785165309906006,11.60975456237793,3.970383644104004,8.496849060058594,1.7141764163970947,8.754412651062012,3.5854246616363525,7.422400951385498,-7.545385360717773,8.65868854522705,-1.3199059963226318,8.393980979919434,0.6932492256164551,7.851406574249268,0.17018688082085465,0.09565626214499212,3166.2227052327266,907.6906785698783
Samba/Media-106108,Media-106108.wav,Samba,Samba,31.787936507936507,-133.12750244140625,104.6356430053711,59.15686798095703,31.52189826965332,-12.332983016967773,40.32208251953125,21.849111557006836,24.277019500732422,10.713018417358398,18.897151947021484,4.2075653076171875,24.851200103759766,7.026285171508789,16.940643310546875,-2.751354932785034,18.430557250976562,-0.572458028793335,16.109130859375,0.5606647729873657,15.2330322265625,-0.8222005367279053,12.691123008728027,-3.3415892124176025,12.153057098388672,0.2418615072965622,11.050541877746582,0.13876246918371074,0.07192137142283074,2699.1919590722596,920.0382535388484
Samba/Media-106109,Media-106109.wav,Samba,Samba,31.787936507936507,-65.71549224853516,112.5233154296875,60.89490509033203,24.873830795288086,8.298430442810059,16.90828514099121,17.37453269958496,12.749174118041992,10.57058334350586,10.090448379516602,17.99213409423828,10.434048652648926,-0.9515262246131897,8.312893867492676,10.984389305114746,8.885368347167969,1.9178597927093506,8.178044319152832,10.90107536315918,8.984661102294922,-0.4346963167190552,7.499188423156738,1.9421862363815308,6.963654041290283,-2.554255723953247,7.041256904602051,0.14728438584276846,0.07687053576431639,3054.3830171626137,912.5389329097401
Samba/Media-106118,Media-106118.wav,Samba,Samba,31.787936507936507,-148.7362060546875,117.25982666015625,94.77584838867188,39.741798400878906,13.250923156738281,23.664657592773438,30.747041702270508,17.39305877685547,13.800554275512695,13.45246696472168,9.690657615661621,15.023512840270996,6.487537860870361,14.428417205810547,-1.9032058715820312,11.60024642944336,-3.509967088699341,11.46274185180664,0.9423624873161316,9.60445499420166,-1.0295261144638062,10.113703727722168,5.8414106369018555,9.794999122619629,0.9583173990249634,10.653590202331543,0.056924534331628925,0.044269453951455845,1844.7794200412227,966.0167478321107
Tango/Albums-Ballroom_Classics4-06,Albums-Ballroom_Classics4-06.wav,Tango,Tango,31.787936507936507,-193.58416748046875,115.2861557006836,130.3473663330078,41.79579544067383,-12.057575225830078,23.450244903564453,38.3919677734375,13.958883285522461,6.1814494132995605,9.937070846557617,9.285469055175781,9.15220832824707,4.638790130615234,6.7290143966674805,7.593594551086426,8.406022071838379,-0.5523340106010437,8.213563919067383,-1.100929617881775,7.559520244598389,-6.606290340423584,8.582345962524414,-1.7404216527938843,6.744487762451172,-3.028341770172119,7.405697822570801,0.05096029834733382,0.04448135974347304,1194.6512244564663,586.6991054459447
Tango/Albums-Ballroom_Classics4-07,Albums-Ballroom_Classics4-07.wav,Tango,Tango,31.787936507936507,-111.2533187866211,125.3510513305664,100.97726440429688,36.406795501708984,-17.470388412475586,18.895261764526367,34.82128143310547,13.905022621154785,-2.0306026935577393,9.572060585021973,7.5557990074157715,8.139570236206055,2.4634242057800293,7.984736442565918,2.4878082275390625,8.745950698852539,-2.148719310760498,8.055681228637695,-0.9264228940010071,8.410812377929688,-9.22343921661377,9.856081008911133,5.3963422775268555,9.59853744506836,-0.6209083199501038,8.962854385375977,0.09624633343224982,0.04396035877609522,1762.1401849871247,589.8826429896332
Tango/Albums-Ballroom_Classics4-08,Albums-Ballroom_Classics4-08.wav,Tango,Tango,31.787936507936507,-134.75421142578125,120.01353454589844,110.35730743408203,34.327823638916016,-18.359193801879883,19.201204299926758,44.78704071044922,15.15302848815918,1.7082511186599731,11.289313316345215,9.683021545410156,9.760699272155762,1.509345293045044,9.362298011779785,3.003631353378296,7.972416877746582,-2.7574470043182373,9.217815399169922,0.6467682719230652,10.142979621887207,-5.768155097961426,11.225038528442383,0.9739031791687012,9.625533103942871,-2.2492175102233887,8.885724067687988,0.07400902803140978,0.03228531477187958,1573.0472117153693,560.1795185242765
Tango/Albums-Ballroom_Classics4-09,Albums-Ballroom_Classics4-09.wav,Tango,Tango,31.787936507936507,-152.0991668701172,122.12970733642578,122.92784118652344,38.23823928833008,-4.016830921173096,15.416894912719727,11.225014686584473,10.866554260253906,-2.271536111831665,11.17177963256836,3.625873565673828,8.596960067749023,0.33317387104034424,8.706827163696289,-8.042255401611328,9.754517555236816,-7.0406904220581055,8.853184700012207,0.06027714163064957,9.097097396850586,-13.76453685760498,8.711522102355957,3.135246753692627,7.835885047912598,-7.206402778625488,7.952642440795898,0.08255020487125639,0.035832677944904884,1457.136432850725,507.6095343706064
Tango/Albums-Ballroom_Classics4-10,Albums-Ballroom_Classics4-10.wav,Tango,Tango,31.787936507936507,-217.05245971679688,97.5845718383789,115.07777404785156,39.97885513305664,5.474881172180176,19.042896270751953,32.43455123901367,13.098949432373047,15.586803436279297,10.91649341583252,13.547856330871582,10.016006469726562,6.2387590408325195,8.563948631286621,7.651782989501953,8.616870880126953,0.9425971508026123,9.956177711486816,-0.7476442456245422,10.74544906616211,-0.18575026094913483,8.29870891571045,-0.09891297668218613,9.921736717224121,-2.285942554473877,11.568971633911133,0.0484871484660336,0.0429215187777365,1280.1112963412695,675.7229352179561
Tango/Albums-Ballroom_Magic-06,Albums-Ballroom_Magic-06.wav,Tango,Tango,30.143537414965987,-121.19313049316406,71.82942199707031,103.2918701171875,19.414762496948242,-11.955605506896973,11.117287635803223,13.087423324584961,10.940433502197266,1.3881582021713257,9.350780487060547,1.6958330869674683,8.541794776916504,3.7245876789093018,7.229765892028809,3.9841365814208984,8.3226957321167,5.095652103424072,7.684625148773193,-0.16935691237449646,9.02028751373291,-0.9406082630157471,10.457387924194336,-6.227163791656494,10.493932723999023,-5.495519161224365,9.356843948364258,0.09944924581408776,0.029176840110539413,1971.9209100534806,354.10953339287187
Tango/Albums-Ballroom_Magic-07,Albums-Ballroom_Magic-07.wav,Tango,Tango,30.143537414965987,-135.7357635498047,78.56433868408203,102.76117706298828,31.612260818481445,-22.047771453857422,12.608924865722656,5.841891765594482,13.145578384399414,-0.028823912143707275,12.14542007446289,-4.6668477058410645,10.191802978515625,0.22510413825511932,10.4865140914917,-1.2022275924682617,8.898469924926758,1.4381322860717773,7.978652477264404,-2.7001876831054688,7.515124797821045,-1.181497573852539,9.067363739013672,-3.1538431644439697,9.388402938842773,-0.8144719004631042,9.812813758850098,0.08231579881158584,0.028229824220063406,1856.0014188950072,406.22831153453336
Tango/Albums-Ballroom_Magic-08,Albums-Ballroom_Magic-08.wav,Tango,Tango,30.143537414965987,-92.32024383544922,95.09646606445312,93.484619140625,21.22016716003418,-9.19427490234375,10.604470252990723,8.167204856872559,11.945209503173828,-2.822582960128784,10.377723693847656,1.3648146390914917,9.194202423095703,-2.0167155265808105,7.902122497558594,1.6193543672561646,8.782273292541504,11.702542304992676,7.81780481338501,1.4098378419876099,9.553754806518555,-1.746768832206726,12.068070411682129,-2.1532273292541504,10.449803352355957,-4.443879127502441,12.231569290161133,0.11023804368745188,0.03371897329125676,2174.5478512669315,397.82883332716864
Tango/Albums-Chrisanne1-04,Albums-Chrisanne1-04.wav,Tango,Tango,30.143537414965987,-178.21832275390625,90.18192291259766,110.26472473144531,25.12298583984375,-16.457183837890625,15.69680118560791,13.980754852294922,15.501258850097656,2.232513904571533,13.341473579406738,-5.8527069091796875,10.747225761413574,-0.4082961082458496,8.473636627197266,0.10541386902332306,8.509265899658203,-3.6810526847839355,8.538959503173828,-7.534694671630859,7.703222751617432,-0.7502495646476746,8.335864067077637,-3.9860293865203857,8.031278610229492,-1.275766134262085,8.79147720336914,0.07982439917725173,0.03920512075386683,1830.802491886798,510.6268242166359
Tango/Albums-Chrisanne1-05,Albums-Chrisanne1-05.wav,Tango,Tango,30.047528344671203,-126.16709899902344,89.90472412109375,104.69486999511719,19.82089614868164,-21.124982833862305,11.770647048950195,19.653175354003906,9.263957977294922,3.19787335395813,8.633511543273926,-0.6840488314628601,9.130810737609863,-0.9756792783737183,7.10936975479126,-6.394170761108398,6.878242015838623,-3.7934188842773438,5.861725807189941,-9.349949836730957,5.7325334548950195,-3.1960530281066895,6.682793617248535,-4.053596496582031,6.605418682098389,-0.4490664303302765,6.46236515045166,0.09133498733108109,0.03534256476904729,1990.3564567246128,408.0012147925654
Tango/Albums-Chrisanne1-06,Albums-Chrisanne1-06.wav,Tango,Tango,30.143537414965987,-152.607177734375,86.73773956298828,98.3290786743164,21.704681396484375,-18.97337532043457,14.321283340454102,20.942058563232422,14.707706451416016,5.863162994384766,10.809883117675781,-3.249208450317383,10.408531188964844,3.2174813747406006,9.792337417602539,-0.20700231194496155,7.735877513885498,1.1422804594039917,7.730039596557617,-2.278904676437378,11.33353328704834,-5.579801559448242,7.422171115875244,-3.873080253601074,7.926249980926514,0.046624187380075455,8.156270980834961,0.08948515083718245,0.04043201906781435,2011.8718736671153,494.1756029097371
Tango/Albums-Chrisanne2-04,Albums-Chrisanne2-04.wav,Tango,Tango,30.143537414965987,-165.03408813476562,92.77061462402344,114.15946197509766,34.80732345581055,-5.113565921783447,15.079704284667969,12.146173477172852,12.176460266113281,-2.3659825325012207,10.00426959991455,-1.6768927574157715,8.387475967407227,-1.3958392143249512,9.219583511352539,1.0306997299194336,7.876407146453857,4.113236904144287,6.765439033508301,-0.3690345883369446,9.660073280334473,0.3646275997161865,8.743630409240723,-2.236018180847168,11.641133308410645,2.200079917907715,9.6821870803833,0.08038710666859122,0.03856321845366559,1861.366237495072,628.1165358384303
Tango/Albums-Chrisanne2-05,Albums-Chrisanne2-05.wav,Tango,Tango,30.143537414965987,-162.65066528320312,82.32080078125,105.1637954711914,24.368980407714844,-12.448680877685547,10.043095588684082,14.948905944824219,8.953073501586914,-1.317567229270935,8.770604133605957,-3.0580904483795166,7.413181781768799,2.823305130004883,8.490964889526367,2.0523452758789062,7.752246856689453,2.8327250480651855,8.606298446655273,0.27107569575309753,7.176895618438721,3.2162442207336426,7.788425922393799,1.1240968704223633,9.752826690673828,4.287199974060059,10.557292938232422,0.08839920431581987,0.04540656040590401,2002.1095756344237,530.7989090137596
Tango/Albums-Chrisanne2-06,Albums-Chrisanne2-06.wav,Tango,Tango,30.143537414965987,-169.10610961914062,75.11034393310547,117.33772277832031,20.280139923095703,-18.45395851135254,11.160286903381348,12.524188995361328,9.226962089538574,1.5719408988952637,9.04088020324707,-5.606836795806885,6.856427192687988,-1.046324372291565,7.679358959197998,-3.9714105129241943,6.873536109924316,-0.814664363861084,8.679736137390137,0.2003023475408554,6.827909469604492,1.16646146774292,7.608445167541504,-5.357301712036133,6.566587448120117,-1.359513759613037,8.669938087463379,0.08199290920900693,0.026383227527869167,1813.0451622033424,330.91063868316814
Tango/Albums-Chrisanne3-04,Albums-Chrisanne3-04.wav,Tango,Tango,30.047528344671203,-209.2649383544922,84.68547058105469,103.93927001953125,16.91810417175293,-22.646930694580078,9.766694068908691,12.125275611877441,9.27685832977295,3.2169857025146484,8.797348976135254,3.694058418273926,7.024570941925049,3.1098623275756836,7.178953647613525,0.8588607311248779,6.267406940460205,4.750582695007324,7.7318291664123535,1.573999285697937,7.9468584060668945,8.158062934875488,8.731562614440918,2.820951461791992,8.663124084472656,6.106518268585205,6.776282787322998,0.07258234797297297,0.036471380283893566,1923.8594625997814,395.4543394626992
Tango/Albums-Chrisanne3-05,Albums-Chrisanne3-05.wav,Tango,Tango,30.143537414965987,-207.92140197753906,87.50005340576172,97.33262634277344,31.146438598632812,-21.48026466369629,12.676934242248535,7.005890369415283,14.228592872619629,-1.908937931060791,12.173749923706055,-0.7594863176345825,9.982794761657715,-1.035636305809021,9.879949569702148,-2.954352617263794,9.159623146057129,-1.0129684209823608,8.519360542297363,-0.5231431722640991,7.257941722869873,3.3325395584106445,9.150410652160645,2.664641857147217,10.734248161315918,5.739152431488037,8.344324111938477,0.09300460991628176,0.053424792392439135,2098.1479441303886,604.9895735787841
Tango/Albums-Chrisanne3-06,Albums-Chrisanne3-06.wav,Tango,Tango,30.047528344671203,-160.14768981933594,100.16877746582031,94.25232696533203,26.986555099487305,-21.30280113220215,16.03269386291504,20.2763671875,10.49445629119873,7.588074684143066,9.924778938293457,3.4175264835357666,8.93148136138916,3.9688687324523926,7.380213737487793,-0.05881232023239136,7.605653285980225,3.1294031143188477,8.725088119506836,-5.2847113609313965,7.6929144859313965,-0.6573641896247864,7.942446231842041,-1.3537760972976685,7.128881454467773,0.6129884719848633,9.004950523376465,0.10900662101833977,0.05105565788539239,2136.4660074389203,527.916045144064
Tango/Albums-Step_By_Step-05,Albums-Step_By_Step-05.wav,Tango,Tango,31.787936507936507,-203.052734375,110.24588775634766,121.2703857421875,46.14521408081055,-17.43401527404785,20.125347137451172,25.319013595581055,23.690006256103516,0.7611477375030518,15.613848686218262,-2.8426153659820557,13.946619033813477,-11.191651344299316,14.601526260375977,1.0159330368041992,10.864795684814453,1.2047995328903198,11.180763244628906,0.796130895614624,12.013921737670898,5.190533638000488,16.68833351135254,7.918002128601074,14.377458572387695,-2.970332145690918,18.416404724121094,0.07256308779218408,0.03677583487615905,1378.9152782562824,544.1076579927387
Tango/Albums-Step_By_Step-06,Albums-Step_By_Step-06.wav,Tango,Tango,31.787936507936507,-214.5428466796875,128.40191650390625,133.17071533203125,44.164833068847656,-35.12843704223633,24.096553802490234,27.09318733215332,16.888978958129883,-0.47465038299560547,9.764876365661621,6.5544633865356445,8.718250274658203,-0.09477400034666061,11.299976348876953,4.612191200256348,8.22127628326416,-1.14652419090271,9.637090682983398,-3.5675013065338135,11.087553024291992,1.1017613410949707,12.146162033081055,6.8732500076293945,11.135988235473633,8.261419296264648,11.405885696411133,0.08137462050310446,0.04396424614294634,1369.0481821855467,531.8954180219775
Tango/Albums-Step_By_Step-07,Albums-Step_By_Step-07.wav,Tango,Tango,31.787936507936507,-179.10826110839844,109.55371856689453,118.21166229248047,41.65208053588867,-22.204700469970703,18.767017364501953,32.31365966796875,15.306565284729004,2.8873178958892822,12.16407585144043,6.249716281890869,9.435893058776855,4.052682876586914,15.342113494873047,6.195480823516846,11.295575141906738,-1.8071982860565186,11.01785659790039,-7.590023994445801,12.380409240722656,-9.864327430725098,14.46917724609375,3.490064859390259,12.984368324279785,0.6584721207618713,12.5692777633667,0.09206081081081081,0.05034227066270116,1514.168258006326,578.7631708832748
Tango/Albums-Step_By_Step-08,Albums-Step_By_Step-08.wav,Tango,Tango,31.787936507936507,-167.81234741210938,109.69111633300781,132.09194946289062,41.188499450683594,1.348035216331482,16.242027282714844,30.13721466064453,14.15356731414795,-2.217634439468384,11.593683242797852,5.252997398376465,10.7376127243042,-3.6127188205718994,10.436067581176758,3.924299716949463,8.673933982849121,1.7431029081344604,10.8263578414917,-3.194566011428833,10.286624908447266,-2.3247554302215576,10.119928359985352,4.705178737640381,9.213360786437988,-4.092924118041992,9.739396095275879,0.059854221831628925,0.03072852534620119,1170.7541586170873,451.62371446331395
Tango/Albums-StrictlyDancing_Tango-01,Albums-StrictlyDancing_Tango-01.wav,Tango,Tango,31.137596371882086,-208.82406616210938,114.69034576416016,100.70953369140625,43.03435516357422,-42.37453842163086,30.87860679626465,28.098466873168945,21.690797805786133,-16.265033721923828,16.49896812438965,13.060420036315918,13.364489555358887,-10.457661628723145,9.871045112609863,0.6887862682342529,12.585205078125,-8.15175724029541,12.492018699645996,1.4831976890563965,9.583120346069336,-7.586651802062988,12.661317825317383,-1.6631618738174438,9.879186630249023,-4.164525032043457,12.374147415161133,0.11419664079977629,0.05904820071737471,2063.2339496905674,1051.2550269127541
Tango/Albums-StrictlyDancing_Tango-02,Albums-StrictlyDancing_Tango-02.wav,Tango,Tango,31.137596371882086,-217.1561737060547,119.1881103515625,125.93265533447266,36.20289993286133,-31.6708984375,21.795076370239258,29.608749389648438,18.871471405029297,-14.495795249938965,12.820205688476562,6.611701488494873,14.519461631774902,-12.220051765441895,11.068166732788086,4.102001190185547,12.33614730834961,-4.064700126647949,10.046104431152344,0.3248516917228699,9.81612777709961,-11.135825157165527,9.737508773803711,-2.8498377799987793,9.118386268615723,-2.4917032718658447,10.257095336914062,0.08571283964858314,0.04751220403587582,1689.9884431780463,1057.77874014102
Tango/Albums-StrictlyDancing_Tango-03,Albums-StrictlyDancing_Tango-03.wav,Tango,Tango,31.137596371882086,-205.85333251953125,121.65312194824219,135.01583862304688,39.45350646972656,-30.15818977355957,17.830469131469727,32.44405746459961,16.132883071899414,-10.01880168914795,9.737122535705566,7.430988311767578,13.411767959594727,-7.995438575744629,8.534695625305176,3.968000650405884,11.414955139160156,-2.643988609313965,8.770072937011719,0.42163732647895813,9.023900032043457,-8.806796073913574,9.114173889160156,-3.1076016426086426,10.25838851928711,-3.561870813369751,9.130730628967285,0.07360120712155108,0.02733511067363672,1596.375918995093,1129.6304850733848
Tango/Albums-StrictlyDancing_Tango-04,Albums-StrictlyDancing_Tango-04.wav,Tango,Tango,31.137596371882086,-198.93496704101562,109.9993667602539,109.10765838623047,32.97056579589844,-22.203195571899414,20.766765594482422,37.293888092041016,15.736690521240234,-23.459423065185547,13.081218719482422,14.154583930969238,12.211918830871582,-18.56325340270996,12.541165351867676,-5.218493461608887,10.603377342224121,-12.004447937011719,10.509856224060059,-1.259066104888916,9.687957763671875,-12.56406021118164,10.089317321777344,-7.500091552734375,9.63405704498291,-8.701533317565918,9.746536254882812,0.09551050696774795,0.06122074767223168,1865.6864835746208,1065.1889460780626
Tango/Albums-StrictlyDancing_Tango-05,Albums-StrictlyDancing_Tango-05.wav,Tango,Tango,31.137596371882086,-260.0913391113281,100.09447479248047,156.13661193847656,39.663185119628906,-48.2111701965332,25.79849624633789,25.331451416015625,14.097481727600098,-14.213968276977539,14.788944244384766,-9.878186225891113,14.338053703308105,-10.401264190673828,9.820144653320312,-14.166969299316406,11.4093017578125,-9.520097732543945,8.82083511352539,-12.416952133178711,9.776108741760254,-15.471595764160156,11.661340713500977,-8.713069915771484,13.443648338317871,-7.590346813201904,9.427791595458984,0.08720899748322147,0.04834897476146774,1408.72713463893,1086.7607997656185
Tango/Albums-StrictlyDancing_Tango-06,Albums-StrictlyDancing_Tango-06.wav,Tango,Tango,31.137596371882086,-197.27146911621094,109.44353485107422,114.07439422607422,35.4385986328125,-30.797771453857422,19.262727737426758,23.926361083984375,17.10376739501953,-10.66303539276123,11.64488697052002,8.99948501586914,13.096115112304688,-10.753229141235352,9.886313438415527,0.9647177457809448,12.151680946350098,-6.281467914581299,10.95329761505127,0.6684212684631348,10.441572189331055,-8.177889823913574,11.817538261413574,-5.147932529449463,12.752572059631348,-7.253539085388184,12.648726463317871,0.10028663310961969,0.051590436318790935,1857.704224988029,1062.6608483659675
Tango/Albums-StrictlyDancing_Tango-07,Albums-StrictlyDancing_Tango-07.wav,Tango,Tango,31.137596371882086,-237.92835998535156,117.12516784667969,119.72699737548828,35.060081481933594,-30.530929565429688,20.851804733276367,30.17817497253418,21.54361915588379,-11.497505187988281,12.344898223876953,8.925264358520508,13.843977928161621,-9.428689002990723,9.292381286621094,2.213684558868408,12.357186317443848,-6.141820907592773,10.611692428588867,-1.1173598766326904,11.53177261352539,-6.1385321617126465,13.222393035888672,-4.511562347412109,11.48520565032959,-6.2278523445129395,9.500442504882812,0.0835751071961223,0.05215682046452672,1734.3972975106801,1078.933695117272
Tango/Albums-StrictlyDancing_Tango-08,Albums-StrictlyDancing_Tango-08.wav,Tango,Tango,31.137596371882086,-219.73641967773438,118.72538757324219,122.64328002929688,40.83135223388672,-29.500009536743164,21.894704818725586,22.756526947021484,17.171825408935547,-24.88221549987793,16.33160400390625,-2.879977226257324,12.584395408630371,-19.072500228881836,12.046080589294434,-8.1809663772583,11.06791877746582,-13.234660148620605,12.446158409118652,-8.50860595703125,8.44888687133789,-11.685606956481934,10.298579216003418,-6.804346084594727,8.803380966186523,-7.5674591064453125,8.544231414794922,0.07872979877423565,0.030419745803849978,1658.2581680061078,1121.0632054313523
Tango/Albums-StrictlyDancing_Tango-09,Albums-StrictlyDancing_Tango-09.wav,Tango,Tango,31.137596371882086,-198.74978637695312,113.98623657226562,130.83702087402344,33.736549377441406,-34.649295806884766,21.006677627563477,39.46241760253906,14.198874473571777,-17.64398765563965,12.891589164733887,3.023031711578369,13.371241569519043,-7.961988925933838,8.487335205078125,-0.7931748628616333,10.521663665771484,-5.228872776031494,8.474681854248047,-4.952147006988525,8.743246078491211,-12.115519523620605,9.585227966308594,-5.223531723022461,9.645170211791992,-6.132876396179199,8.284259796142578,0.08918761069164802,0.04954294642970988,1723.6606807827252,1064.0259414966617
Tango/Albums-StrictlyDancing_Tango-10,Albums-StrictlyDancing_Tango-10.wav,Tango,Tango,31.137596371882086,-207.64060974121094,116.23297882080078,132.5208740234375,33.92670440673828,-35.5080680847168,20.462623596191406,35.14751052856445,16.53496742248535,-20.664077758789062,10.753274917602539,0.4139978289604187,14.637243270874023,-12.66629409790039,10.092387199401855,-2.372440814971924,11.541105270385742,-5.155167102813721,9.354926109313965,0.9088565111160278,12.41571044921875,-10.145882606506348,11.991918563842773,-6.490991115570068,14.114376068115234,-7.62436056137085,10.783052444458008,0.0950488062779642,0.05739185655243285,1721.1931961478983,1072.4517475463601
Tango/Albums-StrictlyDancing_Tango-11,Albums-StrictlyDancing_Tango-11.wav,Tango,Tango,31.137596371882086,-198.17535400390625,112.772705078125,113.66197204589844,35.22445297241211,-32.119728088378906,19.404470443725586,33.52322006225586,19.139179229736328,-13.02961540222168,11.441327095031738,7.955097675323486,14.137764930725098,-11.818025588989258,10.071420669555664,-0.18741236627101898,10.573439598083496,-7.25121545791626,9.882749557495117,-0.5642154216766357,10.188220977783203,-9.792838096618652,10.064254760742188,-4.62965726852417,10.229057312011719,-8.69192123413086,9.855234146118164,0.08969555427386279,0.053739498999205645,1851.0614225284894,1064.69720491393
Tango/Albums-StrictlyDancing_Tango-12,Albums-StrictlyDancing_Tango-12.wav,Tango,Tango,31.137596371882086,-188.09661865234375,105.10414123535156,107.29276275634766,32.44185256958008,-44.93716812133789,21.9475040435791,30.05129051208496,17.334495544433594,-15.412086486816406,12.636131286621094,9.854354858398438,13.762303352355957,-11.397523880004883,10.526887893676758,-2.794347047805786,12.351936340332031,-11.232081413269043,11.452054023742676,-3.0768537521362305,11.127197265625,-8.971426010131836,9.695805549621582,7.486352920532227,15.943172454833984,3.7902965545654297,14.10059642791748,0.10499321285421327,0.042126062579041536,1994.3884163952864,1044.1733608326988
Tango/Albums-StrictlyDancing_Tango-13,Albums-StrictlyDancing_Tango-13.wav,Tango,Tango,31.137596371882086,-194.70718383789062,112.06214141845703,127.09156799316406,32.211830139160156,-45.19279098510742,23.33371353149414,26.626911163330078,17.54025650024414,-19.62852668762207,12.4326753616333,7.603742599487305,13.951642990112305,-13.048928260803223,10.986316680908203,-3.153533697128296,12.63181209564209,-6.098470687866211,9.416776657104492,0.7892379760742188,8.762092590332031,-5.0658087730407715,8.39366340637207,-3.015568494796753,9.548678398132324,-5.261753559112549,8.865936279296875,0.09639239897930649,0.06039983795387351,1785.2118592452669,1069.5790239984135
Tango/Albums-StrictlyDancing_Tango-14,Albums-StrictlyDancing_Tango-14.wav,Tango,Tango,31.137596371882086,-186.96697998046875,113.8432846069336,133.3177032470703,36.76301193237305,-30.962980270385742,15.314488410949707,41.4538688659668,16.26477813720703,-17.11942481994629,10.487454414367676,2.471350908279419,12.301878929138184,-12.007649421691895,10.045212745666504,-4.404911518096924,10.06625747680664,-6.822776794433594,8.320076942443848,-1.485363483428955,11.299542427062988,-8.451719284057617,11.00362491607666,-6.024106025695801,9.882719993591309,-7.412888050079346,11.760716438293457,0.08739178434936615,0.038313722112463235,1680.6095621996642,1098.1809189694982
Tango/Albums-StrictlyDancing_Tango-15,Albums-StrictlyDancing_Tango-15.wav,Tango,Tango,31.137596371882086,-221.52545166015625,117.97840881347656,114.18550872802734,40.55998611450195,-28.13117027282715,24.54690170288086,38.681148529052734,17.21796417236328,-24.250770568847656,15.068259239196777,6.255138397216797,12.44240665435791,-10.957789421081543,11.522191047668457,5.51096773147583,11.448429107666016,-6.736843585968018,12.388811111450195,-2.535954475402832,11.203967094421387,-14.064608573913574,11.648200035095215,-3.3032848834991455,11.700135231018066,-2.250600814819336,10.451615333557129,0.1156465557419836,0.0666312205974342,1996.3259134180046,1094.4137305535226
Tango/Media-100605,Media-100605.wav,Tango,Tango,30.09233560090703,-201.84129333496094,62.90871810913086,127.85482025146484,22.98784065246582,13.089714050292969,11.061166763305664,-6.522640228271484,12.595911026000977,37.89466857910156,14.168725967407227,-22.892375946044922,11.367236137390137,26.73491096496582,10.949836730957031,-5.083437919616699,9.33098030090332,-9.71944808959961,9.867162704467773,15.024279594421387,12.107202529907227,-24.652124404907227,11.777352333068848,9.557149887084961,9.863430976867676,-5.261615753173828,10.339262008666992,0.05952698507426697,0.030458247917407155,1607.4280536476983,464.16105724939564
Tango/Media-100606,Media-100606.wav,Tango,Tango,29.95301587301587,-178.00973510742188,87.65505981445312,134.81546020507812,26.658292770385742,-0.904961347579956,14.715002059936523,-12.166138648986816,10.08870792388916,50.88536834716797,14.84603500366211,-46.08711242675781,16.8319091796875,27.133441925048828,11.675270080566406,-5.976449489593506,9.149115562438965,-14.133513450622559,10.22687816619873,24.8620548248291,12.984143257141113,-35.7325439453125,14.590681076049805,10.064095497131348,11.618013381958008,-16.261966705322266,9.625463485717773,0.09560773982558139,0.04776857072696961,1968.5369646081738,503.98226408255886
Tango/Media-100607,Media-100607.wav,Tango,Tango,30.09233560090703,-176.88394165039062,85.60731506347656,123.6578140258789,26.867372512817383,-11.209243774414062,16.661161422729492,-11.709959030151367,15.074172973632812,52.62630081176758,14.100207328796387,-48.1005744934082,14.799871444702148,25.48155975341797,12.68646240234375,-7.203280448913574,8.99759292602539,-16.240394592285156,11.941551208496094,28.51631736755371,14.34648609161377,-28.793245315551758,14.140960693359375,16.21057891845703,12.627848625183105,-10.325063705444336,10.516725540161133,0.09428763683931327,0.04083099558595935,2118.5364085713827,523.3853680423769
Tango/Media-103304,Media-103304.wav,Tango,Tango,31.787936507936507,-186.55697631835938,116.8409194946289,138.0768280029297,40.55031967163086,-19.411731719970703,19.94900131225586,27.08979034423828,13.87915325164795,-5.344144344329834,9.676352500915527,0.7745764255523682,9.896122932434082,-1.5069751739501953,8.388049125671387,-1.0182770490646362,7.461660385131836,-8.588069915771484,7.939034461975098,-5.0171942710876465,9.140419960021973,-7.264451026916504,8.150575637817383,0.023158038035035133,7.564600467681885,-7.818084239959717,7.606849670410156,0.059501831857195035,0.028619208395324683,1218.684958592134,440.13765995421454
Tango/Media-103305,Media-103305.wav,Tango,Tango,31.787936507936507,-239.2173614501953,99.09867858886719,139.6211700439453,41.306339263916016,2.072528600692749,16.30449676513672,6.60111665725708,10.407856941223145,10.202981948852539,10.86962890625,2.1247851848602295,9.911298751831055,-7.22258996963501,10.155821800231934,0.031385891139507294,9.62960147857666,-1.9507288932800293,9.63438606262207,-4.407982349395752,8.835212707519531,-11.700481414794922,10.823745727539062,-2.3823182582855225,9.247506141662598,-4.1369218826293945,10.105688095092773,0.052846012714572684,0.02660467552053739,1111.894792355378,429.2649482002636
Tango/Media-103306,Media-103306.wav,Tango,Tango,31.787936507936507,-211.03506469726562,129.1638946533203,125.36952209472656,42.64737319946289,-7.977069854736328,24.022628784179688,16.03093910217285,13.57341194152832,-6.710140705108643,14.745229721069336,-8.373348236083984,12.110742568969727,-11.214948654174805,11.444188117980957,-7.7597455978393555,8.914584159851074,-11.389659881591797,10.896611213684082,-10.176668167114258,10.087102890014648,-11.719804763793945,10.118327140808105,-7.080299377441406,10.532089233398438,-13.403738975524902,8.606182098388672,0.06182803369247626,0.032036168579497315,1303.8017764908184,585.3135017905081
Tango/Media-104206,Media-104206.wav,Tango,Tango,31.787936507936507,-156.4073486328125,109.30003356933594,120.97113800048828,39.562339782714844,-12.416634559631348,16.328832626342773,33.28938674926758,12.436328887939453,-2.344580888748169,13.760371208190918,8.829805374145508,9.192178726196289,-5.4407429695129395,9.474184036254883,2.1862552165985107,9.132423400878906,4.101134777069092,9.100259780883789,2.604449987411499,12.416836738586426,-0.32280901074409485,11.547430038452148,6.320697784423828,10.270706176757812,-3.3385074138641357,10.784247398376465,0.06617619784057706,0.03449269232751768,1443.4576181746468,548.3218360832417
Tango/Media-104207,Media-104207.wav,Tango,Tango,31.787936507936507,-105.4575424194336,123.02957153320312,102.33245849609375,34.22129440307617,-8.10273265838623,17.900903701782227,25.08482551574707,14.247635841369629,4.605902671813965,12.642106056213379,7.574036121368408,8.766982078552246,0.916095495223999,8.971112251281738,5.1222920417785645,8.432839393615723,2.192983388900757,9.013981819152832,7.066440582275391,8.799972534179688,-3.18756103515625,7.769279479980469,3.267643690109253,9.039894104003906,-0.3816506564617157,8.79444408416748,0.08110997135226443,0.047555358362220086,1857.736369127381,727.4363854376538
Tango/Media-104208,Media-104208.wav,Tango,Tango,31.787936507936507,-167.9942626953125,126.8451919555664,121.27641296386719,38.246551513671875,-28.24625587463379,23.87470817565918,21.201187133789062,17.798688888549805,-4.68283224105835,12.755873680114746,1.3591629266738892,10.073477745056152,-0.9010328054428101,10.654221534729004,-3.2816481590270996,10.427783966064453,2.43327260017395,11.678495407104492,0.15339450538158417,11.455330848693848,2.1085593700408936,12.546770095825195,6.1578264236450195,12.042359352111816,-2.9123313426971436,10.637347221374512,0.08713305788897005,0.043665072259820886,1490.0883595700345,509.95371584195175
Tango/Media-104304,Media-104304.wav,Tango,Tango,31.787936507936507,-163.47720336914062,104.51648712158203,99.88928985595703,38.65094757080078,-19.119869232177734,23.218860626220703,38.5709114074707,17.40646743774414,-11.19639778137207,14.959761619567871,8.420839309692383,12.145145416259766,-8.268142700195312,10.343356132507324,5.338875770568848,9.430834770202637,-9.067341804504395,11.053168296813965,-3.174147367477417,9.355422019958496,-8.07878589630127,10.020212173461914,-2.3387975692749023,8.704911231994629,-4.137269020080566,8.663156509399414,0.09812277437910884,0.0673807710268387,1944.8728842556077,828.1396611951963
Tango/Media-104305,Media-104305.wav,Tango,Tango,31.787936507936507,-195.05624389648438,109.57649230957031,105.52378845214844,49.30305099487305,-25.044918060302734,27.385101318359375,27.24700927734375,24.796205520629883,2.2349770069122314,15.490386009216309,-4.194691181182861,14.853086471557617,0.3507221043109894,16.261127471923828,-3.207625389099121,11.891375541687012,-1.8113116025924683,12.182473182678223,5.546317100524902,14.3462495803833,-11.558608055114746,13.5042085647583,5.629732131958008,11.016921043395996,-11.910613059997559,12.266644477844238,0.10505857948319941,0.06016537364275602,1928.2742428307301,842.7148958918148
Tango/Media-104306,Media-104306.wav,Tango,Tango,31.787936507936507,-163.05458068847656,110.24543762207031,96.96817779541016,33.1441650390625,-4.062338829040527,14.544784545898438,29.305274963378906,12.301216125488281,2.2516651153564453,10.34714126586914,5.172884941101074,11.1822509765625,2.7390260696411133,8.801553726196289,5.370834827423096,11.644745826721191,2.4853718280792236,10.640509605407715,3.020892381668091,8.817018508911133,-1.9721815586090088,9.957193374633789,-0.8794659376144409,11.883275985717773,-4.346564292907715,7.426965713500977,0.09276987079985391,0.04648189504124231,1957.3497469759077,649.6701434012681
Tango/Media-104404,Media-104404.wav,Tango,Tango,31.787936507936507,-134.28981018066406,121.93470001220703,95.7963638305664,35.86122512817383,-16.922670364379883,20.56199836730957,23.591968536376953,9.792550086975098,4.820347309112549,8.700850486755371,12.744013786315918,9.231857299804688,-2.074937343597412,9.560216903686523,-0.2668233811855316,10.215641021728516,-5.410525321960449,10.623863220214844,2.550548791885376,12.752388954162598,-6.09467077255249,12.897438049316406,5.492344379425049,12.836596488952637,-3.3435685634613037,11.694828033447266,0.11068968567384953,0.04414774301609715,2042.6457023300231,632.964880016513
Tango/Media-104405,Media-104405.wav,Tango,Tango,31.787936507936507,-175.46604919433594,118.32969665527344,145.65357971191406,39.59812545776367,-58.068275451660156,30.265920639038086,12.719831466674805,14.567075729370117,-10.444012641906738,20.45058250427246,-9.127367973327637,11.006701469421387,-12.516874313354492,15.252949714660645,-8.199576377868652,12.569857597351074,-6.595418453216553,11.856422424316406,-7.390106201171875,10.525979042053223,-6.8032307624816895,8.787641525268555,-8.904048919677734,10.25179672241211,-5.718500137329102,9.368546485900879,0.09193347961559532,0.033940215594058326,1391.3572680062566,502.2280354879436
Tango/Media-104505,Media-104505.wav,Tango,Tango,31.787936507936507,-249.37063598632812,120.3474349975586,143.51248168945312,48.66539001464844,12.510650634765625,19.87071418762207,19.10807991027832,10.279582977294922,5.370519161224365,15.091568946838379,8.074322700500488,7.969941139221191,2.0219459533691406,13.01514720916748,4.610324382781982,8.908000946044922,-0.2737809419631958,8.966607093811035,-3.4167850017547607,8.755998611450195,-5.3375372886657715,9.195934295654297,0.5154010057449341,8.939756393432617,-3.9815475940704346,8.229954719543457,0.06359034023466034,0.055837890896436454,1166.9261331436364,692.4112112456886
Tango/Media-104506,Media-104506.wav,Tango,Tango,31.787936507936507,-210.4525146484375,115.48140716552734,97.58907318115234,38.08445358276367,-6.648314952850342,27.46283531188965,32.18064498901367,17.21965789794922,-4.359597682952881,10.708524703979492,10.520806312561035,10.514625549316406,1.223982572555542,8.294610977172852,10.757893562316895,10.04104995727539,-0.3744102120399475,11.651483535766602,3.5689151287078857,10.68125057220459,-4.166281223297119,11.049049377441406,1.4980170726776123,13.414287567138672,4.789921283721924,15.534067153930664,0.08752967494521549,0.0404296206104879,1879.3252594192918,678.1091271432015
Tango/Media-104605,Media-104605.wav,Tango,Tango,31.787936507936507,-184.1993865966797,133.2359161376953,105.80391693115234,31.09099769592285,-23.63949203491211,21.349206924438477,23.99153709411621,10.963533401489258,-0.20530541241168976,8.31088638305664,8.43268871307373,10.395316123962402,-4.471071720123291,7.7694315910339355,3.526845932006836,7.279904365539551,-5.804057598114014,6.724213600158691,1.6282511949539185,6.885112285614014,-4.166712284088135,7.0114874839782715,2.9561192989349365,6.7956719398498535,-1.549431562423706,6.990322589874268,0.09294214241691015,0.03810411321638058,1854.5502947839154,569.5725950231063
Tango/Media-104606,Media-104606.wav,Tango,Tango,31.787936507936507,-205.4319305419922,131.37403869628906,67.90096282958984,24.792203903198242,-9.977232933044434,30.63939666748047,28.494653701782227,16.861949920654297,-6.644023418426514,13.642844200134277,-1.236292839050293,8.856694221496582,-1.458723783493042,9.893606185913086,-1.5961530208587646,9.804943084716797,-6.217657089233398,11.405998229980469,-3.2059218883514404,10.487592697143555,1.2380417585372925,10.415586471557617,3.661438465118408,11.371927261352539,-4.331406593322754,10.916902542114258,0.1292625633445946,0.06830259247934113,2443.5488842835694,636.4337456400287
Tango/Media-104706,Media-104706.wav,Tango,Tango,31.787936507936507,-147.17669677734375,122.8829116821289,108.99500274658203,47.8466911315918,-6.828122138977051,23.591629028320312,37.287357330322266,16.15107536315918,-3.2106244564056396,16.1192626953125,9.46374225616455,11.027658462524414,-11.41171932220459,12.462395668029785,5.030421257019043,9.598215103149414,-7.629178047180176,10.581521034240723,-5.249505996704102,11.685386657714844,-4.414796352386475,9.77430534362793,-5.1816816329956055,10.658044815063477,-2.3706390857696533,9.2096529006958,0.07858260762874361,0.054158095479872874,1746.3296491870778,823.6875707785116
Tango/Media-104707,Media-104707.wav,Tango,Tango,31.787936507936507,-148.79615783691406,117.07825469970703,83.91087341308594,31.686412811279297,-7.401444911956787,19.855628967285156,28.058334350585938,11.156929969787598,1.5835479497909546,10.078874588012695,8.670099258422852,12.140213012695312,-0.8469340801239014,10.082270622253418,12.323819160461426,12.166130065917969,-2.094196319580078,11.973983764648438,3.86893367767334,12.667491912841797,-8.694663047790527,16.161409378051758,-2.053889513015747,13.243134498596191,0.07159062474966049,16.150646209716797,0.12880816574598247,0.05857502444606757,2277.969888397748,708.2856995914022
Tango/Media-104708,Media-104708.wav,Tango,Tango,31.787936507936507,-154.22433471679688,116.21546936035156,100.8067626953125,40.76921844482422,-13.775514602661133,28.998947143554688,26.705345153808594,18.07892417907715,0.014350618235766888,13.490769386291504,0.487859845161438,15.128753662109375,5.430662631988525,12.360604286193848,2.280378818511963,12.278010368347168,1.805145502090454,10.86867618560791,3.8674700260162354,11.898387908935547,-7.877252101898193,11.615532875061035,-0.6878413558006287,10.263172149658203,-2.171898126602173,9.02916145324707,0.09971994270452886,0.07072975698122703,1976.451071684145,1013.1714091783014
Tango/Media-104709,Media-104709.wav,Tango,Tango,31.787936507936507,-264.0381774902344,107.5162582397461,149.17579650878906,37.77979278564453,-14.04718017578125,20.071489334106445,18.682350158691406,11.643783569335938,-3.6584699153900146,12.168132781982422,4.750105381011963,10.932562828063965,-2.929953098297119,10.032758712768555,2.2490177154541016,8.610357284545898,0.7681313157081604,10.575353622436523,-6.191919803619385,10.012395858764648,-6.590788841247559,9.784914016723633,-0.12650148570537567,9.871697425842285,-8.816619873046875,12.933611869812012,0.062014928780131484,0.02675862339401996,1159.09284986287,455.01630939901474
Tango/Media-104710,Media-104710.wav,Tango,Tango,31.787936507936507,-352.3807067871094,115.07917785644531,121.512451171875,39.60699462890625,14.027013778686523,18.023700714111328,25.03989601135254,14.422409057617188,1.2100080251693726,10.825287818908691,0.7655110359191895,11.779926300048828,-11.74985122680664,11.840444564819336,-9.787493705749512,12.439729690551758,-10.086804389953613,11.378332138061523,-9.601808547973633,10.680754661560059,-10.216585159301758,9.660811424255371,-8.580297470092773,10.213692665100098,-5.6147284507751465,8.999716758728027,0.04499356567293645,0.021722388206845196,1183.3147652740952,443.2786223225726
Tango/Media-104806,Media-104806.wav,Tango,Tango,31.787936507936507,-206.42129516601562,110.39325714111328,99.27202606201172,37.337554931640625,0.8621820211410522,20.252168655395508,33.948116302490234,13.995660781860352,3.3149254322052,10.464204788208008,4.619560718536377,10.65899658203125,2.5978808403015137,8.707802772521973,5.378427028656006,9.891157150268555,0.6557093858718872,11.415323257446289,-2.4128522872924805,10.19738483428955,-5.842216491699219,11.074056625366211,2.3028769493103027,13.325909614562988,-1.8274348974227905,9.585256576538086,0.08347505021913806,0.050344239827626765,1794.4009297934492,710.3138558529406
Tango/Media-104807,Media-104807.wav,Tango,Tango,31.787936507936507,-155.55702209472656,108.00059509277344,105.78380584716797,30.67760467529297,-2.3427579402923584,15.934158325195312,22.198083877563477,10.686840057373047,3.7696261405944824,9.863924026489258,5.750553607940674,10.73635196685791,-8.346508979797363,9.372785568237305,6.899662494659424,7.86800479888916,-0.6429162621498108,8.828166007995605,-0.524067759513855,8.376899719238281,-9.72260570526123,10.725831985473633,0.8700109124183655,8.783075332641602,-0.4970741868019104,8.639080047607422,0.08947245651479181,0.040965557489956166,1834.1726522079375,536.9669984669514
Tango/Media-104808,Media-104808.wav,Tango,Tango,31.787936507936507,-229.37710571289062,96.48313903808594,123.54010772705078,34.94053649902344,-18.535444259643555,19.97516632080078,26.18142318725586,13.621700286865234,2.0347046852111816,14.739093780517578,7.335422515869141,11.350992202758789,-2.143937349319458,8.054147720336914,-2.4775729179382324,9.003998756408691,-10.603236198425293,12.053352355957031,-1.2369723320007324,10.417085647583008,-3.82020902633667,10.993974685668945,1.5791691541671753,14.632010459899902,7.891537189483643,18.12769317626953,0.05856699974890431,0.02370888131677433,1287.4985128655385,372.28814307528626
Tango/Media-104906,Media-104906.wav,Tango,Tango,31.787936507936507,-131.81065368652344,109.90534973144531,104.12874603271484,33.58082580566406,-15.193888664245605,19.97170639038086,34.04994583129883,12.851766586303711,-5.824650764465332,10.032922744750977,-1.1464484930038452,9.113378524780273,-1.3712754249572754,8.30028247833252,0.6438636779785156,9.770042419433594,0.05049016326665878,9.0931978225708,-1.894655704498291,8.731107711791992,-6.123166084289551,9.479159355163574,2.806325912475586,10.04379940032959,-1.3347424268722534,9.35867691040039,0.08019297274470416,0.03846523362385971,1783.0497904246865,576.8593010504454
Tango/Media-104907,Media-104907.wav,Tango,Tango,31.787936507936507,-263.5325012207031,107.61460876464844,72.18156433105469,30.61863899230957,-2.6959006786346436,19.300342559814453,34.24581527709961,14.560976028442383,1.4687222242355347,15.427262306213379,11.274084091186523,12.176898002624512,-2.910334587097168,11.358399391174316,-0.185521200299263,13.160148620605469,-1.5504955053329468,11.61689567565918,-3.0982062816619873,11.120119094848633,1.9689593315124512,12.489160537719727,6.725170612335205,15.595170974731445,2.1991283893585205,18.241384506225586,0.10155001654948868,0.0496679933921791,2091.4262660279273,725.4822130227418
Tango/Media-105008,Media-105008.wav,Tango,Tango,31.787936507936507,-180.97555541992188,127.44853210449219,106.2579116821289,35.666473388671875,-41.00468063354492,18.616931915283203,34.786643981933594,14.685201644897461,-7.833345890045166,13.527922630310059,-1.092507004737854,12.125319480895996,-11.052103996276855,9.159343719482422,-5.95750617980957,10.420126914978027,-12.91049861907959,10.165295600891113,-6.408270359039307,9.68794059753418,-7.569438457489014,12.752037048339844,3.1545839309692383,9.814047813415527,-0.18605247139930725,11.928646087646484,0.11318708911614317,0.043679532866956965,1815.5807992636694,535.1015640023618
Tango/Media-105009,Media-105009.wav,Tango,Tango,31.787936507936507,-121.60879516601562,118.98250579833984,100.44850158691406,32.88361358642578,-35.96412658691406,24.62786102294922,34.12059020996094,16.234359741210938,-10.4788179397583,14.424112319946289,-4.6599531173706055,13.120227813720703,-12.112628936767578,10.933964729309082,-7.376021385192871,11.657879829406738,-11.662834167480469,11.2939453125,-6.0818772315979,8.745644569396973,-15.645316123962402,10.074301719665527,-5.633568286895752,9.140700340270996,-6.502013683319092,7.81491231918335,0.10309083101260044,0.0369220749490842,1860.978404667757,541.8410774073335
Tango/Media-105107,Media-105107.wav,Tango,Tango,31.787936507936507,-118.21109008789062,114.45098114013672,104.24776458740234,29.197261810302734,-18.944747924804688,19.841175079345703,24.360870361328125,13.2938814163208,-0.9654242396354675,9.305269241333008,3.89575457572937,11.424148559570312,-7.328741550445557,10.14555835723877,6.425699710845947,9.838003158569336,0.027722153812646866,8.895179748535156,0.957099437713623,9.290020942687988,-8.681920051574707,10.321623802185059,-1.6490256786346436,8.957942008972168,-0.3450005352497101,10.326333045959473,0.086696850461103,0.0371909348503713,1798.4967404087754,488.70052474196694
Tango/Media-105108,Media-105108.wav,Tango,Tango,31.787936507936507,-121.26947021484375,113.3968505859375,122.12831115722656,40.88031005859375,-28.0865535736084,22.085172653198242,24.562654495239258,12.15338134765625,-8.23420524597168,14.271199226379395,5.538486003875732,9.05001163482666,-1.0144554376602173,9.262958526611328,0.34821996092796326,9.803010940551758,0.4561455547809601,9.576891899108887,2.5652694702148438,7.487000942230225,-4.173729419708252,10.824864387512207,2.9561607837677,11.2530517578125,-2.7486062049865723,8.724220275878906,0.08474729216124909,0.04173531882380142,1580.9417498799348,575.049611113508
Tango/Media-105109,Media-105109.wav,Tango,Tango,31.787936507936507,-152.05943298339844,120.2886962890625,112.65841674804688,32.36587905883789,-9.283699035644531,17.489974975585938,17.1766414642334,13.492561340332031,-5.70552396774292,11.9092435836792,0.13961507380008698,9.093924522399902,-5.360012054443359,11.137910842895508,3.6066818237304688,8.313719749450684,-1.1877307891845703,9.899767875671387,-2.50142240524292,11.031356811523438,-3.637181282043457,12.62326717376709,-3.213604688644409,14.02718448638916,-5.0013275146484375,9.43777084350586,0.08648070843224982,0.032451647671259916,1694.2832975244728,510.58442014388913
Tango/Media-105305,Media-105305.wav,Tango,Tango,31.787936507936507,-139.82470703125,110.8526382446289,123.44927978515625,35.56523513793945,-39.761844635009766,16.68475914001465,34.819828033447266,14.853388786315918,4.105057716369629,11.763076782226562,7.4148030281066895,8.71023941040039,-6.11061954498291,7.5453267097473145,-4.951982498168945,9.71884536743164,3.823786497116089,10.550836563110352,2.1814520359039307,7.818660736083984,-9.368189811706543,9.076338768005371,-0.8178347945213318,8.241382598876953,-2.2663180828094482,7.6885905265808105,0.09632836753560993,0.03953442672650126,1597.0180111474588,469.4045507296002
Tango/Media-105306,Media-105306.wav,Tango,Tango,31.787936507936507,-171.943359375,113.34003448486328,137.63339233398438,41.74969482421875,-57.25617980957031,30.666257858276367,32.20845413208008,13.754637718200684,-14.187658309936523,12.467778205871582,6.415243625640869,12.259590148925781,-9.142570495605469,9.40920352935791,-2.1232714653015137,9.604403495788574,1.020946741104126,8.740839958190918,-2.0251035690307617,10.644058227539062,-4.026337623596191,7.5992751121521,-2.8395369052886963,8.98033332824707,1.2657382488250732,7.049989700317383,0.08747724445306793,0.04832591501621029,1513.9343384510044,513.920128227831
Tango/Media-105317,Media-105317.wav,Tango,Tango,31.787936507936507,-134.23123168945312,111.07412719726562,119.15512084960938,34.16605758666992,-17.08739471435547,18.865022659301758,37.97606658935547,14.117982864379883,-2.4900600910186768,9.932877540588379,1.2136374711990356,8.76680850982666,-1.7118277549743652,7.921020030975342,2.5382144451141357,7.734635829925537,-2.463958501815796,8.442347526550293,4.138240814208984,8.205863952636719,-7.674788475036621,8.441895484924316,-0.666396975517273,8.821584701538086,2.8488290309906006,8.290014266967773,0.08628382658418554,0.069318436221613,1649.9712823912253,664.786902566282
Tango/Media-105505,Media-105505.wav,Tango,Tango,31.787936507936507,-159.6739501953125,95.84333038330078,113.9961166381836,35.74776077270508,-24.18973731994629,17.773876190185547,31.505809783935547,13.247382164001465,-5.109827041625977,12.43550968170166,8.403528213500977,12.00984001159668,-0.07002212852239609,11.036861419677734,7.310898780822754,10.769035339355469,-3.245128631591797,10.868585586547852,-1.8715766668319702,11.099465370178223,-5.065630912780762,11.429235458374023,1.7465280294418335,12.295964241027832,6.9093146324157715,14.91836929321289,0.08686234534788166,0.05097171408889813,1571.8386765746332,609.5694661318582
Tango/Media-105506,Media-105506.wav,Tango,Tango,31.787936507936507,-144.8541259765625,112.85363006591797,101.5473861694336,41.78633499145508,-27.333209991455078,21.623249053955078,26.62190055847168,13.205378532409668,-6.381042003631592,16.218786239624023,2.193922996520996,13.63408374786377,-3.6582255363464355,12.39581298828125,2.243239641189575,9.77925968170166,-6.275156497955322,11.306726455688477,-3.2626888751983643,10.183027267456055,-8.793292999267578,15.260743141174316,0.6235743165016174,19.358476638793945,0.5308097004890442,11.868929862976074,0.11031625216855369,0.04877474126634566,1790.5985355194014,589.6855237461674
Tango/Media-105507,Media-105507.wav,Tango,Tango,31.787936507936507,-158.3736114501953,94.61309051513672,134.31976318359375,37.00193786621094,-19.247224807739258,14.682333946228027,28.577131271362305,12.689583778381348,4.6763386726379395,12.123331069946289,9.424492835998535,9.179123878479004,2.2896780967712402,9.41700553894043,5.42047643661499,9.279312133789062,1.8885499238967896,9.321643829345703,0.46245184540748596,10.460610389709473,-0.9687944054603577,10.193510055541992,4.7603607177734375,9.613823890686035,-0.5744840502738953,8.923666954040527,0.06571930355186267,0.0410790851966224,1289.06195016356,564.5953506336155
Tango/Media-105508,Media-105508.wav,Tango,Tango,31.787936507936507,-140.0561065673828,101.54391479492188,127.81808471679688,42.056312561035156,-25.977493286132812,15.71017074584961,36.74220275878906,12.8964204788208,0.06374190002679825,12.444526672363281,10.059033393859863,9.5493803024292,1.2333186864852905,8.552557945251465,0.8225903511047363,8.939461708068848,-5.068752288818359,10.7374849319458,-3.7514779567718506,9.483419418334961,-9.575681686401367,9.867708206176758,3.4202332496643066,10.03288745880127,7.823435306549072,11.068013191223145,0.07129797925036523,0.04831685926782716,1409.1103775543793,610.6902574036244
Tango/Media-105705,Media-105705.wav,Tango,Tango,31.787936507936507,-152.5061798095703,102.1805648803711,131.05494689941406,44.34271240234375,-25.94816017150879,16.63172149658203,29.063892364501953,14.17593002319336,-3.9312143325805664,16.824981689453125,2.579040288925171,11.338825225830078,-2.999058485031128,12.93544864654541,4.090696811676025,11.65158748626709,5.030770301818848,11.318078994750977,-3.984272003173828,11.902231216430664,-9.063304901123047,12.781514167785645,-6.584145545959473,11.792552947998047,-5.564119815826416,8.057109832763672,0.09193740298575602,0.07550469478345448,1553.1068673416833,693.7324888559983
Tango/Media-105706,Media-105706.wav,Tango,Tango,31.787936507936507,-166.72113037109375,111.91989135742188,95.56156921386719,35.650943756103516,-12.040494918823242,18.917804718017578,30.357833862304688,12.646269798278809,-3.612156391143799,12.105331420898438,6.854457378387451,10.759881973266602,-5.136767864227295,11.068049430847168,0.7013208866119385,11.029091835021973,-1.5400006771087646,10.30377197265625,3.927959680557251,10.168806076049805,-5.495439529418945,9.16800308227539,-2.2982983589172363,11.186494827270508,-9.306551933288574,10.129359245300293,0.11430346626186998,0.08225548008325874,2119.328093560577,808.9294471270149
Tango/Media-105707,Media-105707.wav,Tango,Tango,31.787936507936507,-93.8572769165039,114.57666015625,109.40402221679688,31.76461410522461,-14.840829849243164,14.961374282836914,39.418697357177734,15.409330368041992,1.3140090703964233,9.699997901916504,1.1483941078186035,8.00541877746582,-7.752833366394043,9.821316719055176,3.5189359188079834,8.508808135986328,1.5991857051849365,10.371289253234863,3.743985176086426,9.477055549621582,-2.111323595046997,8.75188159942627,0.6009213924407959,11.930944442749023,-8.049529075622559,10.703008651733398,0.10314932489499634,0.0644642275088731,1849.523584252451,604.5358425388732
Tango/Media-105806,Media-105806.wav,Tango,Tango,31.787936507936507,-149.8896026611328,135.5900421142578,113.32266998291016,41.20648956298828,3.147709846496582,17.14653968811035,32.507850646972656,14.298140525817871,-2.23925518989563,10.022567749023438,8.948153495788574,7.215568542480469,-1.7453101873397827,7.376704692840576,0.5432721972465515,8.63779067993164,4.840878963470459,7.769897937774658,2.6084632873535156,8.08573055267334,-2.5245678424835205,9.722461700439453,7.911715507507324,7.266149520874023,-2.3464956283569336,8.400758743286133,0.07223281135865596,0.0466763109092963,1620.7939522202278,742.3144735384208
Tango/Media-105807,Media-105807.wav,Tango,Tango,31.787936507936507,-185.2958984375,116.09864807128906,116.99024963378906,47.38310241699219,-5.084558010101318,16.120296478271484,21.96743392944336,16.91888999938965,0.7859519124031067,14.263598442077637,6.00082540512085,12.361270904541016,0.9120402932167053,10.292707443237305,0.5107483267784119,10.291829109191895,-0.4447996914386749,8.752500534057617,-0.7400954365730286,10.188754081726074,-6.387272357940674,14.077778816223145,-2.2347095012664795,12.75029182434082,-5.752470016479492,11.32226276397705,0.07461073034605552,0.04705598156205157,1435.9027841553877,639.848119903214
Tango/Media-105808,Media-105808.wav,Tango,Tango,31.787936507936507,-193.98422241210938,113.66822052001953,76.01429748535156,32.85403060913086,-24.916414260864258,22.27338409423828,7.663967132568359,23.44569206237793,-21.32058334350586,19.68855857849121,-1.408638596534729,19.903499603271484,-11.827914237976074,16.5642147064209,-1.3689879179000854,18.981529235839844,-0.9634389877319336,18.914470672607422,2.2590091228485107,16.59138298034668,-10.64354133605957,14.178046226501465,-2.544185161590576,21.076311111450195,-9.978981018066406,15.751534461975098,0.11169335509495983,0.04881721334664388,2018.8137682685629,659.9643184111699
Tango/Media-105903,Media-105903.wav,Tango,Tango,31.787936507936507,-240.67796325683594,116.7542495727539,139.75392150878906,43.4090576171875,-1.5262484550476074,22.349397659301758,31.8471736907959,17.713953018188477,8.34194278717041,12.828635215759277,12.747807502746582,8.259064674377441,5.538750648498535,10.676478385925293,5.42128849029541,8.695608139038086,5.042062759399414,9.260257720947266,3.049494981765747,8.998804092407227,0.8525788187980652,9.845137596130371,-0.16016320884227753,8.989768028259277,-3.0383355617523193,9.390717506408691,0.03863021594229365,0.03129281842306385,929.4872730619984,526.4851057128661
Tango/Media-105904,Media-105904.wav,Tango,Tango,31.787936507936507,-211.50611877441406,112.21070098876953,130.7607421875,40.0052375793457,-46.51998519897461,20.398649215698242,16.872852325439453,12.101823806762695,-5.993525505065918,11.233940124511719,0.9192197918891907,10.192420959472656,-3.7352075576782227,11.769783973693848,2.3763930797576904,8.171363830566406,-2.3320693969726562,9.208178520202637,-1.8523311614990234,8.767624855041504,-1.2393248081207275,8.849774360656738,3.2151904106140137,10.391860961914062,-8.050076484680176,13.049223899841309,0.09530436792366691,0.061794725222412555,1445.3976582873643,574.3892440682008
Tango/Media-105905,Media-105905.wav,Tango,Tango,31.787936507936507,-328.781494140625,130.7586212158203,141.6301727294922,48.89234924316406,-8.04267406463623,36.72412872314453,12.28101921081543,20.742473602294922,-18.587804794311523,24.909643173217773,7.6540985107421875,12.19663143157959,-10.077526092529297,13.481642723083496,-22.328813552856445,12.665773391723633,-11.117971420288086,12.944112777709961,-4.499691963195801,11.53322696685791,-6.362260341644287,10.223442077636719,-8.163433074951172,12.226785659790039,1.0481795072555542,10.042864799499512,0.06378472539262235,0.04772582528165577,1095.0239207065263,642.3869870889682
Tango/Media-105906,Media-105906.wav,Tango,Tango,31.787936507936507,-180.96681213378906,115.15702056884766,100.05950927734375,39.13270568847656,-4.685386657714844,13.008819580078125,33.254695892333984,14.07159423828125,-4.514050483703613,12.58130168914795,5.53485107421875,9.169526100158691,-2.269268274307251,10.830267906188965,6.5252685546875,10.817544937133789,-1.2967053651809692,9.14690113067627,2.373893976211548,8.27627944946289,-4.281362056732178,9.860856056213379,1.2753852605819702,10.635516166687012,-0.8661742806434631,9.988032341003418,0.09783137497717312,0.07635982644754082,1792.40471091875,817.4114233765389
VienneseWaltz/Albums-Ballroom_Classics4-11,Albums-Ballroom_Classics4-11.wav,VienneseWaltz,VienneseWaltz,31.787936507936507,-171.633056640625,106.77938842773438,138.2741241455078,43.2635498046875,-1.570275068283081,11.845208168029785,24.335323333740234,13.775578498840332,-4.44669771194458,11.941967964172363,2.8278090953826904,9.893322944641113,-10.281167030334473,9.80576229095459,-1.609407663345337,9.762197494506836,-9.561139106750488,10.363755226135254,0.40162914991378784,10.773594856262207,-8.081551551818848,12.099111557006836,-1.1596025228500366,11.392019271850586,-3.741299629211426,11.317997932434082,0.05351869236212564,0.024599386729125736,1133.9190290886609,442.7329227488805
VienneseWaltz/Albums-Ballroom_Classics4-12,Albums-Ballroom_Classics4-12.wav,VienneseWaltz,VienneseWaltz,31.787936507936507,-211.68174743652344,108.14029693603516,129.3278350830078,42.65950393676758,-25.055774688720703,20.623859405517578,39.64260482788086,18.188766479492188,8.329120635986328,13.860770225524902,8.115076065063477,11.550463676452637,1.150291085243225,8.884488105773926,1.1311981678009033,8.481526374816895,3.418720006942749,11.680318832397461,-2.744976758956909,10.625487327575684,-9.294489860534668,11.196107864379883,1.3621923923492432,10.189847946166992,5.5022149085998535,11.902722358703613,0.053337147324689554,0.032537087134306766,1196.9982597566207,532.3954290098819
VienneseWaltz/Albums-Ballroom_Classics4-13,Albums-Ballroom_Classics4-13.wav,VienneseWaltz,VienneseWaltz,31.787936507936507,-184.6000518798828,95.57269287109375,115.19795227050781,35.18991470336914,-28.345285415649414,16.900218963623047,39.104679107666016,15.526712417602539,0.26275861263275146,12.281651496887207,3.0038485527038574,8.921292304992676,-7.6713337898254395,8.13713550567627,-9.284016609191895,13.072717666625977,-7.434515476226807,11.414934158325195,-6.111059188842773,10.428033828735352,-9.507511138916016,12.232864379882812,-1.6893305778503418,9.939517974853516,-5.237180709838867,9.57970142364502,0.0762606858336377,0.03648478880823237,1458.1010214281619,525.4490431961607
VienneseWaltz/Albums-Ballroom_Classics4-14,Albums-Ballroom_Classics4-14.wav,VienneseWaltz,VienneseWaltz,31.787936507936507,-173.8774871826172,104.87168884277344,127.16554260253906,39.690460205078125,-19.77599334716797,23.43075180053711,39.062721252441406,17.689367294311523,5.247673034667969,11.637392044067383,9.77692699432373,9.575225830078125,6.589073181152344,9.58554458618164,5.627284049987793,9.196432113647461,2.7361068725585938,9.230602264404297,2.0259270668029785,11.736008644104004,-0.5633483529090881,9.830862998962402,5.87155818939209,9.551015853881836,1.375816822052002,9.334318161010742,0.05701477184532505,0.041400334745497334,1264.8667694073026,572.3628442132451
VienneseWaltz/Albums-Ballroom_Magic-09,Albums-Ballroom_Magic-09.wav,VienneseWaltz,VienneseWaltz,30.143537414965987,-128.808837890625,61.440120697021484,117.35189056396484,19.356233596801758,-12.880402565002441,10.679147720336914,8.438958168029785,8.08659553527832,9.005346298217773,8.917717933654785,1.8678674697875977,9.114558219909668,2.5957419872283936,12.143271446228027,-1.3434698581695557,10.645272254943848,-9.346585273742676,8.959138870239258,-9.519293785095215,9.132290840148926,-4.384019374847412,8.411822319030762,-5.701451301574707,9.120279312133789,-4.635318756103516,8.664192199707031,0.0816568634526559,0.0236491506293914,1670.153633958065,298.3693285228768
VienneseWaltz/Albums-Ballroom_Magic-10,Albums-Ballroom_Magic-10.wav,VienneseWaltz,VienneseWaltz,30.047528344671203,-128.07395935058594,70.87989807128906,139.0250244140625,17.9387264251709,-4.1943864822387695,11.31280517578125,13.998542785644531,9.395855903625488,10.934999465942383,7.708583354949951,-3.0456156730651855,7.5596923828125,-2.1417593955993652,6.894131660461426,-2.6449456214904785,7.308471202850342,-4.756046295166016,7.4168477058410645,-6.8370866775512695,7.451661109924316,-3.7290079593658447,9.0003662109375,-2.9928483963012695,6.8855061531066895,-2.242377758026123,6.814494609832764,0.05956654198841699,0.02816097595919948,1373.1219945278694,293.3414920154356
VienneseWaltz/Albums-Ballroom_Magic-11,Albums-Ballroom_Magic-11.wav,VienneseWaltz,VienneseWaltz,29.75950113378685,-145.39573669433594,66.07022094726562,87.73963165283203,15.544668197631836,-8.267563819885254,12.159708023071289,15.57761001586914,8.839948654174805,3.6368374824523926,8.461173057556152,-8.401144981384277,9.961082458496094,-7.07838249206543,11.600638389587402,-5.817641735076904,11.874266624450684,-4.204070568084717,9.968483924865723,-5.973414421081543,11.004131317138672,-6.306973934173584,12.66415023803711,-11.096065521240234,14.309576988220215,-9.673593521118164,15.975311279296875,0.1060008318301482,0.02712363906025918,2113.2188187407833,292.7801688001836
VienneseWaltz/Albums-Chrisanne1-07,Albums-Chrisanne1-07.wav,VienneseWaltz,VienneseWaltz,30.143537414965987,-95.27660369873047,64.74183654785156,110.40760040283203,21.237159729003906,-19.3676815032959,8.841206550598145,19.182640075683594,7.5242462158203125,2.5170094966888428,6.817567348480225,-3.263106107711792,6.9482741355896,-0.18473713099956512,6.5371832847595215,-4.715438365936279,7.072310447692871,-3.492391347885132,5.880325794219971,-9.919889450073242,6.317474365234375,-10.342310905456543,8.490862846374512,-4.79696798324585,7.288445949554443,-1.0106149911880493,6.765920639038086,0.08763915451789839,0.03369028253032224,1925.160617559412,401.2523542732442
VienneseWaltz/Albums-Chrisanne1-08,Albums-Chrisanne1-08.wav,VienneseWaltz,VienneseWaltz,30.143537414965987,-159.90264892578125,81.60177612304688,114.83809661865234,21.964628219604492,-6.857471466064453,17.130146026611328,22.78071403503418,26.192535400390625,5.916574001312256,9.950705528259277,-9.605453491210938,10.808808326721191,-3.9272077083587646,14.410045623779297,-3.512340784072876,12.67226505279541,-4.137413501739502,9.130022048950195,-1.4192804098129272,8.54354476928711,-4.392459869384766,13.876375198364258,-1.3434556722640991,11.174261093139648,1.0880790948867798,10.217153549194336,0.07184575574961509,0.02638950349379332,1742.0762101898351,465.692950046863
VienneseWaltz/Albums-Chrisanne2-07,Albums-Chrisanne2-07.wav,VienneseWaltz,VienneseWaltz,30.143537414965987,-171.6329803466797,66.27369689941406,109.36766052246094,18.31024932861328,3.437299966812134,11.812551498413086,18.076467514038086,9.820536613464355,6.344358921051025,8.61811351776123,7.874388217926025,12.462766647338867,15.977178573608398,17.23255729675293,13.51596450805664,14.66740608215332,-1.7035516500473022,12.01240062713623,-8.153389930725098,10.693318367004395,-9.956783294677734,9.577268600463867,-3.446251392364502,10.636674880981445,3.3767952919006348,11.923258781433105,0.08374305355080831,0.020036373699199993,1713.021631964007,266.1236024628943
VienneseWaltz/Albums-Chrisanne3-07,Albums-Chrisanne3-07.wav,VienneseWaltz,VienneseWaltz,30.143537414965987,-171.6351318359375,103.4864273071289,99.70228576660156,38.86891555786133,15.349096298217773,11.59837532043457,31.288124084472656,11.321089744567871,10.560075759887695,9.76029109954834,11.967606544494629,9.195809364318848,4.971701145172119,9.501174926757812,7.597139835357666,9.049038887023926,8.782543182373047,8.74199104309082,5.5696868896484375,8.622174263000488,-6.302840709686279,8.484999656677246,-9.467082977294922,6.743624687194824,2.5360422134399414,6.5835676193237305,0.0711466001491532,0.08090599801498861,1947.2454345802919,970.8408313055368
VienneseWaltz/Albums-Chrisanne3-08,Albums-Chrisanne3-08.wav,VienneseWaltz,VienneseWaltz,30.047528344671203,-148.2108612060547,57.24995422363281,67.38143157958984,15.655583381652832,-13.362070083618164,10.934518814086914,23.04194450378418,9.22173023223877,14.578290939331055,6.842813491821289,20.948274612426758,7.701117038726807,7.4547929763793945,9.100421905517578,1.2536005973815918,8.4561767578125,-0.8956384658813477,7.396093368530273,-12.819570541381836,7.036912441253662,-7.1683549880981445,8.514951705932617,-4.7501420974731445,6.700930118560791,-0.96357262134552,6.873516082763672,0.11498853764478764,0.034399158493286244,2535.9143717110105,347.93171410175876
VienneseWaltz/Albums-Chrisanne3-09,Albums-Chrisanne3-09.wav,VienneseWaltz,VienneseWaltz,30.143537414965987,-135.1627655029297,69.61190032958984,105.25796508789062,24.08323860168457,-9.149449348449707,12.304275512695312,20.177120208740234,16.240665435791016,7.000336647033691,13.895015716552734,3.959834575653076,7.907973766326904,4.355734348297119,8.11701488494873,6.909449577331543,8.765135765075684,1.8362253904342651,8.33035945892334,-3.5127525329589844,8.98462963104248,-2.5511980056762695,9.16312313079834,1.7836823463439941,9.087550163269043,4.8205647468566895,8.011604309082031,0.0919803093725943,0.04514904642652943,2043.3877185359963,567.6855054376841
VienneseWaltz/Albums-Step_By_Step-09,Albums-Step_By_Step-09.wav,VienneseWaltz,VienneseWaltz,31.787936507936507,-194.39608764648438,118.5673828125,102.73573303222656,35.79932403564453,-29.647058486938477,22.32342529296875,28.541427612304688,15.996721267700195,2.361041784286499,14.009593963623047,4.6848368644714355,9.220005989074707,-4.622729301452637,10.241644859313965,-0.056230634450912476,9.875776290893555,-3.806144952774048,11.584805488586426,3.8001585006713867,14.689719200134277,-0.787483274936676,19.95491600036621,7.925259113311768,21.85102081298828,11.965428352355957,19.120508193969727,0.09872305001369613,0.04409318133719362,1663.6059906888247,539.3371447872929
VienneseWaltz/Albums-Step_By_Step-10,Albums-Step_By_Step-10.wav,VienneseWaltz,VienneseWaltz,31.787936507936507,-256.7892761230469,71.13681030273438,142.49729919433594,43.46324920654297,-21.9287166595459,15.806812286376953,-0.9406643509864807,23.981271743774414,4.187159538269043,15.807035446166992,-1.846825361251831,10.746508598327637,3.5566866397857666,14.262821197509766,1.8526815176010132,14.244427680969238,-0.8590341806411743,12.085111618041992,-6.080506801605225,15.386786460876465,0.46769165992736816,13.167130470275879,4.902125835418701,13.246094703674316,3.5821564197540283,13.006132125854492,0.07296148819850255,0.028849218160379574,1108.3425772521116,403.8872893412082
VienneseWaltz/Albums-Step_By_Step-11,Albums-Step_By_Step-11.wav,VienneseWaltz,VienneseWaltz,31.787936507936507,-191.7286834716797,110.82003784179688,136.54690551757812,41.488834381103516,-28.896360397338867,19.96198081970215,18.182628631591797,18.14562225341797,-0.24454233050346375,10.04570484161377,7.321188449859619,9.23028564453125,9.661581039428711,10.875338554382324,9.180622100830078,9.566295623779297,7.796592712402344,9.794037818908691,9.711448669433594,9.956308364868164,-1.345832109451294,9.767477989196777,-0.43458840250968933,9.798545837402344,-0.990886926651001,8.98690128326416,0.06429191015339664,0.03162999192616221,1243.614943101389,484.0449628754279
VienneseWaltz/Media-100608,Media-100608.wav,VienneseWaltz,VienneseWaltz,30.09233560090703,-223.3267822265625,70.755859375,154.07408142089844,28.31131935119629,16.903274536132812,13.918203353881836,3.7586240768432617,17.080060958862305,52.167240142822266,14.274994850158691,-18.387374877929688,15.483786582946777,27.312000274658203,11.50497817993164,0.0007062370423227549,9.482430458068848,-8.796350479125977,12.494904518127441,8.408374786376953,14.528164863586426,-18.150110244750977,15.597804069519043,9.09915542602539,10.387165069580078,-7.236894607543945,10.450374603271484,0.030394000771604937,0.02588280502531689,1149.7865261187767,441.98656041538527
VienneseWaltz/Media-100609,Media-100609.wav,VienneseWaltz,VienneseWaltz,30.09233560090703,-264.6849365234375,91.78783416748047,109.94061279296875,23.295061111450195,4.186496734619141,15.204753875732422,-20.702360153198242,21.658414840698242,11.296821594238281,18.32686996459961,-40.52549743652344,18.89963150024414,10.158323287963867,16.048986434936523,-21.685924530029297,13.650769233703613,-13.97400951385498,16.083938598632812,15.423545837402344,18.676586151123047,-23.094636917114258,20.25957679748535,2.1692416667938232,11.885445594787598,-6.003598690032959,14.472835540771484,0.06970779984085648,0.029027703313985787,1849.9214912625728,485.27445895988245
VienneseWaltz/Media-100610,Media-100610.wav,VienneseWaltz,VienneseWaltz,30.09233560090703,-181.83396911621094,52.30289840698242,141.30593872070312,13.969413757324219,12.461085319519043,9.852682113647461,-3.157761573791504,8.966437339782715,51.78636932373047,9.181619644165039,-41.844642639160156,14.005617141723633,27.040334701538086,8.910079956054688,2.428666114807129,7.082690715789795,-4.12562894821167,7.688072204589844,22.778690338134766,9.879677772521973,-26.5275821685791,9.337530136108398,11.968610763549805,10.69693374633789,-8.678032875061035,9.545742988586426,0.06215601791570216,0.02491759348913063,1627.5984507297405,269.8309032117794
VienneseWaltz/Media-103307,Media-103307.wav,VienneseWaltz,VienneseWaltz,31.787936507936507,-108.82276916503906,134.3753662109375,96.536865234375,33.5826301574707,-56.84300994873047,24.207578659057617,17.274063110351562,17.13020133972168,-7.267775535583496,13.757405281066895,-6.731597423553467,13.88991928100586,-6.432464599609375,13.104107856750488,-1.5919504165649414,10.11406135559082,-3.1304402351379395,10.771493911743164,2.1178996562957764,10.251214027404785,-7.948769569396973,9.89547348022461,-2.536285161972046,9.444241523742676,-12.267223358154297,9.541101455688477,0.1266471021274653,0.04668095302995817,1966.1466631681312,622.2491568649352
VienneseWaltz/Media-103308,Media-103308.wav,VienneseWaltz,VienneseWaltz,31.787936507936507,-286.2034606933594,82.48309326171875,112.80122375488281,46.603328704833984,58.32319259643555,27.488611221313477,21.521982192993164,12.93291187286377,30.12871551513672,14.152606010437012,9.898040771484375,11.045190811157227,12.28375244140625,11.457517623901367,2.563281536102295,11.590253829956055,3.304792642593384,11.035568237304688,-2.837639331817627,11.174853324890137,-7.754054546356201,11.344344139099121,-0.9328683614730835,10.900930404663086,-4.10322904586792,12.053526878356934,0.055490720872899926,0.06357959693679642,1342.999596949219,966.2504206896089
VienneseWaltz/Media-103315,Media-103315.wav,VienneseWaltz,VienneseWaltz,31.787936507936507,-185.85667419433594,115.98999786376953,126.09461975097656,43.51106643676758,-5.707173824310303,23.45802116394043,42.13549041748047,18.123533248901367,11.50737476348877,14.877836227416992,5.813375473022461,13.497830390930176,-2.4630048274993896,11.79159164428711,6.005712509155273,8.690439224243164,-19.0651798248291,12.453872680664062,-0.5617688298225403,12.937376022338867,-4.8286566734313965,9.576248168945312,-7.245176315307617,10.022224426269531,-4.325657367706299,9.7748441696167,0.05830449061815193,0.06408684952013209,1311.1680422060806,690.6889697193806
VienneseWaltz/Media-104209,Media-104209.wav,VienneseWaltz,VienneseWaltz,31.787936507936507,-152.8908233642578,100.019775390625,138.59251403808594,34.84357452392578,-3.3524935245513916,14.24843978881836,28.50177001953125,12.271470069885254,6.926169395446777,9.926569938659668,9.658366203308105,10.480525970458984,0.06930998712778091,10.686395645141602,5.107491970062256,11.881451606750488,1.8776881694793701,9.900951385498047,3.6489317417144775,9.277484893798828,-5.918726444244385,9.724455833435059,-2.223611831665039,11.3008451461792,-9.914284706115723,11.708592414855957,0.06617263114043097,0.02491353303181915,1242.1389654630013,382.40139050671604
VienneseWaltz/Media-104210,Media-104210.wav,VienneseWaltz,VienneseWaltz,31.787936507936507,-204.5886993408203,115.22193145751953,138.2316436767578,42.08329391479492,-25.613494873046875,39.87914276123047,34.22257614135742,17.65497398376465,14.112597465515137,11.935555458068848,4.360836029052734,13.371453285217285,1.0913625955581665,12.502262115478516,4.182806015014648,13.064016342163086,0.3906186819076538,13.820269584655762,3.5357327461242676,12.441679000854492,0.7346087694168091,12.784536361694336,4.070683479309082,11.817107200622559,-3.359070301055908,13.76393985748291,0.06568220987034332,0.04526790369310837,1207.317638255972,598.4118650090323
VienneseWaltz/Media-104211,Media-104211.wav,VienneseWaltz,VienneseWaltz,31.787936507936507,-213.71328735351562,87.45094299316406,128.82923889160156,39.4686279296875,-16.481473922729492,24.383947372436523,24.75872039794922,16.254966735839844,9.229134559631348,12.596182823181152,-5.553855895996094,10.102667808532715,-9.131284713745117,13.771117210388184,-4.433359146118164,14.065536499023438,-1.7423440217971802,17.700593948364258,7.6679582595825195,17.118318557739258,-0.720990002155304,16.268184661865234,0.3476923704147339,20.676239013671875,-3.2984635829925537,20.928117752075195,0.07659203227720965,0.03426959366419182,1306.7796236416789,485.21104087164304
VienneseWaltz/Media-104212,Media-104212.wav,VienneseWaltz,VienneseWaltz,31.787936507936507,-307.9914855957031,95.79512786865234,103.994384765625,31.004058837890625,15.840496063232422,33.89751434326172,25.845163345336914,17.04204559326172,1.423526406288147,21.864032745361328,-2.8254590034484863,14.490802764892578,-10.427745819091797,14.457413673400879,1.99007248878479,14.24388313293457,1.0787988901138306,14.119128227233887,-5.456264495849609,13.838345527648926,-11.231705665588379,18.686689376831055,3.691960573196411,14.70203971862793,2.1779937744140625,11.98951244354248,0.07522741280131483,0.04811750001756417,1463.5491422929902,581.3719116945931
VienneseWaltz/Media-104307,Media-104307.wav,VienneseWaltz,VienneseWaltz,31.787936507936507,-164.0450439453125,117.34342193603516,87.54652404785156,29.036415100097656,-21.0380802154541,22.328779220581055,29.948741912841797,18.483112335205078,-2.4606902599334717,16.417593002319336,-2.019066572189331,12.977502822875977,11.206771850585938,14.351404190063477,-2.7248730659484863,13.010393142700195,-14.651668548583984,11.557690620422363,16.70255470275879,12.745426177978516,-7.1247968673706055,15.635009765625,2.705289125442505,10.460118293762207,-8.6923246383667,9.501424789428711,0.11904931747626005,0.050088616471663974,2167.4902915861057,733.8566396277126
VienneseWaltz/Media-104308,Media-104308.wav,VienneseWaltz,VienneseWaltz,31.787936507936507,-204.00442504882812,110.54743194580078,144.97586059570312,44.151100158691406,-20.01890754699707,25.41553497314453,15.416772842407227,18.812450408935547,-16.453994750976562,18.51927375793457,-2.6994853019714355,11.423578262329102,-5.161860942840576,15.354185104370117,8.03995418548584,12.728006362915039,-16.339292526245117,11.327596664428711,-0.8722020983695984,11.581466674804688,-6.592339038848877,9.737971305847168,-5.711607933044434,8.952886581420898,-2.030418634414673,9.585443496704102,0.06843498904309715,0.044033968852629335,1332.8177450297992,632.8468187382828
VienneseWaltz/Media-104309,Media-104309.wav,VienneseWaltz,VienneseWaltz,31.787936507936507,-172.18267822265625,110.4130859375,136.4609832763672,43.044044494628906,-30.140722274780273,24.63006019592285,24.657787322998047,16.36568832397461,2.0578112602233887,16.181215286254883,1.9067329168319702,11.0301513671875,-0.6982566118240356,12.217052459716797,1.2848228216171265,11.232710838317871,-5.546878337860107,10.028853416442871,1.2944883108139038,10.247320175170898,-1.016980767250061,8.666998863220215,-2.4057438373565674,7.674983024597168,-4.949432373046875,6.991782188415527,0.0765164182341125,0.041184826660054734,1487.0873465409866,631.4718651307587
VienneseWaltz/Media-104406,Media-104406.wav,VienneseWaltz,VienneseWaltz,31.787936507936507,-232.5017852783203,100.11854553222656,149.82626342773438,40.349143981933594,-13.735116958618164,24.082218170166016,29.155506134033203,15.727434158325195,3.1978554725646973,15.032299041748047,0.7012186646461487,11.272727966308594,1.095354437828064,12.014058113098145,-3.202744722366333,10.425578117370605,-6.028748512268066,10.795169830322266,-3.1751255989074707,9.938197135925293,4.247154712677002,9.188573837280273,-4.0079216957092285,9.858224868774414,-9.10739517211914,9.308048248291016,0.05220614670836377,0.024798889801178167,1107.9214092427658,503.65557604724484
VienneseWaltz/Media-104407,Media-104407.wav,VienneseWaltz,VienneseWaltz,31.787936507936507,-179.26170349121094,104.03009796142578,104.09952545166016,38.62058639526367,-33.402671813964844,26.803308486938477,29.434364318847656,18.734130859375,-19.293344497680664,17.37534523010254,-4.5427398681640625,12.607686042785645,-8.60012149810791,13.904214859008789,-8.632882118225098,12.334278106689453,-7.447774887084961,12.519909858703613,-4.064506530761719,12.712681770324707,-13.815022468566895,11.264162063598633,-7.83280086517334,10.381845474243164,-15.459596633911133,10.439891815185547,0.10475326995069394,0.06090988445679404,1850.6767843036118,770.9026682451163
VienneseWaltz/Media-104408,Media-104408.wav,VienneseWaltz,VienneseWaltz,31.787936507936507,-98.92645263671875,114.75492095947266,73.45460510253906,34.862308502197266,-25.40564727783203,19.274076461791992,30.43796730041504,15.037261962890625,-3.188396692276001,13.696340560913086,-5.724203586578369,10.66662311553955,-7.637531757354736,10.659183502197266,0.6225618720054626,10.776262283325195,-12.412071228027344,9.07056999206543,3.9653210639953613,8.940067291259766,-10.247462272644043,9.617644309997559,-2.24344539642334,8.746986389160156,-15.17525577545166,9.485960006713867,0.15200848018626734,0.06653169321655307,2479.9716867692164,837.2942418499581
VienneseWaltz/Media-104409,Media-104409.wav,VienneseWaltz,VienneseWaltz,31.787936507936507,-225.59254455566406,115.87979888916016,96.93384552001953,46.35988998413086,-1.7839560508728027,18.699129104614258,19.349069595336914,22.188222885131836,-12.584065437316895,16.63552474975586,7.908380508422852,9.949670791625977,1.5840685367584229,9.218764305114746,-3.026305913925171,11.950913429260254,-5.651056289672852,10.16887092590332,-6.569788932800293,14.172760963439941,-4.951731204986572,12.872892379760742,9.498311996459961,13.61717414855957,-0.18301531672477722,16.350584030151367,0.08070622089572681,0.03496805302655071,1696.8519035370202,622.7685974937623
VienneseWaltz/Media-104507,Media-104507.wav,VienneseWaltz,VienneseWaltz,31.787936507936507,-160.0132598876953,99.82500457763672,137.7897186279297,41.741058349609375,-26.41865348815918,22.49956512451172,27.92168426513672,14.542457580566406,-16.822649002075195,16.775453567504883,-0.018703730776906013,11.784029960632324,-8.049956321716309,11.332831382751465,-2.230142116546631,11.863632202148438,-9.0106782913208,11.043209075927734,-4.6241326332092285,10.212538719177246,-6.554129600524902,11.887188911437988,-3.2374930381774902,11.51371955871582,-3.4599719047546387,8.850854873657227,0.06796775132395909,0.038787963460989346,1349.173561612433,580.2598106485067
VienneseWaltz/Media-104508,Media-104508.wav,VienneseWaltz,VienneseWaltz,31.787936507936507,-181.54635620117188,107.81475830078125,125.66690826416016,37.0087776184082,-21.98069953918457,23.14247703552246,22.0610408782959,21.07319450378418,-9.976058959960938,21.15982437133789,-4.477053165435791,12.294354438781738,-5.7682881355285645,13.555472373962402,8.6215181350708,13.786048889160156,-11.339597702026367,16.509109497070312,2.3703439235687256,13.02033805847168,-9.546051979064941,10.233635902404785,-1.6290205717086792,11.205471992492676,2.339512586593628,11.272164344787598,0.08205122352081812,0.041405669459282465,1567.72455973656,571.2360277280379
VienneseWaltz/Media-104607,Media-104607.wav,VienneseWaltz,VienneseWaltz,31.787936507936507,-232.72744750976562,105.27106475830078,121.0316162109375,39.44261932373047,-11.035279273986816,28.216848373413086,26.25838279724121,23.338176727294922,-3.5213420391082764,13.237188339233398,3.081021547317505,14.006367683410645,5.888410568237305,15.340002059936523,-2.3351833820343018,11.787373542785645,-3.277068853378296,12.134819030761719,-3.579833507537842,11.473834991455078,-9.873699188232422,11.489594459533691,-2.075137138366699,10.109285354614258,-10.042876243591309,9.182019233703613,0.08098513684715121,0.05688160139062512,1623.745658874371,873.5205528640316
VienneseWaltz/Media-104608,Media-104608.wav,VienneseWaltz,VienneseWaltz,31.787936507936507,-188.20985412597656,110.53434753417969,102.16825866699219,35.137184143066406,-9.52978515625,20.46038818359375,32.19103240966797,16.181318283081055,-2.875875234603882,16.39527130126953,14.406946182250977,12.270262718200684,-6.237218379974365,9.888653755187988,6.693412780761719,9.414761543273926,-10.552103042602539,10.160686492919922,3.3593478202819824,10.028084754943848,-9.927412986755371,10.64322566986084,0.3951815068721771,8.658768653869629,-4.5829548835754395,9.081241607666016,0.09074220176680059,0.0555964073355037,1917.7503913228793,763.5931370936661
VienneseWaltz/Media-104609,Media-104609.wav,VienneseWaltz,VienneseWaltz,31.787936507936507,-172.10765075683594,93.51301574707031,122.79903411865234,36.450477600097656,-8.067496299743652,15.62160587310791,32.193782806396484,16.549375534057617,11.241843223571777,14.306458473205566,9.32088565826416,11.372761726379395,1.9314950704574585,8.52740478515625,0.6209200620651245,8.411998748779297,-10.920347213745117,10.941817283630371,-2.82570219039917,9.549568176269531,-8.124746322631836,9.944703102111816,-4.192991256713867,9.601997375488281,-3.930838108062744,8.45685863494873,0.052872049625639156,0.036121110778823254,1420.454280580765,597.2344317049767
VienneseWaltz/Media-104711,Media-104711.wav,VienneseWaltz,VienneseWaltz,31.787936507936507,-169.74581909179688,111.3179702758789,79.46282958984375,51.81355667114258,-17.597999572753906,26.104124069213867,34.65956115722656,17.54875946044922,-4.910441875457764,12.660563468933105,5.942970275878906,12.147171020507812,-1.4786248207092285,13.926420211791992,5.6601715087890625,18.819908142089844,2.309748888015747,14.975910186767578,6.518773555755615,17.874103546142578,-8.14641284942627,19.765779495239258,-0.9403964877128601,14.192116737365723,-7.759469032287598,18.608388900756836,0.10923696870434624,0.0738572334420104,2100.11192088159,899.3534901985406
VienneseWaltz/Media-104712,Media-104712.wav,VienneseWaltz,VienneseWaltz,31.787936507936507,-193.32778930664062,105.78826904296875,112.81249237060547,35.83103942871094,-12.992776870727539,19.719207763671875,40.070526123046875,15.20772933959961,1.0227590799331665,10.41704273223877,-2.79575252532959,9.176105499267578,-9.048720359802246,10.544880867004395,-7.819031238555908,10.719001770019531,-8.467884063720703,10.072587013244629,-12.495248794555664,9.443459510803223,-12.514242172241211,10.4075288772583,-4.098146438598633,9.390405654907227,-8.336034774780273,10.685410499572754,0.0697193577657049,0.036492685849878484,1565.5027176513581,560.0793296639222
VienneseWaltz/Media-104809,Media-104809.wav,VienneseWaltz,VienneseWaltz,31.787936507936507,-216.07797241210938,96.71734619140625,140.6869354248047,38.03669738769531,-29.887401580810547,18.637174606323242,24.487445831298828,16.346323013305664,-4.220272064208984,11.577963829040527,-0.603760838508606,10.73348617553711,1.234105110168457,10.36445140838623,-0.44653671979904175,9.434234619140625,-2.4847326278686523,10.127172470092773,-2.758955717086792,8.457649230957031,-6.399640083312988,9.921979904174805,1.61281156539917,8.934679985046387,-2.3703033924102783,9.039280891418457,0.07179589059075968,0.0261037054494678,1293.007398120127,442.789649813516
VienneseWaltz/Media-104810,Media-104810.wav,VienneseWaltz,VienneseWaltz,31.787936507936507,-194.76515197753906,99.68035125732422,124.47581481933594,33.15803909301758,-21.461816787719727,13.673561096191406,27.798295974731445,10.09197998046875,-1.8193464279174805,8.402146339416504,1.7649565935134888,8.149945259094238,-9.7210054397583,8.173612594604492,0.9878193736076355,8.436161994934082,-4.432133674621582,7.455080509185791,-1.465360164642334,9.563274383544922,-11.597648620605469,9.930890083312988,-3.3465652465820312,10.979658126831055,-6.402536869049072,9.772195816040039,0.07799053540449233,0.03600032983003244,1536.7954316236865,465.81519153388274
VienneseWaltz/Media-104811,Media-104811.wav,VienneseWaltz,VienneseWaltz,31.787936507936507,-187.93336486816406,89.31607818603516,144.62420654296875,41.436431884765625,-35.322147369384766,15.210949897766113,24.884492874145508,13.357022285461426,-3.393770456314087,9.950453758239746,-4.061713695526123,8.757055282592773,-7.537901878356934,8.5352201461792,-4.301486968994141,8.448583602905273,-8.19335651397705,9.243924140930176,-4.827178478240967,8.964393615722656,-12.046152114868164,9.924812316894531,-8.051931381225586,9.183903694152832,-8.968236923217773,9.944253921508789,0.07289514757578525,0.0305971208803768,1307.7100968217885,410.5968214794626
VienneseWaltz/Media-104908,Media-104908.wav,VienneseWaltz,VienneseWaltz,31.787936507936507,-196.4913330078125,113.19249725341797,134.00547790527344,35.02754592895508,-13.495837211608887,18.255474090576172,29.92382049560547,12.539793968200684,5.423017978668213,12.299352645874023,5.2833170890808105,8.338141441345215,0.38368499279022217,8.983201026916504,2.743156671524048,8.204462051391602,-6.547941207885742,8.548274993896484,-6.788639545440674,9.905350685119629,-9.925310134887695,10.305904388427734,-6.813652038574219,11.861223220825195,-5.987024307250977,10.46507453918457,0.06684531078798393,0.032119161200797865,1302.5491505498908,485.0994817218229
VienneseWaltz/Media-104909,Media-104909.wav,VienneseWaltz,VienneseWaltz,31.787936507936507,-136.02157592773438,108.40283203125,118.74742126464844,44.6684684753418,-9.4678373336792,24.218063354492188,35.57924270629883,15.0304594039917,2.3959717750549316,21.380657196044922,2.135319471359253,11.994660377502441,-7.4353485107421875,12.892328262329102,2.0893473625183105,14.637394905090332,-7.86533260345459,10.132492065429688,-2.6505768299102783,10.963614463806152,-0.9092879295349121,12.527844429016113,-7.149304389953613,10.109415054321289,-3.236339807510376,9.775346755981445,0.07160542880295837,0.05890453100840516,1571.2124362015481,871.2430457111963
VienneseWaltz/Media-105010,Media-105010.wav,VienneseWaltz,VienneseWaltz,31.787936507936507,-161.83360290527344,98.08126831054688,119.65047454833984,33.12628173828125,-20.720508575439453,20.03719139099121,25.28561019897461,12.460822105407715,-7.455053806304932,10.516364097595215,-1.8165974617004395,12.52302360534668,-2.202836036682129,9.983129501342773,3.1599230766296387,8.337169647216797,-1.9252088069915771,9.135489463806152,-5.628849029541016,9.226131439208984,-14.390049934387207,9.53378963470459,-4.468535423278809,10.854965209960938,-2.941561460494995,8.956904411315918,0.09010233576059168,0.027284156362895787,1619.448683415617,480.60435798879143
VienneseWaltz/Media-105011,Media-105011.wav,VienneseWaltz,VienneseWaltz,31.787936507936507,-193.16334533691406,98.58492279052734,106.85838317871094,32.70945739746094,-8.571106910705566,19.8553524017334,49.819332122802734,15.782973289489746,2.870285987854004,10.734591484069824,3.0224099159240723,11.238189697265625,-1.731972336769104,10.879965782165527,5.696310997009277,8.891642570495605,-2.924537181854248,9.726577758789062,-2.5664219856262207,8.085287094116211,-7.992725372314453,10.150354385375977,-3.6414246559143066,10.376546859741211,-3.093656539916992,10.534770011901855,0.0755245189234843,0.03686395990671492,1606.9929141585624,594.2494465204996
VienneseWaltz/Media-105110,Media-105110.wav,VienneseWaltz,VienneseWaltz,31.787936507936507,-174.08367919921875,102.8973617553711,125.74873352050781,42.70487594604492,-3.2938504219055176,17.766441345214844,36.569095611572266,17.514095306396484,-4.163687705993652,15.623111724853516,19.26255226135254,16.381288528442383,-7.779584884643555,13.904156684875488,-1.354254961013794,10.299504280090332,-2.142740249633789,12.102258682250977,-5.805563926696777,11.17293930053711,-8.452038764953613,11.457369804382324,-7.154119491577148,11.036818504333496,-10.468369483947754,10.022446632385254,0.04772672799488678,0.05324997461002271,1316.8312534035545,771.8789129036246
VienneseWaltz/Media-105111,Media-105111.wav,VienneseWaltz,VienneseWaltz,31.787936507936507,-105.5877456665039,114.46727752685547,124.85445404052734,33.91818618774414,-48.9907112121582,18.518144607543945,11.063347816467285,10.067819595336914,-10.870110511779785,11.547411918640137,3.459071397781372,9.648910522460938,-6.693166255950928,9.209357261657715,-4.922496318817139,10.468672752380371,-8.918246269226074,11.166622161865234,-0.8076199293136597,10.61996841430664,-13.013653755187988,10.859548568725586,-7.453902721405029,11.11776351928711,-5.007625579833984,9.456336975097656,0.11072463933528123,0.03057311259655472,1641.2334568083606,444.2549467285732
VienneseWaltz/Media-105112,Media-105112.wav,VienneseWaltz,VienneseWaltz,31.787936507936507,-105.65105438232422,107.31119537353516,117.89177703857422,40.03122329711914,-28.05650520324707,21.76764488220215,22.729698181152344,16.798423767089844,-7.392735958099365,13.86150074005127,1.6285456418991089,16.458599090576172,-1.4319570064544678,14.574738502502441,0.3683623671531677,15.389959335327148,-7.571231842041016,13.220996856689453,1.0905230045318604,11.870195388793945,-14.272473335266113,13.97064208984375,-3.439436435699463,12.639345169067383,-10.847905158996582,14.211518287658691,0.0964278784696859,0.05127672344195097,1700.6312562183043,724.9237103501366
VienneseWaltz/Media-105307,Media-105307.wav,VienneseWaltz,VienneseWaltz,31.787936507936507,-155.12335205078125,98.45292663574219,147.07345581054688,41.59642028808594,-21.954002380371094,26.679960250854492,43.3837776184082,17.276371002197266,-8.453185081481934,18.81466293334961,-3.881256103515625,11.115693092346191,1.1230103969573975,12.96920394897461,1.810960292816162,7.894595146179199,0.27894118428230286,9.557753562927246,4.892863750457764,10.678116798400879,-14.847707748413086,11.199894905090332,-2.7743496894836426,8.481749534606934,0.25372937321662903,8.460835456848145,0.06621864157231556,0.03694742640270587,1282.4958761812802,591.7735666546934
VienneseWaltz/Media-105308,Media-105308.wav,VienneseWaltz,VienneseWaltz,31.787936507936507,-161.16360473632812,109.09326171875,138.7736053466797,40.33341598510742,-38.44808578491211,25.320701599121094,20.39536476135254,13.439373016357422,-9.412034034729004,12.590668678283691,-1.8295384645462036,10.181035041809082,-1.83944833278656,10.828347206115723,0.23551045358181,10.194443702697754,-9.572198867797852,10.361624717712402,-4.353062152862549,10.133855819702148,-3.9107248783111572,11.161128044128418,5.822106838226318,11.976971626281738,-1.032531499862671,12.058295249938965,0.0869639963020453,0.05863778767133942,1429.468263650143,547.3564262235392
VienneseWaltz/Media-105309,Media-105309.wav,VienneseWaltz,VienneseWaltz,31.787936507936507,-141.59857177734375,101.71509552001953,110.46031188964844,36.76445007324219,-17.951684951782227,23.704402923583984,27.697418212890625,17.768728256225586,-2.1112496852874756,10.444005966186523,-2.6277287006378174,13.68579387664795,3.4491231441497803,10.558526992797852,5.4855804443359375,12.393672943115234,-3.9123005867004395,11.84035873413086,8.47070598602295,11.563034057617188,-17.02045249938965,9.893932342529297,-0.18772876262664795,9.353155136108398,-1.3207429647445679,10.047340393066406,0.08925025109569029,0.05848522989397946,1806.997483062636,896.127841867495
VienneseWaltz/Media-105318,Media-105318.wav,VienneseWaltz,VienneseWaltz,31.787936507936507,-143.22555541992188,98.3975830078125,84.33162689208984,29.606687545776367,-0.8528247475624084,23.77152442932129,46.203800201416016,15.204259872436523,9.43443775177002,10.082335472106934,9.627761840820312,9.977888107299805,-3.432873010635376,9.70534896850586,13.461402893066406,11.227036476135254,2.1071650981903076,11.617960929870605,11.454909324645996,10.869463920593262,-7.509078025817871,11.646398544311523,0.9839833974838257,11.994062423706055,-0.21137696504592896,9.067277908325195,0.09381776730277575,0.05124596630299693,2003.756305214019,654.2726044297624
VienneseWaltz/Media-105509,Media-105509.wav,VienneseWaltz,VienneseWaltz,31.787936507936507,-287.8857727050781,104.32488250732422,142.60586547851562,40.40176773071289,-31.135284423828125,37.57183837890625,0.45540767908096313,23.808488845825195,-13.508654594421387,14.249427795410156,-12.638384819030762,15.631196975708008,-15.973804473876953,14.486795425415039,-13.709136962890625,16.051424026489258,-9.212997436523438,16.92005729675293,-11.202861785888672,12.886346817016602,-10.951876640319824,13.466544151306152,-6.345963478088379,12.691438674926758,-10.624670028686523,11.19623851776123,0.07345547616873631,0.032704487459942116,1151.6465088141156,493.98034619018347
VienneseWaltz/Media-105510,Media-105510.wav,VienneseWaltz,VienneseWaltz,31.787936507936507,-129.54205322265625,101.46641540527344,114.84724426269531,34.37670135498047,-13.822440147399902,18.53870391845703,29.646713256835938,14.431570053100586,-0.12862908840179443,9.679600715637207,0.3362423777580261,9.519680976867676,-6.092984676361084,10.357011795043945,4.2470831871032715,8.942179679870605,0.608607828617096,12.045793533325195,-5.12686824798584,11.453777313232422,-12.854852676391602,12.5880126953125,-2.2383995056152344,11.918376922607422,-3.159198522567749,11.744121551513672,0.08101830715850986,0.041179633649432744,1612.515035589151,609.9662568135755
VienneseWaltz/Media-105511,Media-105511.wav,VienneseWaltz,VienneseWaltz,31.787936507936507,-197.95831298828125,91.15440368652344,154.16180419921875,44.22299575805664,-7.209212779998779,20.087438583374023,31.060470581054688,16.471853256225586,17.432649612426758,13.644644737243652,1.61179780960083,9.26617431640625,-0.680822491645813,9.81755542755127,1.8432148694992065,11.724681854248047,6.8853325843811035,12.020251274108887,2.622051477432251,12.10256290435791,-4.097291469573975,12.893499374389648,-1.3820178508758545,12.789834022521973,-1.0915560722351074,12.296807289123535,0.04395815262052593,0.03766645390240079,928.4871783630647,530.354814883584
VienneseWaltz/Media-105708,Media-105708.wav,VienneseWaltz,VienneseWaltz,31.787936507936507,-136.21800231933594,105.45480346679688,118.58037567138672,30.872499465942383,-20.612768173217773,19.963272094726562,32.288978576660156,12.550943374633789,7.002519607543945,13.039361000061035,6.978216171264648,12.523289680480957,2.121609687805176,12.172325134277344,1.1462277173995972,9.580789566040039,-5.824663162231445,10.325632095336914,-2.213102102279663,11.681419372558594,-1.6711159944534302,12.517522811889648,7.8893280029296875,15.364628791809082,3.6554596424102783,15.178927421569824,0.08647856841216216,0.06778328457736525,1555.5270128451605,648.2859169338487
VienneseWaltz/Media-105709,Media-105709.wav,VienneseWaltz,VienneseWaltz,31.787936507936507,-121.05985260009766,92.49171447753906,129.80499267578125,33.66775131225586,-19.478525161743164,15.171943664550781,41.78901290893555,14.187324523925781,14.064485549926758,12.802877426147461,-0.059022825211286545,11.304025650024414,3.954303741455078,10.493959426879883,4.4096784591674805,11.679149627685547,0.8884425163269043,11.242186546325684,2.178281307220459,11.033428192138672,-6.6735429763793945,10.339410781860352,2.183180332183838,9.80714225769043,-1.670468807220459,9.73948860168457,0.06914832907231556,0.03145771613116559,1443.3915229773093,452.3094142379201
VienneseWaltz/Media-105710,Media-105710.wav,VienneseWaltz,VienneseWaltz,31.787936507936507,-189.4396514892578,87.58625030517578,149.1479949951172,38.65928649902344,-18.099809646606445,18.143566131591797,29.169700622558594,15.222672462463379,14.36255931854248,13.318979263305664,10.653366088867188,8.694276809692383,0.7756072878837585,9.390130043029785,3.966618537902832,10.002318382263184,5.003381729125977,12.03463077545166,6.620100021362305,13.194026947021484,-4.807027339935303,10.95358943939209,-1.5443929433822632,11.456069946289062,-3.657968521118164,11.921595573425293,0.05859803004017531,0.06467292086646774,1109.1106731297018,547.318197629761
VienneseWaltz/Media-105809,Media-105809.wav,VienneseWaltz,VienneseWaltz,31.787936507936507,-228.2107391357422,97.24827575683594,177.67922973632812,46.59049606323242,-20.240394592285156,17.295364379882812,25.77399444580078,12.515417098999023,10.366215705871582,12.04808235168457,1.3048005104064941,7.612460613250732,5.757099151611328,8.731136322021484,-2.1567704677581787,8.703587532043457,-5.00593376159668,9.244653701782227,-0.02208295650780201,9.036690711975098,-4.125590801239014,9.04052734375,-8.027523040771484,10.516519546508789,-7.614861965179443,8.372815132141113,0.046720918553688824,0.02361096387346721,818.2171640277458,317.8831740485526
VienneseWaltz/Media-105810,Media-105810.wav,VienneseWaltz,VienneseWaltz,31.787936507936507,-183.01632690429688,102.82585144042969,111.22608947753906,40.51795959472656,14.620967864990234,27.605960845947266,40.48917007446289,19.478506088256836,8.267877578735352,13.581256866455078,1.0685454607009888,13.27168083190918,6.239696502685547,14.778301239013672,-0.6399264931678772,11.18713665008545,-8.487754821777344,12.067073822021484,8.02065372467041,12.884355545043945,-11.939963340759277,10.262225151062012,-0.12304473668336868,9.690464973449707,-6.187758445739746,10.468287467956543,0.06732182192750183,0.06506616200893783,1546.999018630999,869.1308383502704
VienneseWaltz/Media-105811,Media-105811.wav,VienneseWaltz,VienneseWaltz,31.787936507936507,-135.01864624023438,113.1452865600586,135.56396484375,42.41209030151367,-24.991737365722656,16.586956024169922,28.26814079284668,13.450345993041992,5.199375629425049,9.707048416137695,6.5854902267456055,8.95048999786377,1.0823838710784912,8.862801551818848,5.955341339111328,10.849435806274414,-1.3588899374008179,11.944683074951172,1.810065507888794,11.543764114379883,-9.18850040435791,10.659709930419922,-5.873066425323486,10.07769775390625,-3.383615016937256,8.518393516540527,0.06552420505387144,0.03737811415121588,1291.644017075461,480.1775899295224
VienneseWaltz/Media-105812,Media-105812.wav,VienneseWaltz,VienneseWaltz,31.787936507936507,-228.99453735351562,102.34026336669922,113.81240844726562,37.39173126220703,-11.22107219696045,21.716163635253906,23.80238151550293,19.545475006103516,-11.082172393798828,15.032733917236328,-13.472671508789062,13.680398941040039,-5.412012577056885,14.765793800354004,-14.58722972869873,11.485834121704102,-13.257651329040527,10.294610977172852,4.029617786407471,14.980772972106934,-20.355688095092773,11.66309928894043,-7.842421054840088,10.373531341552734,-10.642046928405762,10.256742477416992,0.06399337735116874,0.04307695900290165,1460.2856920160484,681.9108691806554
VienneseWaltz/Media-105907,Media-105907.wav,VienneseWaltz,VienneseWaltz,31.787936507936507,-180.51564025878906,121.13847351074219,98.34002685546875,30.5165958404541,-27.842988967895508,27.5428524017334,21.178939819335938,12.374869346618652,-6.078774929046631,16.44792366027832,-7.004086494445801,12.135865211486816,-19.074968338012695,12.547243118286133,-6.163284778594971,13.202167510986328,-11.287442207336426,13.708327293395996,-5.4784088134765625,13.582001686096191,-13.718369483947754,11.099882125854492,-1.5446083545684814,12.150063514709473,-7.941931247711182,11.83271312713623,0.10237285427319211,0.05535434555388893,1828.9184495897623,609.531429141657
Waltz/Albums-Ballroom_Classics4-01,Albums-Ballroom_Classics4-01.wav,Waltz,Waltz,31.787936507936507,-198.63784790039062,94.57908630371094,145.5421600341797,41.36078643798828,-29.75165557861328,13.056686401367188,47.65054702758789,15.339898109436035,-5.208095550537109,9.11915111541748,6.665555000305176,7.183011531829834,-5.112152576446533,7.383703231811523,-15.573784828186035,8.961429595947266,-1.2583237886428833,7.465888977050781,-4.471275806427002,7.906153202056885,-11.387699127197266,7.949057102203369,-6.873110294342041,8.015771865844727,-8.861265182495117,7.790646553039551,0.05381437180423667,0.023019517619586365,1132.4643507907879,361.3840087943078
Waltz/Albums-Ballroom_Classics4-02,Albums-Ballroom_Classics4-02.wav,Waltz,Waltz,31.787936507936507,-196.0151824951172,100.35113525390625,121.45476531982422,35.4927864074707,8.61905574798584,15.1784086227417,35.706607818603516,16.040298461914062,6.194080352783203,10.766477584838867,16.55974578857422,11.484420776367188,-8.159280776977539,9.286991119384766,-1.1219459772109985,8.713044166564941,-8.332338333129883,11.151006698608398,-6.573153495788574,10.05666732788086,-12.700919151306152,9.353559494018555,-1.5118745565414429,9.127724647521973,-1.77961003780365,8.34070873260498,0.040067239431154124,0.020760436743422452,1190.5953704512274,438.0793685181576
Waltz/Albums-Ballroom_Classics4-03,Albums-Ballroom_Classics4-03.wav,Waltz,Waltz,31.787936507936507,-243.08486938476562,88.28106689453125,146.22386169433594,44.25599670410156,27.027074813842773,31.37998390197754,16.682315826416016,14.08537483215332,5.383789539337158,16.960725784301758,0.16174200177192688,8.891597747802734,-1.6863987445831299,12.046220779418945,-6.168238162994385,10.319306373596191,-12.260584831237793,13.59478759765625,-7.9322428703308105,11.929235458374023,-14.71338176727295,12.009498596191406,-6.450371742248535,12.133407592773438,0.8137089610099792,9.623400688171387,0.04068320854638422,0.020836146351563743,917.4787051796541,412.0128647857093
Waltz/Albums-Ballroom_Classics4-04,Albums-Ballroom_Classics4-04.wav,Waltz,Waltz,31.787936507936507,-211.57705688476562,103.10282135009766,144.07546997070312,44.59606170654297,0.5164159536361694,17.97511863708496,25.60346221923828,13.780416488647461,8.420173645019531,10.317564010620117,10.720087051391602,8.368075370788574,0.5891741514205933,7.498558521270752,4.065829277038574,9.121835708618164,3.078756332397461,11.559187889099121,5.050572395324707,8.325017929077148,-4.086353302001953,8.250693321228027,-5.545632839202881,8.179428100585938,-8.313477516174316,9.339079856872559,0.038590268900657414,0.02629815255052915,1021.9738879596863,499.2803074984153
Waltz/Albums-Ballroom_Classics4-05,Albums-Ballroom_Classics4-05.wav,Waltz,Waltz,31.787936507936507,-208.10943603515625,94.5331039428711,132.00050354003906,40.167686462402344,15.929356575012207,11.921963691711426,35.21369934082031,14.104470252990723,-3.256108283996582,11.384523391723633,14.92965316772461,9.364662170410156,-0.47958630323410034,8.47747802734375,-7.7514753341674805,8.771224975585938,-7.573068618774414,9.353960990905762,-6.1438822746276855,9.23723316192627,-13.38746166229248,8.922164916992188,-4.908379077911377,9.409404754638672,-4.698441028594971,9.296857833862305,0.04091647073593864,0.03226025438483769,1020.5343255168242,432.7771668734021
Waltz/Albums-Ballroom_Magic-01,Albums-Ballroom_Magic-01.wav,Waltz,Waltz,30.143537414965987,-169.4459686279297,67.86982727050781,103.6152572631836,20.597427368164062,-12.24863052368164,11.024645805358887,17.40505599975586,12.030219078063965,10.800736427307129,10.524588584899902,-1.576267123222351,8.277512550354004,-0.9753385782241821,8.496381759643555,-5.267582416534424,9.259224891662598,-4.546185493469238,8.687642097473145,-5.079835891723633,8.222952842712402,-8.661229133605957,7.209888458251953,-8.580562591552734,9.876752853393555,-4.444463729858398,13.061881065368652,0.08100657356620478,0.029973762424123588,1803.7108989091528,331.165514741954
Waltz/Albums-Ballroom_Magic-02,Albums-Ballroom_Magic-02.wav,Waltz,Waltz,30.047528344671203,-140.94773864746094,64.05280303955078,116.15716552734375,18.215953826904297,-6.65907096862793,14.279857635498047,8.497735023498535,11.584236145019531,0.4193124771118164,11.016414642333984,0.22970691323280334,10.604344367980957,5.5257391929626465,7.524392127990723,-1.7069709300994873,7.543863773345947,-9.578859329223633,7.833780765533447,-4.312398910522461,8.547789573669434,-8.087130546569824,10.31283187866211,-11.703497886657715,12.23105239868164,-12.332165718078613,8.571730613708496,0.0796550736003861,0.027521042011589805,1735.9207846015254,379.19227304129384
Waltz/Albums-Ballroom_Magic-03,Albums-Ballroom_Magic-03.wav,Waltz,Waltz,30.047528344671203,-304.263427734375,105.10128784179688,83.22787475585938,32.581626892089844,6.281161785125732,21.2882022857666,4.6537699699401855,26.873489379882812,-7.6570329666137695,17.489055633544922,-3.314659833908081,15.532090187072754,-5.801693439483643,12.035526275634766,4.440029621124268,16.901756286621094,4.01795768737793,15.642549514770508,-2.443385124206543,14.66834831237793,-0.3626140058040619,13.271653175354004,-0.5693066716194153,12.57798957824707,-2.089242458343506,11.655550003051758,0.08462460786679536,0.05692326333728233,1991.8115778895203,794.5391779864742
Waltz/Albums-Ballroom_Magic-04,Albums-Ballroom_Magic-04.wav,Waltz,Waltz,30.047528344671203,-204.07345581054688,58.5385856628418,109.7166519165039,20.527137756347656,4.914414882659912,10.99895191192627,28.440473556518555,8.354194641113281,11.324177742004395,8.20072078704834,-5.064546585083008,6.918205261230469,-2.5199079513549805,6.665153980255127,-8.889389991760254,5.5586419105529785,-5.9824113845825195,7.318571090698242,-8.72592830657959,6.578454494476318,-16.123655319213867,7.137734413146973,-8.650237083435059,7.337835788726807,-8.079855918884277,8.723715782165527,0.05942213139478764,0.01953445342015636,1551.1180458735832,291.4415031186018
Waltz/Albums-Ballroom_Magic-05,Albums-Ballroom_Magic-05.wav,Waltz,Waltz,29.951519274376416,-220.66693115234375,80.96441650390625,120.67894744873047,27.26004409790039,16.677919387817383,17.483983993530273,33.49002456665039,13.385942459106445,21.68112564086914,10.288373947143555,15.371447563171387,14.1100435256958,14.37528133392334,9.715163230895996,11.63266372680664,8.091175079345703,7.4896674156188965,10.200901985168457,2.0047712326049805,10.771295547485352,-13.097518920898438,10.271913528442383,-4.822448253631592,8.260594367980957,-7.317556858062744,9.523818016052246,0.03352183260658915,0.01972012493423934,1201.3431005889618,459.10990956005384
Waltz/Albums-Ballroom_Magic-18,Albums-Ballroom_Magic-18.wav,Waltz,Waltz,30.047528344671203,-179.2575225830078,123.04802703857422,102.72016143798828,33.020912170410156,-2.532353162765503,15.293919563293457,10.289629936218262,22.007434844970703,-0.9286799430847168,13.878984451293945,2.086137533187866,11.738697052001953,-0.7332264184951782,9.873440742492676,3.163313388824463,14.54160213470459,2.411381959915161,13.537529945373535,-6.971399307250977,11.80676555633545,-5.39853572845459,11.153759956359863,-4.18568754196167,10.432787895202637,-3.361342430114746,8.760272979736328,0.07087015866312742,0.03340484966574725,1796.0508388328865,506.6937229359461
Waltz/Albums-Chrisanne1-01,Albums-Chrisanne1-01.wav,Waltz,Waltz,30.143537414965987,-222.7854766845703,80.97837829589844,99.9417724609375,26.619525909423828,-10.797492027282715,18.446176528930664,28.75043296813965,16.792388916015625,17.27454948425293,16.412979125976562,2.121129035949707,15.201543807983398,-2.9736461639404297,10.36894416809082,0.5701230764389038,10.66872501373291,-2.6454155445098877,10.4305419921875,-9.095022201538086,12.702217102050781,-4.116126537322998,10.474455833435059,-7.515466213226318,10.299165725708008,-3.059699296951294,8.06079387664795,0.06654908824095458,0.042944162395305505,1851.649484593954,562.6049807791087
Waltz/Albums-Chrisanne1-02,Albums-Chrisanne1-02.wav,Waltz,Waltz,30.143537414965987,-212.48941040039062,102.42652893066406,119.13420104980469,29.073869705200195,11.9970121383667,20.73270034790039,5.275944709777832,16.50954818725586,-8.329237937927246,17.6390438079834,-7.130894660949707,10.509346961975098,-10.679093360900879,9.992475509643555,-12.485989570617676,11.65080738067627,-5.771751880645752,11.132095336914062,-6.327609062194824,9.498617172241211,-7.42064905166626,11.465473175048828,-2.892191171646118,7.45515775680542,-11.889715194702148,10.176688194274902,0.07157924966320246,0.03451113305273215,1535.704527813879,539.1119920734611
Waltz/Albums-Chrisanne1-03,Albums-Chrisanne1-03.wav,Waltz,Waltz,30.143537414965987,-241.7102813720703,87.65118408203125,140.7044219970703,26.70276641845703,7.453822612762451,12.939312934875488,5.639527320861816,9.979239463806152,0.2566397190093994,8.047367095947266,-7.248703956604004,7.279066562652588,-7.8491129875183105,6.861121654510498,-9.360899925231934,7.63960075378418,-6.382752418518066,6.107358932495117,-4.220534801483154,8.077495574951172,-12.752020835876465,8.563996315002441,-1.3877102136611938,8.98141098022461,-5.540679931640625,11.334092140197754,0.05035649417821401,0.01220364786853524,1213.0718969780621,229.59917031442262
Waltz/Albums-Chrisanne2-01,Albums-Chrisanne2-01.wav,Waltz,Waltz,30.143537414965987,-279.5968322753906,63.523799896240234,146.18150329589844,20.729312896728516,7.849773406982422,15.834168434143066,13.483274459838867,20.708419799804688,9.120365142822266,12.103471755981445,0.29534173011779785,8.940342903137207,2.345501661300659,11.795149803161621,-1.1699482202529907,9.50339126586914,-4.137946605682373,7.346656322479248,-2.1513960361480713,9.276162147521973,-6.630482196807861,7.694032192230225,-3.3691391944885254,7.745716094970703,-6.46934700012207,7.442688941955566,0.04856312247401848,0.021693667707680768,1174.806772867092,284.0518329275421
Waltz/Albums-Chrisanne2-02,Albums-Chrisanne2-02.wav,Waltz,Waltz,30.143537414965987,-277.5157470703125,50.781211853027344,144.6543426513672,12.98854923248291,-5.863988876342773,11.820320129394531,12.38849925994873,6.353504657745361,5.748610496520996,5.338810443878174,-7.736691951751709,6.157257556915283,-1.733101487159729,4.9566216468811035,-9.842548370361328,4.889424800872803,-13.644302368164062,4.958662986755371,-10.714977264404297,4.302269458770752,-18.64789581298828,6.861232280731201,-7.134209156036377,5.722180366516113,-13.271040916442871,5.228819847106934,0.04122612346035412,0.0108062785007322,1187.9978035989805,147.42404825796095
Waltz/Albums-Chrisanne2-03,Albums-Chrisanne2-03.wav,Waltz,Waltz,30.143537414965987,-205.15150451660156,80.30604553222656,108.40731048583984,28.351032257080078,-12.980530738830566,19.858469009399414,4.791984558105469,12.16749382019043,-7.894708633422852,8.485185623168945,-18.32780647277832,8.647086143493652,-13.441800117492676,8.807196617126465,-16.970966339111328,7.835516452789307,-15.50661849975586,7.975281715393066,-6.994369029998779,7.692906856536865,-12.955840110778809,8.483026504516602,-4.959473609924316,9.391253471374512,-5.627894878387451,10.197741508483887,0.07243740677925327,0.027014298643708724,1736.388370620874,474.81003601171966
Waltz/Albums-Chrisanne3-01,Albums-Chrisanne3-01.wav,Waltz,Waltz,30.143537414965987,-223.02423095703125,97.36505889892578,98.29409790039062,22.598880767822266,16.64410972595215,19.12088394165039,38.5218391418457,15.250188827514648,12.342036247253418,11.401623725891113,4.5507707595825195,9.76539134979248,3.8668477535247803,8.435659408569336,-0.7931711673736572,7.021165370941162,-1.7712790966033936,7.802757263183594,0.6162166595458984,7.818546772003174,-7.26479434967041,7.651533126831055,-8.01987075805664,7.938627243041992,-10.45075511932373,7.883726119995117,0.07312490978637413,0.051252993109402734,1816.9306805599183,673.3013377474925
Waltz/Albums-Chrisanne3-02,Albums-Chrisanne3-02.wav,Waltz,Waltz,30.047528344671203,-250.03610229492188,66.49053192138672,151.54881286621094,17.694185256958008,27.773780822753906,14.309123992919922,6.545730113983154,9.210474967956543,3.3949742317199707,7.988925933837891,-0.32490965723991394,9.623266220092773,-6.034666061401367,9.657702445983887,-14.916078567504883,12.536641120910645,-13.558080673217773,10.864594459533691,-5.844398498535156,8.23348331451416,-9.480978965759277,9.60200309753418,4.448144435882568,8.081506729125977,-6.475869655609131,6.932892799377441,0.041583464044401545,0.01154209458383457,960.3499724871497,166.2032940499627
Waltz/Albums-Chrisanne3-03,Albums-Chrisanne3-03.wav,Waltz,Waltz,30.143537414965987,-248.50375366210938,87.3438949584961,119.38207244873047,25.790470123291016,4.295414447784424,13.061721801757812,4.460726737976074,12.149587631225586,-9.906771659851074,10.978951454162598,-8.190793991088867,10.278255462646484,2.9782841205596924,8.863117218017578,-4.429391860961914,10.765018463134766,-7.716169834136963,8.690872192382812,-3.492733955383301,10.468816757202148,-20.472408294677734,9.237800598144531,-15.633013725280762,9.364206314086914,-13.808372497558594,8.378413200378418,0.06148359314857583,0.02619748159408404,1430.1637402719218,477.0278034101736
Waltz/Albums-Commitments-11,Albums-Commitments-11.wav,Waltz,Waltz,30.71950113378685,-277.3310241699219,106.1554946899414,100.47956848144531,35.14962387084961,7.7254486083984375,17.186153411865234,41.62263870239258,17.947307586669922,23.45602035522461,15.735391616821289,19.214256286621094,15.936944007873535,17.758010864257812,9.658019065856934,7.2288689613342285,7.493664741516113,9.6803617477417,8.241294860839844,11.348033905029297,10.048163414001465,3.3666458129882812,8.89830207824707,3.039656639099121,9.385562896728516,0.5246152281761169,7.637298107147217,0.03704072774943311,0.039365714341255825,1465.836577352298,810.0776496019064
Waltz/Albums-Fire-13,Albums-Fire-13.wav,Waltz,Waltz,30.71950113378685,-197.18524169921875,79.36367797851562,139.0618896484375,29.293521881103516,20.46013641357422,20.889965057373047,15.985029220581055,20.064130783081055,2.7537057399749756,12.038728713989258,4.369261264801025,11.067950248718262,1.5926132202148438,11.559135437011719,0.4553709924221039,11.27987289428711,-1.3824812173843384,8.863950729370117,3.4170515537261963,9.323168754577637,-3.455326795578003,9.606969833374023,-2.0358495712280273,9.533005714416504,-1.651120662689209,8.782685279846191,0.04371353576152683,0.023937629652222518,1175.2405898886905,437.0511769407636
Waltz/Albums-Secret_Garden-01,Albums-Secret_Garden-01.wav,Waltz,Waltz,30.71950113378685,-233.25692749023438,89.73334503173828,146.02590942382812,36.68826675415039,21.56629753112793,27.5645809173584,11.113916397094727,14.317277908325195,-2.6797728538513184,14.37338924407959,0.5629146695137024,9.678531646728516,4.061572551727295,12.311055183410645,-14.565939903259277,8.789793014526367,-14.659716606140137,8.680916786193848,-4.818399429321289,7.585073947906494,-18.145322799682617,12.021748542785645,1.8345730304718018,7.940802574157715,-6.045806407928467,9.721435546875,0.04668603552532124,0.02622824149458847,1079.7608600024123,478.6173118407519
Waltz/Albums-Secret_Garden-02,Albums-Secret_Garden-02.wav,Waltz,Waltz,30.71950113378685,-196.16612243652344,78.01398468017578,145.98550415039062,29.48229217529297,9.162867546081543,18.59870147705078,22.07168197631836,10.309069633483887,11.05880069732666,9.552550315856934,-5.978419780731201,12.406601905822754,-0.3339400887489319,8.342570304870605,-6.131649971008301,8.211492538452148,-8.695621490478516,7.6248674392700195,-3.7775156497955322,8.056591033935547,-15.966180801391602,9.374106407165527,-2.4074113368988037,7.7987260818481445,-10.568707466125488,8.444692611694336,0.0439397764314059,0.017886500118788437,1106.967266820545,352.7190154352684
Waltz/Albums-Secret_Garden-05,Albums-Secret_Garden-05.wav,Waltz,Waltz,30.71950113378685,-315.1243591308594,73.6039047241211,161.6385040283203,35.52684020996094,40.172767639160156,19.026391983032227,-0.6541872620582581,14.562231063842773,-6.026578426361084,12.587010383605957,2.2901928424835205,10.721823692321777,3.2610979080200195,8.83750057220459,-6.790276050567627,9.078987121582031,-5.035501956939697,7.442177772521973,3.432692050933838,7.892552852630615,-9.909828186035156,8.443408012390137,0.7910342812538147,8.667634963989258,-10.551767349243164,7.405622482299805,0.0398903267904384,0.03496684255833971,827.7243715441837,310.1100610508781
Waltz/Albums-Secret_Garden-06,Albums-Secret_Garden-06.wav,Waltz,Waltz,30.71950113378685,-220.30621337890625,83.37814331054688,153.4677276611328,32.11429977416992,-0.3206949532032013,12.127996444702148,7.920325756072998,7.305288791656494,7.171820163726807,8.57102108001709,-3.3140523433685303,10.357440948486328,1.2469714879989624,7.501443386077881,-1.34749436378479,6.183034420013428,-0.9554483294487,7.211516857147217,-0.7255094647407532,5.436805725097656,-11.802877426147461,7.131504535675049,-2.521787166595459,6.865463733673096,-6.948639869689941,7.078282356262207,0.04759505798847317,0.03410246939949645,1116.6898163876735,355.9701310948854
Waltz/Albums-Step_By_Step-01,Albums-Step_By_Step-01.wav,Waltz,Waltz,31.787936507936507,-294.3320617675781,106.29072570800781,168.68467712402344,50.91460037231445,-13.200846672058105,32.264163970947266,19.238332748413086,16.915878295898438,15.1219482421875,12.331006050109863,-1.9590950012207031,9.700089454650879,-0.9802659749984741,10.078109741210938,-5.823162078857422,10.023956298828125,-6.052501678466797,9.84552001953125,-5.562569618225098,9.737361907958984,-3.4579200744628906,9.27602481842041,-3.823906660079956,11.357502937316895,-3.368654489517212,10.086566925048828,0.05177635934075968,0.022504153890443766,799.9956690353471,313.05895631092125
Waltz/Albums-Step_By_Step-02,Albums-Step_By_Step-02.wav,Waltz,Waltz,31.787936507936507,-255.32852172851562,91.7065658569336,95.96176147460938,42.46933364868164,-30.344087600708008,22.863025665283203,16.009279251098633,20.973081588745117,-17.226287841796875,16.100265502929688,-2.224348783493042,11.640650749206543,0.8957458138465881,11.093034744262695,-4.037505149841309,13.734081268310547,-11.553133964538574,15.53907299041748,-7.580749988555908,15.375535011291504,-9.534381866455078,16.224407196044922,7.511940002441406,16.988927841186523,14.902032852172852,17.741044998168945,0.11494582895818116,0.060028649096911836,1692.2713603053298,645.2478158464385
Waltz/Albums-Step_By_Step-03,Albums-Step_By_Step-03.wav,Waltz,Waltz,31.787936507936507,-245.46929931640625,87.67709350585938,159.95498657226562,43.680084228515625,1.7451456785202026,15.976014137268066,30.014625549316406,13.59062671661377,4.369690418243408,11.205934524536133,2.1698379516601562,10.80048942565918,-10.402826309204102,9.194107055664062,-1.8242884874343872,10.188409805297852,-2.818106174468994,10.438881874084473,0.057748619467020035,12.861418724060059,-9.84458065032959,11.783143043518066,-10.178326606750488,13.335487365722656,-0.667612612247467,13.787452697753906,0.04965809612399562,0.016124467132145954,856.4848591561946,275.9073378431041
Waltz/Albums-Step_By_Step-04,Albums-Step_By_Step-04.wav,Waltz,Waltz,31.787936507936507,-254.97119140625,90.72262573242188,97.00757598876953,40.13344192504883,19.53862953186035,37.8376350402832,31.32904624938965,19.24043083190918,20.270402908325195,20.951181411743164,-0.48049914836883545,15.871824264526367,-0.8147611021995544,11.364892959594727,0.9367354512214661,13.464727401733398,-17.15199851989746,11.812828063964844,6.826071262359619,12.003917694091797,-17.53891372680664,16.121437072753906,-5.788891792297363,11.101219177246094,-2.3390231132507324,13.214228630065918,0.06454371918371074,0.06670180525412435,1673.798477424116,967.1171669704383
Waltz/Media-100601,Media-100601.wav,Waltz,Waltz,30.09233560090703,-222.818359375,51.90859603881836,163.33758544921875,16.441768646240234,9.343788146972656,7.659677982330322,-35.12311935424805,8.68822956085205,29.059057235717773,10.417154312133789,-47.80570602416992,11.128192901611328,11.324734687805176,7.4442243576049805,-19.309799194335938,5.975726127624512,-14.875916481018066,6.105391979217529,-10.900117874145508,7.288016319274902,-18.525501251220703,7.882330417633057,-6.4083733558654785,6.999722003936768,-14.714670181274414,6.88632869720459,0.05143907335069445,0.011397618250642696,1348.9304866487682,138.77010715841456
Waltz/Media-100602,Media-100602.wav,Waltz,Waltz,30.09233560090703,-234.2639617919922,51.30370330810547,136.7515106201172,19.045434951782227,32.23511505126953,8.80591869354248,-0.6465046405792236,11.466886520385742,51.290828704833984,12.104217529296875,-33.424835205078125,13.430026054382324,15.506204605102539,7.955273151397705,-8.753243446350098,8.49754524230957,-7.0807108879089355,8.464104652404785,3.101785898208618,11.757439613342285,-16.296899795532227,10.968706130981445,5.406590461730957,12.244568824768066,-3.8947994709014893,9.1709623336792,0.07027670777874229,0.03520868009314948,1499.9146082194763,399.2716552726432
Waltz/Media-100603,Media-100603.wav,Waltz,Waltz,29.95301587301587,-222.45338439941406,79.74055480957031,139.44058227539062,21.36212158203125,21.83013916015625,13.918843269348145,11.901163101196289,17.875019073486328,46.55470657348633,12.413002014160156,-29.122066497802734,15.593921661376953,34.675846099853516,11.164970397949219,1.0110605955123901,11.565164566040039,-14.241711616516113,11.014219284057617,22.036672592163086,12.448559761047363,-20.536121368408203,14.100078582763672,21.502992630004883,9.88715648651123,-4.663387775421143,9.555819511413574,0.04021052870639535,0.02426429475641941,1381.2950570645505,439.10613565761935
Waltz/Media-100604,Media-100604.wav,Waltz,Waltz,30.09233560090703,-271.1177673339844,67.75849151611328,156.31288146972656,22.391956329345703,35.252262115478516,25.66189956665039,-24.212194442749023,23.170528411865234,17.458866119384766,21.837989807128906,-34.517784118652344,15.03299617767334,13.895780563354492,17.279932022094727,-15.251145362854004,13.604022026062012,-11.314582824707031,14.458395004272461,-16.090551376342773,16.49271011352539,-16.905412673950195,15.406394004821777,-10.700035095214844,19.333072662353516,-7.623709201812744,14.359267234802246,0.06877042040412809,0.02949890857725201,1285.0309703067892,411.62743081052594
Waltz/Media-103301,Media-103301.wav,Waltz,Waltz,31.787936507936507,-217.7436981201172,88.29979705810547,118.53752899169922,35.76517105102539,15.542519569396973,23.53207015991211,12.404475212097168,11.19027042388916,5.47570276260376,10.453531265258789,9.970572471618652,13.309124946594238,21.666805267333984,15.975603103637695,16.168991088867188,16.751510620117188,2.3878839015960693,16.27170181274414,-3.4184863567352295,14.178369522094727,-13.531542778015137,13.152252197265625,-10.19642448425293,16.144744873046875,-10.277019500732422,16.768573760986328,0.08245889734751644,0.030598747115437294,1314.9458985008002,478.74984877296123
Waltz/Media-103302,Media-103302.wav,Waltz,Waltz,31.787936507936507,-256.5726318359375,106.05111694335938,151.8455810546875,45.703983306884766,-33.345542907714844,22.61945915222168,18.406658172607422,20.25847816467285,10.662199020385742,15.208539009094238,3.0114474296569824,11.396021842956543,-6.233135223388672,9.489632606506348,-9.629088401794434,8.823100090026855,-7.400942802429199,9.652390480041504,-7.7894792556762695,10.05534839630127,-2.797950029373169,10.90524959564209,-3.876781940460205,10.479827880859375,-2.8703482151031494,10.908265113830566,0.06563370274835646,0.027835353730452886,1031.2295852172447,376.45688392792556
Waltz/Media-103303,Media-103303.wav,Waltz,Waltz,31.787936507936507,-182.58633422851562,125.34056854248047,135.86387634277344,40.94447326660156,-11.24114990234375,16.633953094482422,31.110998153686523,13.29965591430664,2.5418050289154053,11.540945053100586,0.10269875824451447,11.343799591064453,-7.798606872558594,8.84337329864502,-1.2931536436080933,9.175941467285156,-9.543288230895996,8.143949508666992,-4.197126865386963,7.913875102996826,-8.286261558532715,10.0368070602417,-0.9121570587158203,8.711587905883789,1.0713616609573364,7.077215671539307,0.06218969708728999,0.02335806245729156,1254.180644968491,384.31264529314177
Waltz/Media-104201,Media-104201.wav,Waltz,Waltz,31.787936507936507,-245.7803192138672,100.27299499511719,137.45352172851562,39.84281539916992,-20.518993377685547,14.046451568603516,36.82843780517578,18.051992416381836,5.514452934265137,8.157230377197266,0.06999024748802185,10.86325740814209,-0.27693188190460205,7.790156841278076,-0.5752917528152466,8.240727424621582,-3.432447671890259,8.598272323608398,0.018568063154816628,9.769021034240723,-1.0648317337036133,9.488486289978027,2.071058750152588,7.014214515686035,-1.239795446395874,7.232517719268799,0.05269478462837838,0.022537197452817317,1156.5569981663587,362.49786223632816
Waltz/Media-104202,Media-104202.wav,Waltz,Waltz,31.787936507936507,-170.805419921875,95.43667602539062,98.9616928100586,39.59843063354492,-19.912799835205078,25.00517463684082,18.194660186767578,25.061260223388672,-6.7707366943359375,19.181232452392578,-24.816831588745117,16.894424438476562,-0.8669631481170654,17.09678077697754,-23.355104446411133,17.64182472229004,-5.2310614585876465,12.6979398727417,-0.4201262593269348,11.482141494750977,-18.578319549560547,11.397961616516113,-7.295941352844238,13.993511199951172,-9.921307563781738,11.683930397033691,0.09149691551771366,0.05155168818377989,1905.115973675167,809.7858098584502
Waltz/Media-104203,Media-104203.wav,Waltz,Waltz,31.787936507936507,-189.38638305664062,94.15270233154297,163.8714141845703,41.42951583862305,-33.9254264831543,13.61444091796875,27.955978393554688,11.730467796325684,-3.473137378692627,8.192434310913086,-6.724084854125977,9.319278717041016,-11.121088027954102,8.191049575805664,-15.577828407287598,9.094372749328613,-10.710525512695312,9.365959167480469,-5.632892608642578,10.24199390411377,-14.156506538391113,8.45761489868164,-8.831033706665039,10.308785438537598,-7.363681316375732,9.126113891601562,0.05020594126643536,0.016070280323515027,1015.1032353473876,323.0232694249838
Waltz/Media-104204,Media-104204.wav,Waltz,Waltz,31.787936507936507,-270.4123840332031,101.30535125732422,124.59969329833984,38.53121566772461,4.573030948638916,18.234264373779297,17.599843978881836,16.413372039794922,11.786397933959961,12.63074779510498,0.31920522451400757,12.505428314208984,2.468111276626587,11.000892639160156,-9.020181655883789,11.533350944519043,-5.739561557769775,12.157445907592773,0.36167988181114197,11.543204307556152,-4.2926716804504395,15.539743423461914,-2.0019705295562744,11.39427661895752,-6.957437992095947,12.892706871032715,0.06177952657048941,0.04590122519037282,1279.9086243100185,743.680204534987
Waltz/Media-104205,Media-104205.wav,Waltz,Waltz,31.787936507936507,-262.5755920410156,94.22341918945312,176.6791229248047,49.297943115234375,-15.564274787902832,17.2116641998291,29.35015869140625,11.652600288391113,10.783047676086426,9.177081108093262,-1.0484455823898315,9.392814636230469,1.2872273921966553,10.405710220336914,-2.3603055477142334,8.761846542358398,1.8396661281585693,11.966108322143555,-2.382009744644165,10.747528076171875,-1.8370888233184814,8.420077323913574,0.18854735791683197,10.358933448791504,-3.046808958053589,10.282946586608887,0.04843364796384222,0.014987409008033092,820.2986112699991,234.01882589892153
Waltz/Media-104301,Media-104301.wav,Waltz,Waltz,31.787936507936507,-173.2163543701172,92.65605163574219,114.03311157226562,44.3097038269043,-10.814446449279785,28.168851852416992,27.357275009155273,17.31709861755371,-10.350035667419434,16.516111373901367,3.040907859802246,12.593806266784668,-10.673144340515137,13.234895706176758,2.1102912425994873,11.840895652770996,-6.054055690765381,13.517128944396973,-7.888303279876709,13.681504249572754,-13.247343063354492,12.074149131774902,-4.520585536956787,11.801749229431152,-8.002237319946289,9.951190948486328,0.0889060645315924,0.07948470251213856,1687.221222719595,908.6057690001228
Waltz/Media-104302,Media-104302.wav,Waltz,Waltz,31.787936507936507,-228.4303741455078,94.7077407836914,128.55604553222656,40.60398483276367,2.924285411834717,20.228923797607422,25.28151512145996,18.671754837036133,2.9465410709381104,18.557188034057617,-2.522130012512207,13.226974487304688,-12.828142166137695,13.490911483764648,-4.752028942108154,12.452108383178711,-8.98222541809082,12.218423843383789,-8.615584373474121,12.300553321838379,-17.540050506591797,10.60625171661377,-5.468778133392334,9.555347442626953,-10.851176261901855,9.928796768188477,0.057234837244338935,0.039301000662291315,1322.2870891334087,628.0246749292294
Waltz/Media-104303,Media-104303.wav,Waltz,Waltz,31.787936507936507,-245.8109893798828,97.98214721679688,150.74752807617188,43.136409759521484,2.076718807220459,18.322696685791016,22.731151580810547,16.320114135742188,10.670440673828125,16.174558639526367,0.714239239692688,9.635641098022461,-9.815122604370117,11.029801368713379,-1.2485275268554688,10.287409782409668,-11.275293350219727,12.412857055664062,-5.083654880523682,10.639309883117676,-5.292730331420898,10.54261589050293,-8.64427375793457,10.219164848327637,-6.248807430267334,11.654990196228027,0.0430190404720599,0.025368112151619545,989.758094633959,485.2327734483187
Waltz/Media-104401,Media-104401.wav,Waltz,Waltz,31.787936507936507,-268.60430908203125,105.66741180419922,133.73532104492188,46.51555252075195,4.126880168914795,23.645681381225586,27.165735244750977,17.945777893066406,4.899500370025635,18.66466522216797,14.805889129638672,14.189186096191406,-1.7669123411178589,15.583407402038574,-0.5783278346061707,10.239480018615723,-12.844645500183105,13.103595733642578,-7.8132805824279785,10.46349811553955,-7.828126430511475,12.47952651977539,-4.004427909851074,12.710003852844238,-9.318371772766113,10.886446952819824,0.05464683961833455,0.032633057448967946,1199.8687443829401,586.2805100374657
Waltz/Media-104402,Media-104402.wav,Waltz,Waltz,31.787936507936507,-188.87918090820312,99.9963150024414,114.3623046875,38.306854248046875,-19.757843017578125,31.65614128112793,44.82123565673828,23.850866317749023,-1.6488797664642334,18.086557388305664,-6.203033924102783,13.441140174865723,-7.140183925628662,14.933384895324707,8.372760772705078,12.634920120239258,-9.13242244720459,14.428600311279297,4.2177534103393555,11.723079681396484,-11.481010437011719,12.34531021118164,-10.65062141418457,11.140071868896484,-6.994359016418457,13.595976829528809,0.08970643204437545,0.04907723475830703,1646.6680008336784,670.3039214469021
Waltz/Media-104403,Media-104403.wav,Waltz,Waltz,31.787936507936507,-211.25570678710938,102.4833755493164,97.22036743164062,38.13442611694336,19.634864807128906,20.753244400024414,36.76570510864258,22.668664932250977,-0.2056509405374527,17.81714630126953,5.509252548217773,15.54650592803955,-11.143548011779785,13.1160306930542,-1.4459216594696045,13.325653076171875,-5.312957286834717,17.50476837158203,-11.127589225769043,14.722743034362793,-7.57004451751709,13.36363697052002,-6.100255489349365,11.596661567687988,-8.939396858215332,14.317278861999512,0.06230026479181885,0.05055587789396577,1705.4016311013852,796.1848885340987
Waltz/Media-104501,Media-104501.wav,Waltz,Waltz,31.787936507936507,-249.18565368652344,100.11512756347656,110.86907958984375,32.3029899597168,-18.073545455932617,24.2462100982666,32.75986099243164,16.383926391601562,-0.5772973299026489,12.673162460327148,-7.93991231918335,14.259235382080078,-5.140714168548584,11.83385181427002,-2.104670524597168,10.3136568069458,-11.661755561828613,11.729531288146973,-4.0557861328125,11.81563949584961,-11.058091163635254,12.285050392150879,-0.5613976120948792,9.12010669708252,-5.512460708618164,9.19261646270752,0.07099730642804968,0.04470421557402786,1551.0617860252783,565.0852745064038
Waltz/Media-104502,Media-104502.wav,Waltz,Waltz,31.787936507936507,-156.2117462158203,109.6449203491211,105.58121490478516,42.697444915771484,-5.7530646324157715,22.712539672851562,20.252025604248047,21.21871566772461,4.243038654327393,19.237178802490234,-5.323535919189453,16.643129348754883,-11.72425651550293,14.825960159301758,6.711137294769287,12.011570930480957,-13.453838348388672,17.040542602539062,1.5442010164260864,10.702170372009277,-3.5687673091888428,12.625910758972168,-0.40815699100494385,11.336638450622559,-3.165228843688965,11.545270919799805,0.08894030485299488,0.07892126100555158,1797.782674154048,924.4186645776958
Waltz/Media-104503,Media-104503.wav,Waltz,Waltz,31.787936507936507,-177.75828552246094,108.8369140625,131.71990966796875,30.895963668823242,-20.28171157836914,13.09337329864502,41.52155303955078,16.26725196838379,-9.410619735717773,12.97506332397461,-5.056113243103027,8.452022552490234,0.5956228971481323,8.227392196655273,-2.2387702465057373,8.195719718933105,-9.901533126831055,10.498223304748535,-7.314132213592529,8.796833038330078,-13.204919815063477,9.59866714477539,0.015122897922992706,9.254708290100098,-5.053671836853027,9.997387886047363,0.07546459836102995,0.024209592705655376,1407.282855459189,341.91462642263457
Waltz/Media-104504,Media-104504.wav,Waltz,Waltz,31.787936507936507,-210.94873046875,87.67060089111328,132.33636474609375,40.15126419067383,-2.1379196643829346,22.01295280456543,26.34357261657715,16.217952728271484,-12.832448959350586,17.649608612060547,1.4961462020874023,14.6101713180542,-9.265295028686523,12.813106536865234,-0.5140729546546936,13.601265907287598,-8.391313552856445,9.697149276733398,-4.547642707824707,11.505420684814453,-3.6499109268188477,10.92531967163086,-0.7468556761741638,10.881392478942871,-5.162840366363525,8.207340240478516,0.05639987274013879,0.04395935153182521,1280.6265151976645,667.9754980960126
Waltz/Media-104601,Media-104601.wav,Waltz,Waltz,31.787936507936507,-204.7851104736328,125.09048461914062,81.47334289550781,36.48215866088867,-11.953222274780273,20.37678337097168,41.167274475097656,20.17119026184082,-14.108176231384277,16.842628479003906,12.682357788085938,13.240103721618652,-12.255379676818848,13.221697807312012,0.3745063543319702,10.615828514099121,-11.827245712280273,10.388921737670898,-15.651823997497559,17.360265731811523,-13.512897491455078,15.030801773071289,-0.1616353541612625,16.50127601623535,-4.068275451660156,15.482656478881836,0.08292328170653762,0.048167945556402254,1901.465389681851,649.8927918139642
Waltz/Media-104602,Media-104602.wav,Waltz,Waltz,31.787936507936507,-218.46890258789062,99.8436050415039,110.54013061523438,36.234188079833984,-8.216520309448242,16.313121795654297,35.25957489013672,14.670868873596191,-3.8752903938293457,13.57982063293457,8.586947441101074,14.893083572387695,-11.95850658416748,12.468306541442871,4.924436092376709,12.011940002441406,-9.542346954345703,13.114554405212402,-7.302406311035156,10.942418098449707,-13.584442138671875,10.834681510925293,-8.990144729614258,10.937533378601074,-7.276711940765381,11.538655281066895,0.0832521314600073,0.05814632644571154,1700.2787124232007,656.9346377948877
Waltz/Media-104603,Media-104603.wav,Waltz,Waltz,31.787936507936507,-155.08987426757812,103.20133209228516,121.2721176147461,29.57476234436035,-17.49814796447754,12.538797378540039,25.788999557495117,10.908336639404297,3.4418492317199707,8.481163024902344,3.9150097370147705,8.289403915405273,4.3935465812683105,8.150227546691895,3.6034295558929443,7.997735977172852,-8.53317642211914,9.35166072845459,5.323715686798096,10.783292770385742,3.124248743057251,11.544116973876953,5.889913082122803,12.996199607849121,-0.07232429832220078,14.893798828125,0.08327638502100074,0.02835534541384684,1549.2097922283024,374.83132268201865
Waltz/Media-104604,Media-104604.wav,Waltz,Waltz,31.787936507936507,-236.07870483398438,104.67229461669922,109.16809844970703,42.351051330566406,10.163164138793945,22.22385597229004,35.182491302490234,20.61509895324707,-4.592490196228027,23.963241577148438,9.071887969970703,12.892772674560547,-14.53657341003418,15.066237449645996,-1.2947684526443481,11.413082122802734,-11.526717185974121,15.370028495788574,-9.9190673828125,13.704605102539062,-10.629966735839844,10.843300819396973,-11.743722915649414,12.124615669250488,-7.360208988189697,9.446255683898926,0.05278038543188459,0.04523913855388539,1484.0391218963139,740.5222910281627
Waltz/Media-104701,Media-104701.wav,Waltz,Waltz,31.787936507936507,-269.7957763671875,78.49822235107422,154.21844482421875,39.44395065307617,16.069873809814453,17.418338775634766,23.67253303527832,14.183061599731445,2.6229236125946045,14.842425346374512,1.9783540964126587,11.02399730682373,0.7271525263786316,9.365941047668457,-1.7853007316589355,9.867414474487305,-8.319722175598145,11.939772605895996,-7.883083343505859,9.247501373291016,-4.8454461097717285,11.06910228729248,1.6925853490829468,9.433176040649414,-4.088752269744873,9.416708946228027,0.03943878686541271,0.01680656730100348,892.279348527524,374.81060868164207
Waltz/Media-104702,Media-104702.wav,Waltz,Waltz,31.787936507936507,-225.21023559570312,86.55096435546875,133.9405975341797,42.17915725708008,20.18988037109375,21.12157440185547,30.18631362915039,19.51115608215332,13.358454704284668,17.419673919677734,20.30431365966797,12.58195972442627,-1.2343889474868774,10.181246757507324,-8.023885726928711,11.12686824798584,-13.314751625061035,11.58926773071289,-5.584035873413086,11.803940773010254,-6.615736484527588,10.686014175415039,-3.525942802429199,8.740660667419434,-10.948001861572266,10.333806037902832,0.03778776136778671,0.034384519451647486,1067.722608746703,644.2395749472681
Waltz/Media-104703,Media-104703.wav,Waltz,Waltz,31.787936507936507,-187.25912475585938,91.4227066040039,106.01576232910156,33.43310546875,-26.986278533935547,26.176273345947266,34.14144515991211,16.53400230407715,1.4048653841018677,17.802505493164062,-5.451748847961426,15.323831558227539,-16.335861206054688,16.62575912475586,-0.9686132073402405,11.80097770690918,-7.188553810119629,10.945944786071777,-5.80253267288208,14.66983699798584,-13.36965560913086,14.599122047424316,-7.8281378746032715,12.447210311889648,-5.823033809661865,10.763224601745605,0.0783265185582542,0.04549198779564915,1647.2088069616934,644.6182260675097
Waltz/Media-104704,Media-104704.wav,Waltz,Waltz,31.787936507936507,-288.7314147949219,90.84898376464844,155.8763427734375,43.52354431152344,-38.91911697387695,20.26631736755371,20.107595443725586,12.188610076904297,23.488855361938477,12.711089134216309,3.131472110748291,16.637859344482422,-5.537578582763672,14.245478630065918,-6.065491676330566,14.920758247375488,-4.282031059265137,10.885466575622559,-3.738961696624756,14.784794807434082,-9.10791015625,13.294661521911621,-11.728753089904785,12.837698936462402,-14.428333282470703,9.491252899169922,0.060705949826515705,0.02427022426333722,1018.1553388767552,272.1884447853599
Waltz/Media-104705,Media-104705.wav,Waltz,Waltz,31.787936507936507,-287.7133483886719,83.95457458496094,138.25228881835938,46.11127853393555,31.710315704345703,23.31549072265625,10.414007186889648,19.219070434570312,3.5726828575134277,14.511824607849121,-8.098332405090332,12.332849502563477,2.7424447536468506,14.324987411499023,-21.81100082397461,16.30391502380371,-25.782255172729492,15.625948905944824,-10.070937156677246,11.290425300598145,-25.617958068847656,12.834436416625977,1.6190625429153442,14.419955253601074,-6.750962257385254,12.25993824005127,0.05166757498630387,0.03012409105606053,1121.492010591427,653.4271404552903
Waltz/Media-104801,Media-104801.wav,Waltz,Waltz,31.787936507936507,-196.77960205078125,90.04926300048828,120.59503936767578,31.62586212158203,1.7355979681015015,18.617948532104492,22.565073013305664,13.31042194366455,-2.784353733062744,13.268152236938477,0.8936019539833069,12.251384735107422,-4.210813522338867,10.13667106628418,-1.5466758012771606,8.830774307250977,-10.479162216186523,8.586834907531738,-5.184093475341797,8.48602294921875,-7.420157432556152,8.843001365661621,2.770503282546997,11.866943359375,-3.3785400390625,10.282760620117188,0.06013313778305333,0.030900991922683134,1414.3194781092252,514.7716639566676
Waltz/Media-104802,Media-104802.wav,Waltz,Waltz,31.787936507936507,-177.62020874023438,99.62218475341797,115.66178894042969,34.7878303527832,-22.22257423400879,23.947162628173828,37.98533248901367,15.505437850952148,3.364351272583008,12.963172912597656,-0.28922194242477417,10.400460243225098,-5.872184753417969,11.139958381652832,2.061424493789673,9.663402557373047,-9.050689697265625,10.980218887329102,-0.39323145151138306,9.087984085083008,-11.282806396484375,10.777320861816406,-3.014899492263794,9.984838485717773,-3.220060348510742,9.220561027526855,0.07896174785427319,0.042914805778950196,1598.0848307786803,654.5065391067056
Waltz/Media-104803,Media-104803.wav,Waltz,Waltz,31.787936507936507,-142.4394073486328,101.06793212890625,113.54461669921875,33.91573715209961,-29.91423988342285,20.625608444213867,28.82770347595215,15.050495147705078,-2.102207660675049,11.77598762512207,-9.023667335510254,8.707797050476074,-6.610813140869141,8.471373558044434,2.2041537761688232,9.488032341003418,-4.383181095123291,8.482799530029297,-4.44647216796875,8.318717956542969,-5.487919807434082,10.846470832824707,-1.0567795038223267,10.644556045532227,-4.796905040740967,9.425151824951172,0.08847913052410519,0.03741165438412503,1719.2250086699971,596.3591792336656
Waltz/Media-104804,Media-104804.wav,Waltz,Waltz,31.787936507936507,-168.80288696289062,103.79957580566406,120.44618225097656,30.658470153808594,-11.884905815124512,14.73730754852295,19.859928131103516,13.456563949584961,1.6689115762710571,8.76550006866455,2.0387487411499023,8.107915878295898,-11.785538673400879,9.186339378356934,3.5041794776916504,8.649742126464844,-4.355900287628174,9.94277572631836,1.0754938125610352,9.56575870513916,-12.833215713500977,13.288429260253906,-6.142977714538574,10.050348281860352,-3.850419759750366,11.441347122192383,0.10502968921201607,0.03769487619837591,1742.1197301152358,472.83539327318556
Waltz/Media-104805,Media-104805.wav,Waltz,Waltz,31.787936507936507,-124.85107421875,115.31805419921875,106.0575942993164,39.004886627197266,-32.32381820678711,21.325092315673828,27.53382110595703,14.487173080444336,-3.4367566108703613,13.108348846435547,-0.4329282343387604,9.7675199508667,-1.5184907913208008,10.664450645446777,3.0547406673431396,12.31535530090332,-9.08591079711914,13.193790435791016,-0.6291912198066711,8.10531997680664,-2.1028387546539307,13.538895606994629,-2.2247021198272705,11.06546401977539,-7.407763481140137,11.439111709594727,0.10837989065924032,0.04793639301300779,1826.849024328104,575.4150858535617
Waltz/Media-104901,Media-104901.wav,Waltz,Waltz,31.787936507936507,-224.77191162109375,88.17020416259766,135.4263458251953,44.58499526977539,4.2150983810424805,22.473491668701172,14.580451965332031,17.195817947387695,4.6403584480285645,16.283592224121094,-5.35651969909668,15.870246887207031,1.2413175106048584,12.684706687927246,4.456915855407715,13.993158340454102,-18.28070068359375,19.933639526367188,0.48101356625556946,14.042268753051758,-7.019081115722656,10.889043807983398,-5.136954307556152,11.624226570129395,-1.881242036819458,10.789849281311035,0.05417710520909423,0.02457162023107384,1185.3566318313501,563.7642375423584
Waltz/Media-104902,Media-104902.wav,Waltz,Waltz,31.787936507936507,-212.9384765625,82.38853454589844,122.4299087524414,39.56047439575195,0.5895491242408752,26.966066360473633,45.96416091918945,19.619182586669922,7.817520618438721,16.488679885864258,-0.9529067873954773,12.026351928710938,-3.6141436100006104,9.722371101379395,-0.5636140704154968,11.534540176391602,-7.4030537605285645,9.284329414367676,-5.6466755867004395,8.95199203491211,-10.39426326751709,8.550861358642578,-9.406171798706055,7.659488677978516,-5.073626518249512,9.423718452453613,0.051825579802775745,0.03891654463058225,1309.1565584358955,592.3345161763453
Waltz/Media-104903,Media-104903.wav,Waltz,Waltz,31.787936507936507,-200.39553833007812,98.6343994140625,120.09089660644531,34.11931610107422,10.392922401428223,20.842145919799805,36.94577407836914,17.84257698059082,6.670118808746338,12.202595710754395,3.417215347290039,10.253899574279785,-1.7561036348342896,11.786505699157715,3.4423000812530518,12.648158073425293,-5.959968566894531,10.222467422485352,2.5779242515563965,13.515236854553223,-6.049605846405029,12.07649040222168,-1.8534959554672241,11.404479026794434,-9.765083312988281,11.523947715759277,0.048114071630752375,0.03058683636536981,1373.6276241028775,618.3034216430841
Waltz/Media-104904,Media-104904.wav,Waltz,Waltz,31.787936507936507,-180.51119995117188,117.58098602294922,119.5407485961914,38.19060516357422,-0.805942952632904,17.724285125732422,23.395973205566406,11.81525707244873,-3.0763845443725586,10.653919219970703,0.2172798067331314,11.387918472290039,-4.684696674346924,10.859519958496094,1.3633595705032349,10.791739463806152,-5.309743881225586,11.805523872375488,-5.943881034851074,10.712272644042969,-15.530515670776367,12.317275047302246,-9.508566856384277,12.328441619873047,-6.710792064666748,11.363524436950684,0.08098014346694668,0.042557734570830015,1532.354969073862,635.9281955459794
Waltz/Media-104905,Media-104905.wav,Waltz,Waltz,31.787936507936507,-183.30422973632812,97.66841125488281,128.9185333251953,38.9351806640625,6.977808475494385,26.936477661132812,31.647546768188477,20.586200714111328,1.0267342329025269,20.948566436767578,2.8976070880889893,13.869333267211914,-6.470407009124756,13.684250831604004,3.898348093032837,14.012807846069336,-15.923030853271484,16.382349014282227,0.621734619140625,13.62863540649414,-8.959321975708008,13.706111907958984,-6.006903648376465,13.052371978759766,-2.6803691387176514,10.803889274597168,0.05008182010135135,0.0359830332288509,1193.2567482329127,615.3698224734143
Waltz/Media-105001,Media-105001.wav,Waltz,Waltz,31.787936507936507,-191.84024047851562,108.88774871826172,135.1588592529297,34.9511833190918,-41.7978401184082,18.524494171142578,25.19671630859375,13.625775337219238,-19.61115264892578,12.064332008361816,-1.2585837841033936,10.594956398010254,-6.347273349761963,9.286622047424316,-3.2819669246673584,10.954486846923828,-1.8363301753997803,9.298870086669922,-2.77447509765625,10.039802551269531,-17.17913246154785,9.819939613342285,-13.031951904296875,9.535839080810547,-6.6338605880737305,9.872803688049316,0.07405503846329438,0.02485026479586863,1368.595027540515,367.2523016899104
Waltz/Media-105002,Media-105002.wav,Waltz,Waltz,31.787936507936507,-185.14285278320312,101.0772476196289,117.4714584350586,39.95909118652344,0.8951771855354309,23.85022735595703,34.1747932434082,18.97425079345703,9.96652603149414,16.31509017944336,2.8471193313598633,13.83546257019043,-12.316251754760742,15.601130485534668,-0.5009950399398804,12.211186408996582,-10.085920333862305,11.18288803100586,-5.066108703613281,13.027016639709473,-10.329948425292969,13.365859031677246,-9.16204833984375,12.583258628845215,-11.92512321472168,11.025700569152832,0.05588662458911614,0.05668873284719238,1413.3872567144165,837.5926442631201
Waltz/Media-105003,Media-105003.wav,Waltz,Waltz,31.787936507936507,-168.11367797851562,99.38594818115234,107.41170501708984,30.97319221496582,2.4303457736968994,14.004962921142578,20.51036834716797,15.255900382995605,-2.912198781967163,16.638320922851562,2.633455991744995,11.352664947509766,-11.45555305480957,12.237582206726074,-1.7532681226730347,14.500126838684082,-8.983275413513184,14.761529922485352,-6.56815242767334,13.596195220947266,-9.741917610168457,12.223684310913086,-7.8621826171875,10.265461921691895,-10.0689115524292,9.053919792175293,0.060214815216398834,0.03431920178349753,1564.1536514056668,572.7401744457985
Waltz/Media-105004,Media-105004.wav,Waltz,Waltz,31.787936507936507,-210.37783813476562,96.22860717773438,112.74049377441406,33.8906135559082,-25.44403076171875,32.60526657104492,22.86969757080078,16.14157485961914,-4.344679355621338,14.141037940979004,-13.840338706970215,13.844169616699219,-2.871784210205078,19.25598907470703,-11.623034477233887,13.135066032409668,-12.297700881958008,11.098012924194336,-6.3671555519104,11.899052619934082,-15.32634449005127,12.985885620117188,-8.016406059265137,11.572606086730957,-13.295166015625,11.347493171691895,0.07959876050036523,0.04202856979682488,1513.501773697373,560.666803414671
Waltz/Media-105005,Media-105005.wav,Waltz,Waltz,31.787936507936507,-148.37400817871094,107.39320373535156,118.41024780273438,43.11924362182617,-28.150434494018555,22.220476150512695,40.41342544555664,15.489246368408203,-1.0383994579315186,13.544544219970703,4.306593418121338,10.629387855529785,-2.1562254428863525,10.869369506835938,7.135953903198242,10.55868911743164,-5.631120204925537,11.993828773498535,-3.594564914703369,9.31371784210205,-9.492149353027344,13.72922420501709,-3.1981265544891357,10.266260147094727,0.8863897323608398,8.025425910949707,0.08637727412801315,0.055309943049836226,1639.9288245713349,734.3000940054624
Waltz/Media-105006,Media-105006.wav,Waltz,Waltz,31.787936507936507,-214.68795776367188,104.86833953857422,113.54965209960938,52.86948013305664,-24.978755950927734,25.925317764282227,19.782339096069336,15.246546745300293,-17.06377601623535,19.709882736206055,-3.6648476123809814,13.088846206665039,-7.486887454986572,12.336575508117676,-2.417466878890991,10.33141803741455,-3.917929172515869,13.906355857849121,1.4118156433105469,17.576494216918945,-5.718325614929199,14.387709617614746,-6.884979724884033,14.461597442626953,-11.072927474975586,13.558855056762695,0.06685315752830533,0.034147271640752125,1442.2480189254486,595.7821712302526
Waltz/Media-105007,Media-105007.wav,Waltz,Waltz,31.787936507936507,-195.1165771484375,104.18855285644531,78.99551391601562,30.317472457885742,-40.56808853149414,25.7421875,37.442569732666016,20.92143440246582,-2.0741474628448486,22.937889099121094,-1.2207587957382202,19.447601318359375,-10.436165809631348,19.517797470092773,-3.783092498779297,14.424379348754883,-12.294415473937988,14.048205375671387,0.3078018128871918,11.459228515625,3.243330240249634,10.59573745727539,7.620028018951416,12.0558500289917,-2.467771053314209,10.690134048461914,0.11732374794558072,0.04497735992717672,2013.174832270298,566.5602732510916
Waltz/Media-105101,Media-105101.wav,Waltz,Waltz,31.787936507936507,-149.24417114257812,92.87505340576172,102.51228332519531,38.75811004638672,8.751590728759766,21.132478713989258,34.96699905395508,23.34085464477539,-4.05875301361084,15.040848731994629,14.037235260009766,13.489604949951172,-20.32308006286621,18.009836196899414,8.412227630615234,10.479439735412598,0.454583078622818,12.35288143157959,-6.556675434112549,15.787483215332031,-7.338000297546387,12.552912712097168,-14.397892951965332,10.718027114868164,-14.654078483581543,11.655265808105469,0.06352827965211834,0.054400198617503656,1699.468618325751,815.2099083540434
Waltz/Media-105102,Media-105102.wav,Waltz,Waltz,31.787936507936507,-171.43626403808594,99.64964294433594,171.9186248779297,40.716426849365234,-18.727800369262695,16.63881492614746,33.20674514770508,12.373664855957031,-1.848107099533081,11.173786163330078,-0.30745863914489746,7.577808856964111,-4.540461540222168,7.390746593475342,-2.1244711875915527,6.569145202636719,0.5133137702941895,6.553689002990723,2.9331982135772705,7.049005508422852,-9.424457550048828,7.2350873947143555,-7.118139743804932,6.379319667816162,-2.1809113025665283,6.9369707107543945,0.04830952679875822,0.019423549560067987,984.3311720764881,437.41143271147797
Waltz/Media-105103,Media-105103.wav,Waltz,Waltz,31.787936507936507,-139.80105590820312,101.6025619506836,112.21692657470703,35.62018966674805,-24.128246307373047,19.359479904174805,35.25133514404297,13.448956489562988,0.9459093809127808,15.075037956237793,13.484332084655762,11.661258697509766,-0.4020008444786072,9.681326866149902,5.706824779510498,10.298253059387207,-0.6679274439811707,11.327993392944336,-7.271981716156006,13.330146789550781,-6.240093231201172,11.552288055419922,-8.183772087097168,9.422616004943848,-5.400065898895264,8.537198066711426,0.08626492307341124,0.054462165549856015,1669.8454750137043,595.2002449288796
Waltz/Media-105104,Media-105104.wav,Waltz,Waltz,31.787936507936507,-219.17945861816406,106.72335815429688,126.78392028808594,44.47150802612305,-8.685043334960938,23.116527557373047,27.74881362915039,14.618974685668945,17.592529296875,17.16851043701172,2.9110774993896484,15.977792739868164,7.348179817199707,13.543210983276367,-11.350579261779785,13.882660865783691,-6.900153636932373,9.94715404510498,0.36452049016952515,12.169099807739258,-17.205720901489258,12.098682403564453,-1.0390400886535645,11.378669738769531,-13.808565139770508,14.406678199768066,0.06662667206902849,0.049984396003183704,1443.4907009489725,868.0560006548994
Waltz/Media-105105,Media-105105.wav,Waltz,Waltz,31.787936507936507,-243.24888610839844,85.51251983642578,124.30042266845703,31.5968074798584,5.499592304229736,13.731071472167969,31.1446533203125,11.005289077758789,16.774311065673828,11.569547653198242,18.688770294189453,10.299394607543945,5.956834316253662,8.731203079223633,14.222639083862305,9.274660110473633,12.50060749053955,8.583833694458008,6.515576362609863,7.501527786254883,-10.814098358154297,8.507040977478027,-9.556065559387207,8.265795707702637,-10.129216194152832,7.621556758880615,0.031969760089481374,0.01613926656403558,1039.4080652333016,424.1339489302513
Waltz/Media-105106,Media-105106.wav,Waltz,Waltz,31.787936507936507,-197.03176879882812,92.23656463623047,126.39156341552734,31.509153366088867,-16.33430290222168,12.56102180480957,29.294130325317383,14.685986518859863,-8.664595603942871,9.469103813171387,2.116750478744507,9.265148162841797,-3.785487651824951,10.224040031433105,5.285171031951904,11.051474571228027,-2.596552610397339,10.295902252197266,-2.7078073024749756,10.384603500366211,-11.807317733764648,10.925216674804688,-2.087013006210327,11.497913360595703,2.924032211303711,13.62077808380127,0.08114207165357926,0.027426433429544456,1460.3720512329642,408.7300011719802
Waltz/Media-105210,Media-105210.wav,Waltz,Waltz,30.71950113378685,-186.93333435058594,100.46246337890625,131.33482360839844,33.372371673583984,-1.3142023086547852,13.576823234558105,20.613140106201172,11.959476470947266,5.961197853088379,9.952113151550293,0.5138363242149353,10.87670612335205,-4.316730976104736,9.535467147827148,-3.4841034412384033,9.777311325073242,6.30773401260376,7.955821514129639,-2.2249057292938232,7.775293827056885,-3.5262033939361572,7.424121379852295,-0.4037192761898041,5.986544132232666,-0.5422269105911255,8.624838829040527,0.0649838494425548,0.04394980879566408,1479.400788322977,526.3454629738551
Waltz/Media-105211,Media-105211.wav,Waltz,Waltz,30.71950113378685,-154.66409301757812,100.68144989013672,110.6061019897461,37.36307144165039,-22.72514533996582,14.547120094299316,9.125850677490234,12.444106101989746,1.4425172805786133,8.542051315307617,-7.012039661407471,9.3570556640625,-0.8649976253509521,8.542713165283203,-2.861215591430664,9.615113258361816,-0.2488761842250824,10.209160804748535,-4.655623912811279,11.078923225402832,-5.769233226776123,9.342719078063965,-4.419361114501953,11.028325080871582,-0.6339070796966553,10.322903633117676,0.10487528344671201,0.04456320141269286,1916.0073136192848,584.1317498503662
Waltz/Media-105212,Media-105212.wav,Waltz,Waltz,30.71950113378685,-181.36248779296875,89.2386245727539,111.96475982666016,26.548076629638672,-30.909160614013672,10.326672554016113,15.720412254333496,10.756932258605957,8.973458290100098,8.17822265625,-8.360389709472656,6.765732765197754,-0.6698741912841797,7.024401664733887,-1.286961555480957,7.719635963439941,0.33578306436538696,6.505588531494141,-8.481884956359863,5.3992390632629395,-7.373045444488525,5.864057540893555,-6.35443115234375,5.631481170654297,-3.19820499420166,4.970584392547607,0.0874979332010582,0.03306495220459268,1843.9648591216346,400.13666517711795
Waltz/Media-105213,Media-105213.wav,Waltz,Waltz,30.71950113378685,-189.9853057861328,92.72135162353516,108.82839965820312,28.231430053710938,-3.174391984939575,13.76423454284668,25.84160614013672,12.619163513183594,1.6348295211791992,13.032608985900879,-1.6047743558883667,9.56225299835205,-0.11749761551618576,11.921366691589355,1.180666446685791,11.555590629577637,-2.369396686553955,11.204885482788086,-12.110026359558105,7.379429817199707,-2.376302480697632,8.66580581665039,-6.8650593757629395,8.772299766540527,-9.637585639953613,8.238892555236816,0.0722124787414966,0.04822261529512815,1776.559560458722,557.67155149672
Waltz/Media-105214,Media-105214.wav,Waltz,Waltz,30.71950113378685,-255.95779418945312,86.35352325439453,141.82984924316406,35.88614273071289,29.305017471313477,16.376577377319336,20.64356231689453,13.9063081741333,3.822383403778076,13.517507553100586,4.071704864501953,10.271981239318848,2.0347537994384766,8.930159568786621,-2.4992995262145996,7.288697242736816,-3.6756768226623535,8.309985160827637,-4.346263885498047,6.701492786407471,-9.913250923156738,8.066690444946289,-4.6144280433654785,6.964596748352051,-7.551012992858887,7.370974063873291,0.03380212762188209,0.03527192748399538,1029.5322935487916,504.6500086543081
Waltz/Media-105215,Media-105215.wav,Waltz,Waltz,30.71950113378685,-204.5028533935547,89.04131317138672,123.597412109375,30.99196434020996,-14.343140602111816,19.177995681762695,7.032113552093506,15.829510688781738,11.545331954956055,14.381587028503418,0.5690128207206726,10.486932754516602,-7.409892559051514,8.419965744018555,-2.809152841567993,8.812761306762695,-0.8066112995147705,9.237550735473633,-6.229629993438721,8.864829063415527,-0.7751298546791077,9.227079391479492,-5.66324520111084,8.329682350158691,0.1075897067785263,7.09913444519043,0.06826046390778534,0.05862550260819521,1581.0553317547055,530.6677330441228
Waltz/Media-105301,Media-105301.wav,Waltz,Waltz,31.787936507936507,-256.2025146484375,90.60916137695312,165.9224395751953,44.59621810913086,-44.93431091308594,16.201601028442383,18.771390914916992,10.358046531677246,-10.823945999145508,12.044075012207031,-16.878934860229492,11.676814079284668,-16.561185836791992,10.63264274597168,-25.15211296081543,11.091741561889648,-13.368892669677734,9.602147102355957,-12.404084205627441,8.171177864074707,-14.848640441894531,8.455254554748535,-19.03799057006836,10.50875186920166,-15.946451187133789,11.593162536621094,0.04823355608564646,0.024718723496570352,911.6216482403661,404.1757665025554
Waltz/Media-105302,Media-105302.wav,Waltz,Waltz,31.787936507936507,-232.10043334960938,102.990966796875,144.01678466796875,50.17239761352539,24.40009307861328,27.76839828491211,27.395252227783203,19.78839874267578,-0.6531417965888977,14.692450523376465,12.445355415344238,16.14525032043457,20.608367919921875,15.557263374328613,0.2887320816516876,12.88949966430664,5.75361442565918,13.153127670288086,-1.4643491506576538,12.633541107177734,-16.76738929748535,12.534611701965332,-6.506155967712402,11.207237243652344,-10.49127197265625,15.023360252380371,0.04934101648100803,0.059666934868324806,1054.6849966309667,783.5963339925022
Waltz/Media-105303,Media-105303.wav,Waltz,Waltz,31.787936507936507,-280.4147644042969,67.49903106689453,120.04341888427734,34.596561431884766,-7.686392784118652,16.63456153869629,14.089210510253906,9.425152778625488,5.232789039611816,10.214892387390137,-5.20318078994751,11.229377746582031,-10.147539138793945,9.883895874023438,1.8501983880996704,11.2115478515625,-3.4775030612945557,15.505513191223145,-2.923929452896118,16.304502487182617,-7.408566951751709,19.844614028930664,-15.423577308654785,27.822301864624023,-18.015779495239258,20.83049774169922,0.11318459242604091,0.04860640300027552,1502.2024726695272,507.1383113047563
Waltz/Media-105304,Media-105304.wav,Waltz,Waltz,31.787936507936507,-230.3832244873047,89.20359802246094,124.17809295654297,37.19225311279297,20.981117248535156,21.284860610961914,53.159549713134766,19.82050132751465,6.829238414764404,15.634090423583984,12.373363494873047,14.495243072509766,-3.747422456741333,16.611095428466797,1.9294228553771973,12.261921882629395,-8.559310913085938,14.00307559967041,-4.786149501800537,17.606046676635742,-14.98612117767334,13.76349925994873,-1.2765357494354248,14.934317588806152,-5.579380035400391,13.655279159545898,0.04199504086011687,0.02282602267048557,1103.472238113145,543.2155309618922
Waltz/Media-105316,Media-105316.wav,Waltz,Waltz,31.787936507936507,-220.91116333007812,79.48625183105469,128.79013061523438,33.41341781616211,5.4132304191589355,17.141496658325195,37.51713562011719,13.674257278442383,10.597275733947754,12.45849895477295,0.6137655973434448,11.250452041625977,-18.447097778320312,12.313309669494629,-10.141706466674805,9.083260536193848,-12.183512687683105,11.844749450683594,-6.3965911865234375,13.982527732849121,-18.13518714904785,15.124822616577148,-8.67512321472168,13.921661376953125,3.5265698432922363,12.531787872314453,0.06000402323776479,0.029223028219753384,1152.2994231293453,425.5941721671473
Waltz/Media-105501,Media-105501.wav,Waltz,Waltz,31.787936507936507,-229.3448944091797,85.94104766845703,170.3583984375,42.246978759765625,-21.264041900634766,20.781267166137695,8.931295394897461,13.214147567749023,-2.8028604984283447,15.339160919189453,-10.009527206420898,12.892319679260254,-12.514698028564453,10.410968780517578,-14.680021286010742,11.803374290466309,-12.253437042236328,13.129006385803223,-7.1420817375183105,11.834465980529785,-8.358512878417969,11.49826431274414,-10.43055248260498,13.978707313537598,-8.793752670288086,11.405667304992676,0.05169254188732651,0.01688562502530849,881.5190256369954,287.46724442042307
Waltz/Media-105502,Media-105502.wav,Waltz,Waltz,31.787936507936507,-226.51666259765625,81.52143096923828,178.76951599121094,42.51748275756836,4.4557600021362305,16.029348373413086,19.224130630493164,10.679713249206543,9.010200500488281,13.011433601379395,-2.6108360290527344,8.760332107543945,-2.8653719425201416,9.039999008178711,3.1950128078460693,10.584508895874023,6.081553936004639,10.770170211791992,3.044905185699463,8.435775756835938,-4.092117786407471,9.464960098266602,0.485777348279953,10.402336120605469,-1.4027756452560425,8.960590362548828,0.045843510317750184,0.021829257476515634,798.4098030681718,337.4614998066008
Waltz/Media-105503,Media-105503.wav,Waltz,Waltz,31.787936507936507,-245.3327178955078,92.89319610595703,144.2226104736328,47.35751724243164,8.020132064819336,31.95370864868164,27.548364639282227,16.25811767578125,13.540350914001465,17.053991317749023,3.5075607299804688,15.124324798583984,4.397996425628662,11.377825736999512,4.011717319488525,12.948514938354492,0.34459736943244934,12.93250560760498,4.292016983032227,14.268760681152344,-9.241107940673828,12.338921546936035,-2.4537174701690674,9.763858795166016,-9.79258918762207,9.055425643920898,0.042465131939371806,0.038390894138380774,1088.5305959712496,722.2274509075735
Waltz/Media-105504,Media-105504.wav,Waltz,Waltz,31.787936507936507,-179.01596069335938,82.93148803710938,161.75228881835938,45.70012664794922,-1.7975717782974243,15.760552406311035,30.66860580444336,11.794540405273438,17.6411190032959,9.204157829284668,4.428100109100342,8.132112503051758,-2.2695131301879883,9.322171211242676,6.97836446762085,7.530898571014404,-0.7907561659812927,6.985730171203613,-8.193856239318848,7.8680620193481445,-6.235299587249756,10.320629119873047,2.428460121154785,6.9233222007751465,-1.418891429901123,6.888906002044678,0.045103063367421474,0.032708866304876585,959.2902306363741,502.7840671198556
Waltz/Media-105701,Media-105701.wav,Waltz,Waltz,31.787936507936507,-249.47288513183594,90.54322052001953,144.40150451660156,47.895179748535156,8.38581657409668,25.099279403686523,22.265926361083984,19.792442321777344,6.715813159942627,13.072728157043457,-10.797403335571289,11.622443199157715,-10.354121208190918,12.15868091583252,-7.048956394195557,16.33454132080078,-15.78600788116455,18.867633819580078,-15.223670959472656,16.13831329345703,-6.421029567718506,12.033989906311035,-3.358607530593872,11.058806419372559,-2.8076822757720947,10.314047813415527,0.0512966381711103,0.061648560575663064,961.8970543563354,601.086880903883
Waltz/Media-105702,Media-105702.wav,Waltz,Waltz,31.787936507936507,-132.68089294433594,95.86759185791016,134.02212524414062,39.57829284667969,0.9490187764167786,17.191669464111328,25.849599838256836,13.769436836242676,7.283160209655762,12.388908386230469,10.496813774108887,13.827132225036621,7.837079048156738,11.038398742675781,6.250452995300293,10.877936363220215,-1.728576421737671,12.30502986907959,3.976207971572876,10.82632064819336,1.4159380197525024,11.058314323425293,1.821146011352539,11.48661994934082,-2.700122594833374,11.129807472229004,0.0535286791225347,0.03795986607722571,1346.1042359498754,665.9611276954739
Waltz/Media-105703,Media-105703.wav,Waltz,Waltz,31.787936507936507,-245.67056274414062,101.27017211914062,171.51239013671875,41.15692901611328,8.701269149780273,20.382923126220703,27.953224182128906,13.964561462402344,7.453454494476318,9.754870414733887,7.865853786468506,9.052254676818848,-2.1299991607666016,7.539260387420654,0.17401742935180664,10.410263061523438,-2.578800916671753,9.970773696899414,-2.891906261444092,9.549972534179688,-3.2244200706481934,8.284037590026855,-2.9717459678649902,7.932719707489014,-2.697284460067749,9.992064476013184,0.035293211285609936,0.059598743263196655,788.3409609191273,579.8038294239071
Waltz/Media-105704,Media-105704.wav,Waltz,Waltz,31.787936507936507,-281.55267333984375,73.4813003540039,172.2790069580078,51.93913269042969,10.043116569519043,20.845369338989258,4.791416645050049,9.691965103149414,26.650455474853516,12.396672248840332,8.165728569030762,10.069643020629883,-5.330463409423828,8.505672454833984,-5.7787652015686035,8.968838691711426,-1.4291824102401733,8.622475624084473,-0.7618685364723206,8.661004066467285,-3.726527452468872,8.068825721740723,-3.7417831420898438,8.241521835327148,-4.534106254577637,8.12900447845459,0.04373844389152666,0.04453578814673265,657.3584072942847,454.08128080784763
Waltz/Media-105801,Media-105801.wav,Waltz,Waltz,31.787936507936507,-211.2093048095703,107.59520721435547,115.31979370117188,41.900691986083984,9.325582504272461,23.900371551513672,22.0565185546875,20.59161949157715,10.356239318847656,10.191339492797852,-0.3635105788707733,13.880799293518066,4.491326332092285,12.707132339477539,-4.004920482635498,12.466835975646973,-3.904613494873047,12.2431058883667,8.874238014221191,12.179519653320312,-18.35494041442871,9.530064582824707,-3.2942142486572266,10.067253112792969,-0.5248284935951233,9.568856239318848,0.0771987279720599,0.08794083819359512,1730.1346371756986,1111.3358139603151
Waltz/Media-105802,Media-105802.wav,Waltz,Waltz,31.787936507936507,-270.828125,80.49214172363281,174.40444946289062,48.49519348144531,-4.885735988616943,15.408377647399902,4.807436943054199,9.971417427062988,10.87098217010498,10.859964370727539,-3.954512119293213,14.78123950958252,-2.1942999362945557,15.369643211364746,0.03368320316076279,14.514225959777832,-1.449169397354126,15.447795867919922,-5.521688938140869,15.752702713012695,-4.96744966506958,15.604140281677246,-3.498525857925415,20.206268310546875,1.254927158355713,16.417869567871094,0.061553397781227176,0.04201033817615024,802.1334464468509,424.9960813616189
Waltz/Media-105803,Media-105803.wav,Waltz,Waltz,31.787936507936507,-284.1220703125,90.89405822753906,107.83560180664062,44.22642517089844,-3.3374557495117188,18.50183868408203,19.205080032348633,15.79492473602295,-6.001797676086426,16.392902374267578,-15.063806533813477,17.317697525024414,-5.545045375823975,15.932171821594238,-12.331557273864746,13.747233390808105,-20.776994705200195,15.230816841125488,-12.210134506225586,14.537745475769043,-20.043577194213867,15.692987442016602,-4.824709892272949,13.750008583068848,-11.00668716430664,18.45113754272461,0.07264583523557341,0.06261639722893307,1474.1782603269048,874.4433388528377
Waltz/Media-105804,Media-105804.wav,Waltz,Waltz,31.787936507936507,-277.7047424316406,100.47396850585938,131.25234985351562,44.399715423583984,12.269280433654785,18.253170013427734,9.62414264678955,12.76052474975586,-0.5543250441551208,12.659102439880371,9.864791870117188,14.450531005859375,-5.140562534332275,11.631386756896973,-16.132957458496094,10.384678840637207,-20.00409507751465,11.678780555725098,-13.598699569702148,10.604886054992676,-12.253823280334473,11.553008079528809,-5.792156219482422,13.36814022064209,-10.965804100036621,9.875316619873047,0.07009279127100074,0.051077568444181855,1099.9878166448325,644.3112159975627
Waltz/Media-105805,Media-105805.wav,Waltz,Waltz,31.787936507936507,-263.1308898925781,86.06586456298828,163.196533203125,44.601036071777344,13.251141548156738,24.8601016998291,32.48032760620117,14.149641036987305,15.312198638916016,9.684050559997559,-2.311372995376587,11.954087257385254,1.2878363132476807,8.681192398071289,3.818688154220581,8.06002426147461,-3.64935564994812,8.965778350830078,-5.104794502258301,8.853128433227539,-7.196035861968994,8.597549438476562,-4.082858562469482,8.17071533203125,-2.992650032043457,9.755926132202148,0.037495291955807156,0.03522799337587598,737.261668216959,458.0721906446806
Waltz/Media-105901,Media-105901.wav,Waltz,Waltz,31.787936507936507,-299.3852233886719,84.72356414794922,153.5181427001953,45.610260009765625,27.339149475097656,23.286128997802734,3.6072988510131836,18.382400512695312,0.5901898145675659,11.654614448547363,0.2733025848865509,11.89456558227539,2.4409255981445312,11.062361717224121,-3.6326212882995605,11.643527030944824,-0.9717981815338135,9.826292991638184,-0.8226954340934753,9.176986694335938,-5.315028667449951,13.811656951904297,-1.7509396076202393,15.475086212158203,-10.714741706848145,11.15114688873291,0.058744264746165085,0.049289544360345806,960.4626466361655,519.7863821032422
Waltz/Media-105902,Media-105902.wav,Waltz,Waltz,31.787936507936507,-308.4129943847656,110.54133605957031,103.37815856933594,50.59837341308594,10.966177940368652,30.077112197875977,26.81233787536621,20.785369873046875,8.408589363098145,15.518635749816895,-2.6098954677581787,16.525501251220703,5.164902687072754,13.656505584716797,-1.355972170829773,13.166778564453125,-4.086286544799805,13.362831115722656,4.7302327156066895,15.85789680480957,-12.793031692504883,11.612356185913086,2.7652411460876465,11.390166282653809,-7.57603120803833,14.12678050994873,0.07771090611303871,0.08845002384287512,1829.8990302396526,1172.6234508830903
